timeframe,family,variant,n_members,n_trades,cagr,ann_vol,mean_member_corr,gross_pf,net_pf,sharpe,skew,ekurt,max_dd,n_obs,is_pf,oos_pf,is_sharpe,oos_sharpe,oos_trades,cost_R_mean,ftmo_pass_rate,dsr,oos_holds
H4,trend,0,5,2383,-0.008976562750144246,0.042840957395807955,0.1367153879490807,1.034136981109512,0.973078542706806,-0.14967267805655451,0.6027033759195918,3.8326130491303174,0.15577829211429703,2472,0.9170638095073111,1.0239206743865763,-0.4591543592202839,0.13366243415054174,1261,0.02830623944543383,0.0,0.0005483062083711051,False
H4,trend,1,5,1825,-0.010152267781778246,0.03686120431992246,0.11874087096931814,1.0080183509870828,0.9617304891835707,-0.20657269145356846,0.41052642946714574,3.383509200780233,0.14549980772308788,2472,0.9196976018591866,0.9996476014989986,-0.4305967635798433,-0.0019157887014818336,962,0.023729532874607804,0.0,0.00028807453125628856,False
H4,trend,2,5,1909,-0.0016805531812080776,0.04445000886552989,0.1150338970385908,1.0394207388280443,0.998233428826167,-0.00860134503120299,1.5571217766355063,7.362154196950852,0.11063730945907956,2472,0.9689134276952501,1.0255471415462893,-0.15131343625433866,0.12447483081099123,987,0.021925796166184147,0.0,0.002320637853248208,False
H4,macross,0,5,934,0.02960325325620694,0.0311032493544366,0.08790662104526314,1.2784718373958128,1.2224483916970135,0.7773272809140762,1.6945235844046966,9.343684995955568,0.08009639276148847,2461,1.055594512976607,1.3833752904692804,0.20676963771958287,1.271797460690889,492,0.026532190902433823,0.0,0.3502290789390683,True
H4,macross,1,5,638,0.015202508825442163,0.025920019865849884,0.0714854440268248,1.2063503163057798,1.156242155980191,0.4858836067059009,2.144525613780191,13.839933833706404,0.05857773599568042,2466,1.154602399140336,1.157625230425982,0.4684732129105685,0.5022961208564994,345,0.025926528295201607,0.0,0.09283985508943887,True
H4,macross,2,5,1166,0.056597546848728975,0.04387949618867672,0.08922784884713955,1.3628935020302142,1.2924568077383007,1.0418236758204789,2.4510605246585704,12.06459192844401,0.056859493148424575,2469,1.1809550882031783,1.3925189279721808,0.6596465078825865,1.3761780217413275,619,0.03564782242848322,0.0,0.6897106468474299,True
H8,trend,0,5,1203,-0.001565540934329479,0.02977111425934324,0.11586635784758756,1.0347124644670747,0.9932038957848996,-0.027913915088859105,0.8780016494709935,7.638562369534721,0.1260347083305795,2470,0.971370578394778,1.0135910877497323,-0.11932729599741497,0.05513766519470865,629,0.01941386936605744,0.0,0.001931101520507992,False
H8,trend,1,5,949,0.0019097504753524674,0.026333275050043414,0.11033625978837244,1.0540715080912568,1.0187299059456545,0.0720153289637706,0.40819345654348704,6.685618987588513,0.10176954042122487,2468,1.046572903947293,0.9940505667610403,0.17523131457452168,-0.023340735778639956,498,0.017291540763741772,0.0,0.004941772057038634,False
H8,trend,2,5,1003,-0.00306069659151742,0.03165488798753092,0.10632606677765036,1.0098357469195618,0.9828159320989376,-0.06286076567065997,1.84368036316076,12.132107469599896,0.14643195736502906,2462,1.0042093764592288,0.9656849214703028,0.01441408166981655,-0.13292213966734062,538,0.014854148403545969,0.0,0.0014177531685398666,False
H8,macross,0,5,488,0.008624330345722075,0.021244284351323205,0.08308259722532778,1.1639860874617372,1.1281492456117268,0.33885215323055884,2.656019276014651,21.844037718238475,0.044179284211528544,2463,1.0741391732488592,1.1725810293464223,0.19400206239446982,0.4625333066789137,266,0.017339550712645032,0.0,0.036751812429102665,True
H8,macross,1,5,337,0.006173229127534485,0.017589119065554396,0.028816401416355025,1.151763429188067,1.118124291937349,0.2928390448109528,2.3591337815181554,18.031627346391044,0.03977263647151236,2456,1.036945088251353,1.204021437281805,0.09784049093859444,0.47389245832529237,170,0.018068928787776783,0.0,0.02727056145662675,True
H8,macross,2,5,609,0.02774756242084364,0.030119662167921883,0.07539645704095296,1.3346953245954838,1.2867076529963162,0.7533634302501288,3.449203266738054,24.315607128471175,0.03676566310179921,2465,1.1216364850181084,1.4323057037336326,0.34473872251283916,1.0802022270649903,330,0.023453327548603888,0.0,0.3147751312208271,True
D1,trend,0,5,448,0.007795272778946316,0.017513472227811726,0.06551624942370873,1.1837924588119568,1.1487297735465387,0.3688214830194769,1.6569608345654179,17.252595818921982,0.043321548524656306,2462,0.9482301204103591,1.3639911637165525,-0.14382604904266144,0.8126686011207586,231,0.014516189041606387,0.0,0.046764564265132556,False
D1,trend,1,5,371,0.0007920014500997219,0.015832158199960315,0.0694548778221699,1.04533258171544,1.019036601905118,0.04852011456672982,0.5717624307144817,17.87441098988146,0.06608506334203135,2462,0.9540840766645231,1.074783491351113,-0.11893853851367778,0.1889902972733932,203,0.013107549728390986,0.0,0.004023355044465143,False
D1,trend,2,5,355,0.0010747205699659368,0.017709270736339947,0.047569259528626555,1.0471282948058294,1.025017688706892,0.058091870238147006,2.7365870667403005,26.582365721203065,0.07338718566376144,2462,0.8966693330392514,1.1438359465616592,-0.25389045855072706,0.31954356681080653,188,0.011758651773379255,0.0,0.004256565320293885,False
D1,macross,0,5,170,0.003212998631193953,0.011492399654188861,0.028939192091729366,1.1651522964861283,1.1355492926154849,0.232363176735103,2.7745220249904583,34.80953562135775,0.025723878008967943,2455,1.3221472761053974,0.9573450379914842,0.5446794617902471,-0.07410221527106593,83,0.013690969498837696,0.0,0.017366343234772964,False
D1,macross,1,5,131,-0.0029698984501096426,0.010860395733080863,0.023181289526625293,0.9003449113888098,0.8809048230247081,-0.21689385995069987,2.7745265152920573,35.548158755146275,0.06470327475711705,2305,0.9547083809477772,0.8282344714279026,-0.0719585611320556,-0.35191175580375766,74,0.013001255082226637,0.0,0.00048352776566401996,False
D1,macross,2,5,214,0.007419906906509732,0.016747160938532787,0.050288793353963954,1.2516736183477537,1.2153347161271464,0.3667350788176541,5.214107980051709,59.59995436084025,0.028156136034637794,2455,1.3251730819418652,1.1116388856617134,0.5691610785763207,0.1856401518204545,109,0.018238841429481813,0.0,0.039877229034836335,True
