n_trades,guard,gross_pf,net_pf,sharpe,skew,ekurt,max_dd,gross_R_mean,cost_R_mean,net_R_mean,risk_med,win_rate,n_obs,is_trades,oos_trades,is_pf,oos_pf,is_sharpe,oos_sharpe,net_win,net_loss,gross_win,gross_loss,is_win,is_loss,oos_win,oos_loss,ftmo_pass_rate,instrument,timeframe,family,variant,params,dsr,oos_holds
404,PASS,1.1234407457917275,1.0768181045440117,0.2297996883916233,1.1930810050959981,6.698883498370924,0.1068817309262662,0.05508770446431819,0.019926662462928322,0.03516104200138987,194.3174732142861,0.46782178217821785,1999,240,164,1.1076996005270805,1.0351006146085557,0.7112352896208073,0.24074906394073925,199.12320042125964,184.91813945269814,202.54786733283106,180.29243472924654,117.70343294277734,106.25934403765254,81.41976747848231,78.65879541504557,0.0,NAS100,H4,trend,0,"{'ema_trend': 200, 'ema_fast': 50, 'ema_pull': 20, 'swing': 5, 'k_atr': 0.5, 'R': 2.0, 'H': 24}",0.0009529923669491214,True
312,PASS,1.1753663607915474,1.1384487978913194,0.3830617817435391,0.9933991019945273,5.446094826653881,0.09889635122758664,0.0851187407936666,0.01666992043253926,0.06844882036112737,243.1924464285721,0.483974358974359,1998,183,129,1.1567492809631008,1.1137296141114144,1.0928225243996714,0.8075647003190445,175.60823405150097,154.25220209882923,177.99456916864733,151.43752204102333,102.52686888708301,88.63361367445148,73.08136516441796,65.61858842437776,0.0,NAS100,H4,trend,1,"{'ema_trend': 200, 'ema_fast': 50, 'ema_pull': 20, 'swing': 10, 'k_atr': 0.5, 'R': 1.5, 'H': 48}",0.003716672101783914,True
359,PASS,1.157229258885944,1.1230599604985139,0.3320999541146546,2.4776090008719462,12.124312925652918,0.13868625242901406,0.08381965536869164,0.01696622033821389,0.06685343503047776,234.06967857143172,0.4178272980501393,2009,216,143,1.1292454885005891,1.1137322576795479,0.8270308317941636,0.7207848374013491,219.0303756992315,195.02999252329,221.47584010465488,191.38458382729453,132.42263178960954,117.26646963667764,86.60774390962197,77.76352288661236,0.0,NAS100,H4,trend,2,"{'ema_trend': 100, 'ema_fast': 30, 'ema_pull': 10, 'swing': 5, 'k_atr': 1.0, 'R': 3.0, 'H': 48}",0.0020508410125926746,True
177,PASS,1.5194127084248827,1.4763889801597023,0.8466668757671295,2.4292971591459653,13.705032621460864,0.12789922360930536,0.268858927259556,0.017931796329542133,0.25092713093001384,208.6639285714282,0.4745762711864407,2004,104,73,1.3673727633335098,1.6455442614563804,2.3148242965417234,3.6931649312963044,137.64485272581808,93.23075055120563,139.20694770832512,91.61891758338369,77.52094133419632,56.69334903615346,60.12391139162175,36.53740151505217,0.0,NAS100,H4,macross,0,"{'fast': 10, 'slow': 30, 'ema_trend': 200, 'k_atr': 2.0, 'R': 2.0, 'H': 48}",0.07637440563316047,True
106,PASS,1.3987675711791192,1.3585506281131794,0.5152436214248564,3.3311703560370027,25.432490171979804,0.06703410708299706,0.2167833773514482,0.01818534122757049,0.19859803612387775,220.44932142857033,0.44339622641509435,1996,61,45,1.1216054273713147,1.7400541017919402,0.8387846758741296,4.053291377253181,79.76385857311897,58.71246674398794,80.60418021256487,57.62514221331136,40.6223705139435,36.2180580822878,39.14148805917547,22.494408661700138,0.0,NAS100,H4,macross,1,"{'fast': 20, 'slow': 50, 'ema_trend': 200, 'k_atr': 2.0, 'R': 2.0, 'H': 96}",0.008270282647255238,True
210,PASS,1.450049414796204,1.4014917857093847,0.7506900543401047,3.336495813395973,17.35394252205036,0.09745676556083895,0.2760843639152031,0.02383090346889318,0.2522534604463099,155.40042857142726,0.38095238095238093,2004,120,90,1.4280628759420442,1.366732850280791,2.476075811001115,2.163962504158419,184.91422419166423,131.94099749793918,186.80293986670424,128.82522344451158,106.78749837574779,74.77786880028215,78.12672581591644,57.16312869765701,0.0,NAS100,H4,macross,2,"{'fast': 10, 'slow': 30, 'ema_trend': 100, 'k_atr': 1.5, 'R': 3.0, 'H': 48}",0.04034709876836235,True
209,PASS,1.123484753429039,1.0925418579191029,0.20612131132799366,1.7724426450160402,14.595031317117156,0.15763857119998567,0.05733396778127854,0.013674743006918025,0.043659224774360524,299.9841071428582,0.47368421052631576,1997,118,91,1.085381952627115,1.1016618017820985,0.5906698361191147,0.6973220451530029,107.72640737043386,98.60162939259253,109.02149378960083,97.0386945233136,59.95266269166283,55.23646541804964,47.77374467877104,43.36516397454287,0.0,NAS100,H8,trend,0,"{'ema_trend': 200, 'ema_fast': 50, 'ema_pull': 20, 'swing': 5, 'k_atr': 0.5, 'R': 2.0, 'H': 24}",0.0007387226696528706,True
164,PASS,1.300868387696179,1.2711104986369164,0.5149473729764398,1.5683744567229385,12.447669631433298,0.10627824513455708,0.1421887394567865,0.012323232535431534,0.12986550692135496,333.32740178571385,0.4878048780487805,1997,92,72,1.2581799724056417,1.2884020093526622,1.7348427517049527,1.8776730886754789,99.85610758164174,78.55816444653954,100.82444811359736,77.50549484268439,56.551392225920495,44.94698172455739,43.30471535572126,33.611182721982125,0.0,NAS100,H8,trend,1,"{'ema_trend': 200, 'ema_fast': 50, 'ema_pull': 20, 'swing': 10, 'k_atr': 0.5, 'R': 1.5, 'H': 48}",0.009915398302338254,True
187,PASS,1.1137838206655053,1.091993949978214,0.18515351727903773,3.2703640609687223,24.375332627450078,0.10691530447699248,0.062439553443358865,0.011313585002703633,0.051125968440655215,362.9445714285721,0.40641711229946526,1987,113,74,0.9767553466747958,1.2723126707382355,-0.16248152566329357,1.62712844545466,113.48647840814816,103.92592230974564,114.29356709735328,102.61737060344518,61.931097513929295,63.40492296741821,51.555380894218864,40.52099934232741,0.0,NAS100,H8,trend,2,"{'ema_trend': 100, 'ema_fast': 30, 'ema_pull': 10, 'swing': 5, 'k_atr': 1.0, 'R': 3.0, 'H': 48}",0.0005657424451310725,False
82,PASS,1.7685427494332746,1.7307201935826333,0.7583658175184749,4.455459450910633,39.025562759383206,0.06168433594605327,0.3284507505140458,0.012038805541821587,0.31641194497222425,331.55724999999984,0.5,2005,45,37,1.7966198735047372,1.657172332148954,4.0801474720604896,3.49566538004555,61.452913019250175,35.507133531527785,61.97715597637444,35.04419443422268,33.64581095661455,18.72728419227621,27.807102062635625,16.77984933925158,0.0,NAS100,H8,macross,0,"{'fast': 10, 'slow': 30, 'ema_trend': 200, 'k_atr': 2.0, 'R': 2.0, 'H': 48}",0.038508856960812,True
52,PASS,1.3206386488233133,1.295248117462083,0.308071601471143,4.823799140583793,54.187093547834195,0.07096548262559876,0.1857953673015601,0.012602730860283885,0.1731926364412762,312.0117142857134,0.40384615384615385,2005,32,20,1.067555544004772,1.745234955938479,0.4802090488480533,4.054164595745975,39.50923307600322,30.503215981056858,39.792970292332384,30.131611192651263,21.62278497836645,20.254482401217146,17.886448097636773,10.248733579839714,0.0,NAS100,H8,macross,1,"{'fast': 20, 'slow': 50, 'ema_trend': 200, 'k_atr': 2.0, 'R': 2.0, 'H': 96}",0.0013607343247555475,True
97,PASS,1.5672546727808088,1.5287909368517698,0.6119200634572174,5.396422457183853,45.59450341093401,0.08875384835806609,0.3132832871985944,0.01614913267507326,0.2971341545235212,252.28039285714294,0.4020618556701031,2008,53,44,1.6025420050115566,1.442702945611146,3.140003404867521,2.414288727319441,83.32751030380251,54.50549731502095,83.95961774248397,53.57113888422032,47.044557441868776,29.356208632752512,36.28295286193374,25.14928868226844,0.0,NAS100,H8,macross,2,"{'fast': 10, 'slow': 30, 'ema_trend': 100, 'k_atr': 1.5, 'R': 3.0, 'H': 48}",0.012874511823996253,True
80,PASS,2.285963094675249,2.2472928219927777,1.074349460019686,4.569130419523543,40.95052468611005,0.040751499711032396,0.43245834386508586,0.008948706163218339,0.42350963770186745,570.6165803571448,0.6,1998,48,32,2.477725631853156,1.9494967217506851,6.311678902509628,4.620221787818305,61.04421685561048,27.163445839461083,61.49998040555692,26.90331289635006,37.94328387867222,15.31375524024161,23.100932976938264,11.849690599219468,0.0,NAS100,D1,trend,0,"{'ema_trend': 200, 'ema_fast': 50, 'ema_pull': 20, 'swing': 5, 'k_atr': 0.5, 'R': 2.0, 'H': 24}",0.20807070009285672,True
67,PASS,1.8106641196975608,1.7843249497739788,0.7820423121907577,3.3029817597336053,33.61132919962065,0.04888570419537187,0.33236017151529973,0.007999804445637202,0.32436036706966265,669.5033750000039,0.582089552238806,1987,40,27,1.784714304233655,1.7837389607312402,4.4150578472304645,4.2552276911859375,49.44023242120622,27.70808782753883,49.73712999590294,27.468998504377854,29.710308423777015,16.64709491782464,19.729923997429207,11.06099290971419,0.0,NAS100,D1,trend,1,"{'ema_trend': 200, 'ema_fast': 50, 'ema_pull': 20, 'swing': 10, 'k_atr': 0.5, 'R': 1.5, 'H': 48}",0.050677261360724944,True
63,PASS,1.761816427826758,1.73755470434841,0.6337730633786584,6.904331542569857,80.42109497290308,0.045496012600614824,0.33736994756687205,0.00800907005568768,0.32936087751118426,661.5710714285706,0.5079365079365079,1987,38,25,1.4647397010747374,2.2170801749534665,2.4929948803962034,5.163787133424313,48.88288277839399,28.133147495189377,49.15381886310889,27.89951216639595,26.264916840470125,17.931456914288948,22.617965937923863,10.201690580900433,0.0,NAS100,D1,trend,2,"{'ema_trend': 100, 'ema_fast': 30, 'ema_pull': 10, 'swing': 5, 'k_atr': 1.0, 'R': 3.0, 'H': 48}",0.013096670431732314,True
26,PASS,1.280299254045748,1.2609408069003647,0.1866859300781895,7.193020455946403,127.61193709003977,0.03972013629693018,0.14589778344171467,0.008738897120792134,0.13715888632092257,518.6991785714281,0.38461538461538464,1989,15,11,1.8976445563915756,0.6944985177623175,4.3345624049229246,-2.5440881722389688,17.23256783782583,13.666436793481845,17.326529899357435,13.533187529872855,12.209770189973504,6.434171325103541,5.022797647852326,7.232265468378306,0.0,NAS100,D1,macross,0,"{'fast': 10, 'slow': 30, 'ema_trend': 200, 'k_atr': 2.0, 'R': 2.0, 'H': 48}",0.00043770102912881175,False
16,PASS,3.140347014274885,3.0987781852390452,0.735273687644425,9.735538104025137,140.4072739823928,0.020586655094368227,0.8026301303530818,0.008795712792616029,0.7938344175604657,506.16560714285697,0.625,1801,9,7,3.5635847976308557,2.6339908012808864,9.614689847662163,6.989530415221295,18.753133937672498,6.051783256705045,18.84208208564931,6.0,10.782798361808364,3.0258290384943245,7.9703355758641345,3.0259542182107206,0.0,NAS100,D1,macross,1,"{'fast': 20, 'slow': 50, 'ema_trend': 200, 'k_atr': 2.0, 'R': 2.0, 'H': 96}",0.023522294983791978,False
33,PASS,1.2390553425398023,1.2191659706701732,0.17300314871863828,9.23558579027734,140.6740686010954,0.06957216404522179,0.155678608779689,0.011390025061012178,0.14428858371867684,391.67378571428526,0.3333333333333333,1990,18,15,1.449118738007645,0.9774189710119995,2.4441481597673205,-0.15136231450104937,26.487173682607633,21.7256504198913,26.627790560891484,21.490396471161752,16.13511965367062,11.134435868143125,10.352054028937015,10.591214551748173,0.0,NAS100,D1,macross,2,"{'fast': 10, 'slow': 30, 'ema_trend': 100, 'k_atr': 1.5, 'R': 3.0, 'H': 48}",0.0003382043614010844,False
393,PASS,1.2181099348147322,1.1678025205099165,0.4811920186814972,1.250650252824383,6.678652328248395,0.13647535089317037,0.09181247966134962,0.019408644374623883,0.07240383528672574,326.9685714285697,0.48854961832061067,1907,218,175,1.065758210275805,1.3036518880793448,0.4378762463429529,1.8281364389915242,198.02729283561928,169.5725855679361,201.5140375343837,165.4317330274733,103.20222238400983,96.83455533249176,94.82507045160949,72.73803023544434,0.0,US30,H4,trend,0,"{'ema_trend': 200, 'ema_fast': 50, 'ema_pull': 20, 'swing': 5, 'k_atr': 0.5, 'R': 2.0, 'H': 24}",0.009191934641783776,True
302,PASS,1.1685077744543129,1.131117232585827,0.362253487832759,0.9692918941997236,5.551065227351961,0.13876171090995315,0.08039286104002126,0.01664602275552663,0.06374683828449465,389.24208928571534,0.46688741721854304,1907,165,137,1.0031723863319577,1.2988483973901381,0.023369162612146242,1.944314413477073,166.07850895796633,146.82696379604897,168.35890450105404,144.08026046696762,83.5562729078105,83.29203838368122,82.52223605015584,63.53492541236777,0.0,US30,H4,trend,1,"{'ema_trend': 200, 'ema_fast': 50, 'ema_pull': 20, 'swing': 10, 'k_atr': 0.5, 'R': 1.5, 'H': 48}",0.003785479263052519,True
324,PASS,1.1453230964712646,1.1146263112206583,0.29669660311466195,2.666875845596892,13.31797884011754,0.14832466218789386,0.07674823526505321,0.015173381108495447,0.061574854156557786,389.7076428571454,0.4012345679012346,1910,179,145,1.057842692966402,1.186032997361849,0.36805531928621876,1.147044407798552,193.99626831046436,174.04601556373962,195.977757599417,171.11132937353975,102.55784245123917,96.94999373077533,91.43842585922519,77.09602183296428,0.0,US30,H4,trend,2,"{'ema_trend': 100, 'ema_fast': 30, 'ema_pull': 10, 'swing': 5, 'k_atr': 1.0, 'R': 3.0, 'H': 48}",0.0018902310625554168,True
151,PASS,1.3409487860146956,1.300816191445001,0.5422398649623557,2.4893483041524673,16.129248519361564,0.10670982551310215,0.1834435910573697,0.01850239058704861,0.1649412004703211,322.7860714285707,0.4370860927152318,1884,86,65,1.2399415800399274,1.373441029191813,1.5463824289610602,2.376186413346455,107.70126986783899,82.79514859682052,108.94380356794404,81.24382131828122,55.84853883720544,45.04126624692032,51.852731030633564,37.7538823499002,0.0,US30,H4,macross,0,"{'fast': 10, 'slow': 30, 'ema_trend': 200, 'k_atr': 2.0, 'R': 2.0, 'H': 48}",0.013051185212845392,True
113,PASS,1.3752896047739835,1.3362069675940764,0.5216561644038491,3.1022105554715975,21.598589527836637,0.10626754177080669,0.21070941747029334,0.01833114958600264,0.19237826788429072,357.5428571428565,0.4247787610619469,1885,59,54,1.5254410074622002,1.1653231052510533,3.0807302431025643,1.134329016540979,86.39755972168419,64.65881545075936,87.2549382133354,63.44477403919225,46.80362607461657,30.68202955450989,39.59393364706762,33.97678589624947,0.0,US30,H4,macross,1,"{'fast': 20, 'slow': 50, 'ema_trend': 200, 'k_atr': 2.0, 'R': 2.0, 'H': 96}",0.01061525066316444,True
191,PASS,1.5122653676276931,1.4600164430664149,0.8085055112019952,3.283292565445041,18.106519876543285,0.10226059850634082,0.3047571127237865,0.02426996348306258,0.280487149240724,244.02621428571,0.38219895287958117,1884,114,77,1.403944296814939,1.5364753271882625,2.3059798308191013,2.984090345287417,170.03202498811746,116.45897948313919,171.83840318102742,113.62979465078418,94.32639529186804,67.18670783866696,75.70562969624945,49.27227164447225,0.0,US30,H4,macross,2,"{'fast': 10, 'slow': 30, 'ema_trend': 100, 'k_atr': 1.5, 'R': 3.0, 'H': 48}",0.063144948440873,True
191,PASS,1.280316519623299,1.2449454709911612,0.4783500864770693,2.3287995932704777,16.441990772422663,0.12076271371151653,0.11966340873896482,0.013320064271829704,0.10634334446713511,520.278035714291,0.4712041884816754,1886,100,91,1.347412101464432,1.1447326035054903,2.0319147394865165,0.9426553267712006,103.23443795462252,82.92285916139974,104.39108079996207,81.53536973081978,55.244415237797135,41.00038524053247,47.9900227168254,41.92247392086726,0.0,US30,H8,trend,0,"{'ema_trend': 200, 'ema_fast': 50, 'ema_pull': 20, 'swing': 5, 'k_atr': 0.5, 'R': 2.0, 'H': 24}",0.008418036676318012,True
156,PASS,1.078346151228653,1.0543811104691243,0.1124603563851726,1.354049012895964,13.595442127154914,0.14068036579432444,0.03826958812483382,0.011367774611404249,0.026901813513429566,629.5175535714279,0.46153846153846156,1886,83,73,1.2911793198486272,0.8381474053367777,1.8729896536829735,-1.3016882986366851,81.3683859478434,77.17170303974838,82.17106439754153,76.20100865006745,47.55971444015211,36.83432170035672,33.80867150769128,40.33738133939167,0.0,US30,H8,trend,1,"{'ema_trend': 200, 'ema_fast': 50, 'ema_pull': 20, 'swing': 10, 'k_atr': 0.5, 'R': 1.5, 'H': 48}",0.00043941319691453946,False
170,PASS,1.145487317993752,1.122488722274107,0.2317820667650687,3.4881316073169226,27.922623252842474,0.10415908801636146,0.07421778831837578,0.010959070156228995,0.06325871816214677,554.4422142857147,0.4294117647058823,1897,92,78,1.179006935415778,1.0612238940806678,1.0786972021065124,0.40483516533540337,98.54967370641897,87.79569161885402,99.33952455994971,86.72250054582582,53.841607762918535,45.666913523228125,44.70806594350044,42.12877809562589,0.0,US30,H8,trend,2,"{'ema_trend': 100, 'ema_fast': 30, 'ema_pull': 10, 'swing': 5, 'k_atr': 1.0, 'R': 3.0, 'H': 48}",0.001070383131425377,True
86,PASS,1.2356195617196681,1.2123534128543823,0.301819761993435,3.056800787178742,31.335708962089843,0.08075828745192588,0.12852457302437512,0.01135625499870545,0.11716831802566967,488.3321071428618,0.43023255813953487,1869,44,42,1.252706877408155,1.1749989421077411,1.6255396041814962,1.1888257630236914,57.52791592167306,47.451440571465476,57.96396057743079,46.91084729733454,28.57433164303755,22.810070063762815,28.953584278635518,24.64137050770266,0.0,US30,H8,macross,0,"{'fast': 10, 'slow': 30, 'ema_trend': 200, 'k_atr': 2.0, 'R': 2.0, 'H': 48}",0.0021161705956549855,True
60,PASS,1.9007422265256628,1.8667464231893833,0.8121355760459426,4.677040158582372,39.774139322294864,0.05931420873957753,0.4503711132628315,0.012100546301443828,0.4382705669613876,508.3349999999991,0.5,1879,34,26,1.4819290311664641,2.5314252254304153,2.9315856990508666,6.984972696370028,56.63525049832878,30.339016480645522,57.02226679576989,30.0,28.474746368682073,19.21464912949905,28.160504129646704,11.12436735114647,0.0,US30,H8,macross,1,"{'fast': 20, 'slow': 50, 'ema_trend': 200, 'k_atr': 2.0, 'R': 2.0, 'H': 96}",0.058130070207859916,True
112,PASS,1.4747142184579438,1.442077107315005,0.6129212300598913,4.634630645363041,33.475802554317774,0.07893615302532113,0.2848898330542488,0.015454516478151286,0.26943531657609754,366.08295535714205,0.38392857142857145,1870,61,51,1.149038659297015,1.8163908961876638,0.9525545945377011,4.144522117398322,98.43804959999062,68.26129414346772,99.1221243651886,67.21446306311272,43.993636663630525,38.287342473355906,54.444412936360116,29.973951670111813,0.0,US30,H8,macross,2,"{'fast': 10, 'slow': 30, 'ema_trend': 100, 'k_atr': 1.5, 'R': 3.0, 'H': 48}",0.0171292649001952,True
72,PASS,1.1442296974662693,1.122178491938423,0.15982197414508095,3.20600115179828,46.30536022630379,0.105843659331498,0.06558390856767321,0.009431512906594195,0.056152395661079005,961.3114910714303,0.4861111111111111,1866,39,33,0.6279331927974001,2.0821188426849484,-3.3011977062744884,5.107771627076677,37.133677925632675,33.09070543803499,37.461771859535204,32.73973044266275,13.716517412613188,21.843912011574073,23.41716051301949,11.246793426460917,0.0,US30,D1,trend,0,"{'ema_trend': 200, 'ema_fast': 50, 'ema_pull': 20, 'swing': 5, 'k_atr': 0.5, 'R': 2.0, 'H': 24}",0.0006525506717934834,False
61,PASS,1.1216822789100958,1.1039062887688942,0.13393427571398858,2.2138485383234783,36.95692284785349,0.08189461455568714,0.06130481149396633,0.00855065372707674,0.05275415776688956,1087.1603571428532,0.4426229508196721,1863,33,28,0.7439530969009671,1.721260285738053,-2.235925695690409,4.008461990952779,34.18825250773042,30.970248883950166,34.47203486093683,30.732441359804888,14.554370369690291,19.563559087687658,19.633882138040132,11.406689796262505,0.0,US30,D1,trend,1,"{'ema_trend': 200, 'ema_fast': 50, 'ema_pull': 20, 'swing': 10, 'k_atr': 0.5, 'R': 1.5, 'H': 48}",0.0005534294429491676,False
62,PASS,0.8499929201073749,0.8383215612223583,-0.2176705979183988,5.071551495553722,82.07970894690196,0.10239484308705972,-0.08514184308424319,0.00740315836340531,-0.09254500144764852,1065.5718035714308,0.3709677419354839,1863,33,29,0.6270933415422473,1.0788882930373607,-3.182568633487763,0.5062390405950198,29.751110799779138,35.48890088953335,29.911506579920978,35.19030085114406,11.850015904171114,18.896733738278385,17.901094895608033,16.592167151254962,0.0,US30,D1,trend,2,"{'ema_trend': 100, 'ema_fast': 30, 'ema_pull': 10, 'swing': 5, 'k_atr': 1.0, 'R': 3.0, 'H': 48}",2.6444149518697302e-05,False
22,PASS,1.58071900728417,1.5576756905122982,0.3491457556132541,6.773422806972486,131.83213868096533,0.029882670657791325,0.26396318512916805,0.00843117185805904,0.2555320132711091,774.2182142857164,0.5454545454545454,1869,12,10,1.283532478674086,1.9683637668108773,1.822973044661397,4.628791999110576,15.702302007816291,10.080597715851892,15.8071900728417,10.0,7.759283974010957,6.045257212366335,7.943018033805333,4.035340503485557,0.0,US30,D1,macross,0,"{'fast': 10, 'slow': 30, 'ema_trend': 200, 'k_atr': 2.0, 'R': 2.0, 'H': 48}",0.002204808927152713,False
18,PASS,1.386837903474084,1.3660686363524555,0.23555026974068882,7.80997316780609,136.35769003104207,0.05898282412379128,0.21694959747681128,0.009658570528812022,0.20729102694799925,702.5285714285747,0.3888888888888889,1668,8,10,1.4471098083373903,1.3109665856705475,2.458289544957514,1.93349628392908,13.92396770175521,10.192729216691223,13.999999999999988,10.094907245417385,5.9698539872394445,4.1253635023718855,7.954113714515765,6.0673657143193385,0.0,US30,D1,macross,1,"{'fast': 20, 'slow': 50, 'ema_trend': 200, 'k_atr': 2.0, 'R': 2.0, 'H': 96}",0.0015279424722010478,False
28,PASS,1.0717003321788523,1.0538200367475077,0.044564007278470714,8.74780151308608,161.82839159090335,0.06187025678166237,0.046093070686404884,0.011122421856402878,0.034970648830002,642.1762767857181,0.35714285714285715,1883,16,12,0.6256201021748402,1.908150221251521,-3.337178526988796,4.184125608678114,19.172740015474886,18.193561848234832,19.29060597921934,18.0,7.58204930373441,12.119254604155088,11.590690711740477,6.074307244079742,0.0,US30,D1,macross,2,"{'fast': 10, 'slow': 30, 'ema_trend': 100, 'k_atr': 1.5, 'R': 3.0, 'H': 48}",0.00020226296378565928,False
516,PASS,1.1741512538210994,1.1169595486043002,0.35081624064767225,1.321716372494907,6.170959702752513,0.10113052617281285,0.07969785714398428,0.024584528375372543,0.055113328768611726,43.37637500000005,0.4728682170542636,2469,324,192,1.1109015379939082,1.1276077061002843,0.7388593719644326,0.8223152773336528,271.58645473553105,243.14797709092744,277.26419310258973,236.14009881629383,172.16459596023174,154.97736754521966,99.42185877529937,88.17060954570778,0.0,SPX500,H4,trend,0,"{'ema_trend': 200, 'ema_fast': 50, 'ema_pull': 20, 'swing': 5, 'k_atr': 0.5, 'R': 2.0, 'H': 24}",0.0010138902998501648,True
395,PASS,1.1074234584517628,1.0650727032328116,0.18907284111066322,0.9239953993104681,5.914531899745269,0.1235915987215937,0.05434002498517671,0.02067090739041287,0.03366911759476384,53.41264285714351,0.4582278481012658,2470,248,147,1.1071370780347576,0.9963959616772992,0.7750644301463124,-0.02689513916138344,217.6753422354299,204.37604078549816,221.27457643939408,199.81026657024927,140.32406636549217,126.74497959600158,77.3512758699377,77.63106118949658,0.0,SPX500,H4,trend,1,"{'ema_trend': 200, 'ema_fast': 50, 'ema_pull': 20, 'swing': 10, 'k_atr': 0.5, 'R': 1.5, 'H': 48}",0.00017953588272156209,False
397,PASS,1.2257118180252446,1.1846995569670886,0.46394980170755923,2.4632883338820006,13.225372982252441,0.09577217587689274,0.11598432593668942,0.019023315626655955,0.09696101031003343,51.652821428572224,0.4357682619647355,2468,245,152,1.1863684286297138,1.1821833854339654,1.1610646869332182,1.1690748740010837,246.90507185788778,208.41155076480447,250.04828732178115,204.00250992491544,148.65573402158822,125.30317769269149,98.24933783629956,83.10837307211301,0.0,SPX500,H4,trend,2,"{'ema_trend': 100, 'ema_fast': 30, 'ema_pull': 10, 'swing': 5, 'k_atr': 1.0, 'R': 3.0, 'H': 48}",0.0026759582826442604,True
191,PASS,1.6375955162790528,1.581576459591414,0.9345350698741969,2.7199981283363965,15.453887627500881,0.08238463764078456,0.31779901168585256,0.021538452769859825,0.29626055891599273,46.72649999999976,0.4816753926701571,2428,115,76,1.5394577531638185,1.6447211330151243,3.18938465579014,3.669856224455821,153.88297646585963,97.297209712905,155.90042378826394,95.20081255626611,89.85196349189593,58.36598198764244,64.0310129739637,38.93122772526258,0.0,SPX500,H4,macross,0,"{'fast': 10, 'slow': 30, 'ema_trend': 200, 'k_atr': 2.0, 'R': 2.0, 'H': 48}",0.09624696032359797,True
127,PASS,1.6631926935494479,1.61300528323762,0.8008691368211315,3.341147147793305,23.627044754891845,0.06274091864750221,0.35134802695251444,0.020008052276513137,0.3313399746760013,47.48978571428597,0.4645669291338583,2441,72,55,1.6044738012337378,1.6241028415499832,3.5470941174201145,3.6289969255995307,110.72587680392947,68.64570002007729,111.90360445694816,67.28240503397882,62.26935065324823,38.809827000831724,48.456526150681235,29.835873019245586,0.0,SPX500,H4,macross,1,"{'fast': 20, 'slow': 50, 'ema_trend': 200, 'k_atr': 2.0, 'R': 2.0, 'H': 96}",0.038855616606911704,True
238,PASS,1.5779806522556428,1.5152566139651829,0.8924825486929152,3.456153661798401,17.759957986090853,0.1188291550376184,0.34818810281167334,0.028802570786364196,0.3193855320253091,33.33048214285691,0.3865546218487395,2431,144,94,1.4784328614314681,1.5695996677518795,2.7465967999579717,3.125213648460095,223.539774846333,147.52601822430944,226.24513953933845,143.3763710701602,130.01022997390734,87.93786540163013,93.52954487242563,59.58815282267929,0.0,SPX500,H4,macross,2,"{'fast': 10, 'slow': 30, 'ema_trend': 100, 'k_atr': 1.5, 'R': 3.0, 'H': 48}",0.07015447894449729,True
255,PASS,1.1250612079816176,1.08865469698783,0.19765028575498006,1.8232544439504377,14.282102863628484,0.16418286146128122,0.0599186585004513,0.016632458079412996,0.043286200421038284,65.03514285714255,0.4627450980392157,2438,157,98,1.0463406530738086,1.1610925871913276,0.3252808592311419,1.0750521583384958,135.5432976037937,124.50531649642892,137.453496949921,122.17423903230593,82.23690823213337,78.594775029096,53.30638937166032,45.91054146733293,0.0,SPX500,H8,trend,0,"{'ema_trend': 200, 'ema_fast': 50, 'ema_pull': 20, 'swing': 5, 'k_atr': 0.5, 'R': 2.0, 'H': 24}",0.00020097024350927264,True
203,PASS,1.1974276334792637,1.1651898016261157,0.33463985654932316,1.4001041090698312,12.335442154470844,0.11162858899386016,0.09718259899258173,0.014582919436484465,0.08259967955609729,70.61894642857123,0.4827586206896552,2438,127,76,1.1034276480547087,1.277179675756294,0.7517512233552285,1.8360634479847786,118.27360749666393,101.50587254677619,119.65363144806494,99.92556385257083,72.19114089999607,65.42444448194286,46.082466596667885,36.08142806483333,0.0,SPX500,H8,trend,1,"{'ema_trend': 200, 'ema_fast': 50, 'ema_pull': 20, 'swing': 10, 'k_atr': 0.5, 'R': 1.5, 'H': 48}",0.0009126601864422293,True
216,PASS,1.0841062699519086,1.060950847787837,0.12238063501339312,3.218339762412266,26.005631030522895,0.16103307558510466,0.04638955582279808,0.012322766521527292,0.03406678930127078,77.01358928571403,0.4166666666666667,2459,131,85,1.1332433928215746,0.9599844829274599,0.8650203418196905,-0.28775044837166036,128.08564778529544,120.72722129622095,129.15685126699475,119.13670720927037,79.72775648742622,70.35360364106627,48.357891297869216,50.37361765515467,0.0,SPX500,H8,trend,2,"{'ema_trend': 100, 'ema_fast': 30, 'ema_pull': 10, 'swing': 5, 'k_atr': 1.0, 'R': 3.0, 'H': 48}",7.343781044552766e-05,False
94,PASS,1.699524939207191,1.6605024270243045,0.7147156390831839,4.030069586926076,38.157264126307886,0.05829205496066924,0.31336474696722505,0.013322546201356002,0.300042200765869,71.29389285714296,0.5212765957446809,2435,59,35,1.4652018666862399,2.0546637371440526,2.810128533612525,5.17013137417308,70.90474391388115,42.70077704188946,71.5652727055274,42.108986490608245,41.83613120395983,28.55315172275758,29.068612709921315,14.147625319131873,0.0,SPX500,H8,macross,0,"{'fast': 10, 'slow': 30, 'ema_trend': 200, 'k_atr': 2.0, 'R': 2.0, 'H': 48}",0.019527566134457868,True
54,PASS,1.7271489001797968,1.6917627247149514,0.566443628846085,5.164485596227983,60.35562615106186,0.059555230707026736,0.3780405794245635,0.013558919723929752,0.3644816597006336,70.85224999999991,0.46296296296296297,2452,38,16,1.7073739972859212,1.6530264444402485,4.023638197862709,3.5908670374021745,48.133975768648405,28.45196614481419,48.48848430357412,28.074293014647694,34.62412979738611,20.279171319479726,13.509845971262292,8.172794825334465,0.0,SPX500,H8,macross,1,"{'fast': 20, 'slow': 50, 'ema_trend': 200, 'k_atr': 2.0, 'R': 2.0, 'H': 96}",0.00492709576955106,False
111,PASS,2.0508873288608704,1.9947596605907434,0.9801415475340725,5.349871520897086,43.163124745243735,0.05685773684284508,0.5207675585001557,0.018272296486475454,0.5024952620136801,50.6967321428574,0.4774774774774775,2440,68,43,1.5054278221800976,2.9798193850337524,2.843623347872339,7.642441009703542,111.84777821161815,56.07080412809967,112.81128518943358,55.0060861959163,56.39575929905422,37.46161620514243,55.452018912563936,18.609187922957226,0.0,SPX500,H8,macross,2,"{'fast': 10, 'slow': 30, 'ema_trend': 100, 'k_atr': 1.5, 'R': 3.0, 'H': 48}",0.10332671031731189,True
97,PASS,1.1009218359225597,1.0811974030383948,0.11020187468924075,3.135421548719786,42.370129007341845,0.13218099692985258,0.048979126030872615,0.009144179541705938,0.03983494648916666,119.4166428571425,0.44329896907216493,2429,62,35,0.8003477038976469,1.8468285247105034,-1.6179474563869463,4.062682530920821,51.45159316693665,47.58760335748747,51.82676592543536,47.07579070044072,27.86511512123604,34.816261714170665,23.58647804570059,12.771341643316806,0.0,SPX500,D1,trend,0,"{'ema_trend': 200, 'ema_fast': 50, 'ema_pull': 20, 'swing': 5, 'k_atr': 0.5, 'R': 2.0, 'H': 24}",7.085003003162122e-05,False
81,PASS,0.9539415254354332,0.939784723019711,-0.0869740678331412,1.895073211017366,33.69727551258116,0.10179973537857,-0.026283961859394574,0.00837202455396397,-0.034655986413358555,120.69599999999991,0.41975308641975306,2412,51,30,0.7822170805977382,1.2736499729675166,-1.8753702847715525,1.8033397562052644,43.81118258166047,46.61831748114251,44.09486843674292,46.223869347353876,24.77370075385027,31.671132436687813,19.037481827810193,14.947185044454697,0.0,SPX500,D1,trend,1,"{'ema_trend': 200, 'ema_fast': 50, 'ema_pull': 20, 'swing': 10, 'k_atr': 0.5, 'R': 1.5, 'H': 48}",7.1778706493797385e-06,False
77,PASS,1.2775898951122882,1.2598006669353117,0.282217712284889,6.161156450134979,79.81605378438232,0.06840665527470237,0.14787217901012842,0.00817239864676401,0.13969978036336442,137.19296428571488,0.44155844155844154,2412,49,28,0.9122948569381228,2.1027416444069766,-0.6325037946687325,4.9853613488710184,52.161253657425846,41.40437056944678,52.40406940183095,41.01791161805105,26.746600598814968,29.317934213268373,25.414653058610877,12.08643635617842,0.0,SPX500,D1,trend,2,"{'ema_trend': 100, 'ema_fast': 30, 'ema_pull': 10, 'swing': 5, 'k_atr': 1.0, 'R': 3.0, 'H': 48}",0.00033800361558969323,False
32,PASS,1.5356828564435863,1.5134267751834192,0.3458368822406478,6.800608563313757,113.32820327350333,0.03361286328926553,0.2678414282217932,0.00882510488495702,0.25901632333683616,116.73139285714251,0.5,2437,22,10,1.4957572195595266,1.5665823911166994,2.990669351199235,2.9987171107175943,24.432055850300706,16.143533503521947,24.57092570309738,16.0,18.1226301238645,12.116023835205882,6.30942572643621,4.027509668316068,0.0,SPX500,D1,macross,0,"{'fast': 10, 'slow': 30, 'ema_trend': 200, 'k_atr': 2.0, 'R': 2.0, 'H': 48}",0.0005464030012309419,False
27,PASS,1.6000000000000012,1.5806483779119456,0.3690262837740824,7.538957293406517,114.11385670240382,0.03962831501170061,0.33333333333333404,0.008109144673725952,0.3252241886596081,116.90399999999954,0.4444444444444444,2270,18,9,1.255902662333906,2.4756592557649055,1.6643048796084445,6.627684782038157,23.903894089915756,15.122840996106339,24.000000000000018,15.0,13.936204365215442,11.096564075528836,9.967689724700318,4.026276920577503,0.0,SPX500,D1,macross,1,"{'fast': 20, 'slow': 50, 'ema_trend': 200, 'k_atr': 2.0, 'R': 2.0, 'H': 96}",0.0008969398037984832,False
38,PASS,1.6810096267620287,1.6522049334538835,0.4214020663889729,9.359303996287455,135.4547690279507,0.03311863465292288,0.3791275122947577,0.011670095583424156,0.3674574167113337,87.548544642857,0.42105263157894735,2438,25,13,1.8763387087998349,1.21213988923512,4.363790648037814,1.211479876967014,35.372882313790875,21.409500478760194,35.56197294418006,21.15512747697927,26.6156174545462,14.18486829148794,8.757264859244673,7.224632187272254,0.0,SPX500,D1,macross,2,"{'fast': 10, 'slow': 30, 'ema_trend': 100, 'k_atr': 1.5, 'R': 3.0, 'H': 48}",0.0007285810877274296,False
524,PASS,0.9267313148884594,0.8751062889767446,-0.4292658198685892,1.1941443203042676,6.14309653571558,0.34484765204014856,-0.037012417557412934,0.028263965051538782,-0.06527638260895173,168.6190267857155,0.4122137404580153,2457,328,196,0.9541858575030933,0.7495659537972444,-0.3309151571298226,-2.001245154472991,239.66664755782006,273.8714720449107,245.30939460826113,264.7039014083455,160.330142793298,168.02821120494153,79.33650476452203,105.84326083996918,0.0,GER40,H4,trend,0,"{'ema_trend': 200, 'ema_fast': 50, 'ema_pull': 20, 'swing': 5, 'k_atr': 0.5, 'R': 2.0, 'H': 24}",3.712508213196103e-08,False
388,PASS,0.9362992917833335,0.8910539279435163,-0.33800424075306656,0.7732420447991181,6.287400456071116,0.2537824805685841,-0.03401885410653716,0.025857500863107435,-0.05987635496964458,190.17419642857203,0.42010309278350516,2456,246,142,0.945926026850942,0.8005870780968403,-0.4148011854743853,-1.6354953317608063,190.0113275170176,213.2433532452397,194.00898358571553,207.2082989790519,125.5567691043535,132.7342366530936,64.4545584126641,80.50911659214611,0.0,GER40,H4,trend,1,"{'ema_trend': 200, 'ema_fast': 50, 'ema_pull': 20, 'swing': 10, 'k_atr': 0.5, 'R': 1.5, 'H': 48}",1.3726819554238018e-07,False
412,PASS,1.006044973130496,0.9663151730221001,-0.09312031266483824,2.6152618713136953,14.23289019397117,0.21157519262135696,0.0033990426692629113,0.022832593365353593,-0.019433550696090676,200.72192857142727,0.36893203883495146,2451,251,161,0.9774446300467851,0.9497848436579285,-0.15046004231210838,-0.35100824573079525,229.68564408083847,237.6922669676278,233.06488935908288,231.66448377934654,138.84808771180454,142.05212596559932,90.83755636903389,95.64014100202851,0.010638297872340425,GER40,H4,trend,2,"{'ema_trend': 100, 'ema_fast': 30, 'ema_pull': 10, 'swing': 5, 'k_atr': 1.0, 'R': 3.0, 'H': 48}",5.88271281569435e-06,False
220,PASS,0.8734761797872952,0.8353798517928211,-0.3936171940078651,1.874616475872186,15.212044990149135,0.30211496381867214,-0.08110337578910248,0.02757648170291704,-0.10867985749201954,161.07253571428646,0.3181818181818182,2450,138,82,0.8454898784603151,0.8181394269898803,-1.246210264590096,-1.4558580425266574,121.3312716051218,145.24084025336612,123.18005163980277,141.0227943134053,77.40706996303142,91.55292326384092,43.92420164209039,53.68791698952518,0.0,GER40,H4,macross,0,"{'fast': 10, 'slow': 30, 'ema_trend': 200, 'k_atr': 2.0, 'R': 2.0, 'H': 48}",8.710849162383623e-08,False
146,PASS,0.9425038533482616,0.8990011122116641,-0.19571426377922352,2.532656909203161,21.655924270813397,0.20686505697395444,-0.038202199120222526,0.031040755341611145,-0.06924295446183366,174.61625000000004,0.3287671232876712,2421,92,54,0.8244256040257507,1.0302938280759133,-1.4350885864006488,0.22311850933447025,89.98540664974612,100.09487800117385,91.42934628142443,97.00686735297693,52.627730214486164,63.835632903078,37.35767643525997,36.25924509809585,0.0,GER40,H4,macross,1,"{'fast': 20, 'slow': 50, 'ema_trend': 200, 'k_atr': 2.0, 'R': 2.0, 'H': 96}",1.8042685014031464e-06,False
274,PASS,0.8846493162469862,0.8396547437367883,-0.4005712490330892,2.962556055884709,18.540264495649023,0.3757793382477781,-0.0842431775935528,0.03726384192824316,-0.12150701952179595,120.27613392857165,0.25547445255474455,2450,170,104,0.8789507386499461,0.7795914456797448,-0.9039890911201127,-1.7257275690675042,174.33980695344917,207.63273030242124,177.0256817448436,200.10831240547708,110.32172231479672,125.51525070022589,64.01808463865243,82.11747960219535,0.0,GER40,H4,macross,2,"{'fast': 10, 'slow': 30, 'ema_trend': 100, 'k_atr': 1.5, 'R': 3.0, 'H': 48}",1.1376555941067597e-07,False
274,PASS,0.863946220171536,0.8344426428159152,-0.4178822665735384,1.7913923991275347,14.798885161275923,0.2449212395344597,-0.07040675020581111,0.01696022671155502,-0.08736697691736614,235.28832142857118,0.40145985401459855,2451,174,100,0.8017028271517991,0.8969172085817171,-1.5406339608378241,-0.7413729132680014,120.65515338566662,144.59370506102493,122.50137369860896,141.7928232550012,76.06125679996825,94.87462713608015,44.593896585698346,49.719077924944784,0.0,GER40,H8,trend,0,"{'ema_trend': 200, 'ema_fast': 50, 'ema_pull': 20, 'swing': 5, 'k_atr': 0.5, 'R': 2.0, 'H': 24}",5.869574914004355e-08,False
211,PASS,0.831394323920938,0.8058992161587651,-0.4779349641526846,0.7834013324027568,11.95038263071601,0.2375869062515011,-0.09578608412827402,0.016414850382876333,-0.11220093451115032,266.81214285714304,0.4075829383886256,2451,137,74,0.7241037500549784,0.9841937906741157,-2.451237742623533,-0.11927779866864278,98.2952142403106,121.96961142216334,99.65973741178351,119.87060116284931,60.54340498819459,83.61150592521825,37.751809252116004,38.35810549694507,0.0,GER40,H8,trend,1,"{'ema_trend': 200, 'ema_fast': 50, 'ema_pull': 20, 'swing': 10, 'k_atr': 0.5, 'R': 1.5, 'H': 48}",1.493789307154926e-08,False
207,PASS,0.8645147871071349,0.8420877021589109,-0.3349218873456141,3.381154665799489,31.273819279094525,0.24228087909633908,-0.07726836563132132,0.014258036656118744,-0.09152640228744005,288.64421428571586,0.357487922705314,2442,126,81,0.8098746384954763,0.8941623045217192,-1.414901266666615,-0.7417803748269887,101.03180423857361,119.97776951207373,102.05930337472952,118.05385506041301,60.03168273351017,74.12466063270297,41.000121505063454,45.85310887937075,0.0,GER40,H8,trend,2,"{'ema_trend': 100, 'ema_fast': 30, 'ema_pull': 10, 'swing': 5, 'k_atr': 1.0, 'R': 3.0, 'H': 48}",3.2300992769494043e-07,False
102,PASS,1.3733962475847719,1.335499747302799,0.4311509224285135,3.5045640268272136,33.52498674898649,0.09791732620984163,0.20135462282064678,0.01719241197313767,0.1841622108475092,240.03460714285848,0.45098039215686275,2421,66,36,1.1932177768638665,1.6282949944053813,1.281581053203612,3.587903957791438,74.77429112462158,55.989745618175654,75.54186173764369,55.0036902099377,44.95995723873362,37.67959052445719,29.814333885887976,18.310155093718468,0.0,GER40,H8,macross,0,"{'fast': 10, 'slow': 30, 'ema_trend': 200, 'k_atr': 2.0, 'R': 2.0, 'H': 48}",0.0018967871042365539,True
86,PASS,1.4651976627685004,1.4300106083198734,0.501276523345459,4.122208357049808,36.23003552283553,0.08124732540601416,0.2650966874062076,0.016231138619991353,0.24886554878621628,245.99125000000004,0.4186046511627907,2403,51,35,1.4125628660302854,1.4553164486552375,2.5567957360121127,2.7969255837945237,71.17431905508238,49.77188185946777,71.80611748046198,49.007802363528114,41.614060779802486,29.459970795317705,29.560258275279885,20.311911064150056,0.0,GER40,H8,macross,1,"{'fast': 20, 'slow': 50, 'ema_trend': 200, 'k_atr': 2.0, 'R': 2.0, 'H': 96}",0.0034137164782816966,True
133,PASS,1.1754138258925408,1.1353622974763982,0.2054322415575203,4.633799020990061,37.773955618015165,0.2373750593917555,0.11789946657403923,0.024562265001836545,0.09333720157220268,170.79128571428555,0.3157894736842105,2421,86,47,0.9720221278335381,1.458695008107358,-0.19516265269553382,2.6216205516173994,104.12215980245873,91.70831199335576,105.07283616550879,89.39220711116155,59.22394712062337,60.92859969414776,44.89821268183534,30.779712299207986,0.0,GER40,H8,macross,2,"{'fast': 10, 'slow': 30, 'ema_trend': 100, 'k_atr': 1.5, 'R': 3.0, 'H': 48}",0.0001793176147750277,False
101,PASS,0.910416521561598,0.8847215640468111,-0.17538579207669835,2.808898432568864,42.97039801979066,0.15637622918307192,-0.046372366277822444,0.014380516463150535,-0.06075288274097298,443.416464285714,0.39603960396039606,2432,63,38,0.7041490749838671,1.2595625271611823,-2.4590784271369404,1.5991766648907537,47.09196376968529,53.22800492652356,47.59845323106926,52.28206222512932,25.295044768737796,35.92285450253178,21.796919000947497,17.305150423991783,0.0,GER40,D1,trend,0,"{'ema_trend': 200, 'ema_fast': 50, 'ema_pull': 20, 'swing': 5, 'k_atr': 0.5, 'R': 2.0, 'H': 24}",2.319687422201548e-06,False
79,PASS,1.0364885574757312,1.0107681442904453,0.014243375607178841,2.047715070723464,39.20973949341542,0.1017595105067932,0.01813774306846812,0.012705845977081402,0.005431897091386708,466.1471071428605,0.4430379746835443,2442,52,27,0.826180843560924,1.5285730654614185,-1.4119233874788255,3.038943780608394,40.27998540889183,39.85086553867228,40.70222534149398,39.26934363908499,24.271653263314427,29.37813609754145,16.008332145577402,10.47272944113083,0.0,GER40,D1,trend,1,"{'ema_trend': 200, 'ema_fast': 50, 'ema_pull': 20, 'swing': 10, 'k_atr': 0.5, 'R': 1.5, 'H': 48}",2.2802905952909533e-05,False
77,PASS,1.085527464989948,1.063575702129587,0.07453494017153088,5.916626551403603,86.85301834831809,0.11395291638696056,0.04658208079148099,0.011502706780571099,0.03507937401090989,484.61085714285946,0.42857142857142855,2442,52,25,0.7441208947337518,2.1809245402505892,-2.0409856331237193,5.031480544972285,45.187654744671214,42.48654294583115,45.5244623732702,41.937642152326156,24.585908151652347,33.040206672934836,20.601746593018866,9.446336272896318,0.0,GER40,D1,trend,2,"{'ema_trend': 100, 'ema_fast': 30, 'ema_pull': 10, 'swing': 5, 'k_atr': 1.0, 'R': 3.0, 'H': 48}",4.077632296767307e-05,False
36,PASS,1.8672843199257756,1.8194172771834232,0.5169516552498227,6.966437030342501,102.33234115397035,0.03801642037217843,0.38658375085863456,0.014897570734326872,0.3716861801243077,392.24485714285674,0.5277777777777778,2436,21,15,2.5531511204606843,1.0780920133866987,6.880326129115424,0.5311197569518036,29.710236724305204,16.329534239830124,29.96367321573989,16.04665818482905,20.953168071527617,8.206787253449722,8.757068652777587,8.122746986380402,0.0,GER40,D1,macross,0,"{'fast': 10, 'slow': 30, 'ema_trend': 200, 'k_atr': 2.0, 'R': 2.0, 'H': 48}",0.002557720802137283,False
26,PASS,0.8441620997477921,0.8252773614794454,-0.1497809782480684,5.657928743534859,135.77804699305224,0.06141136993359532,-0.10788777709768242,0.014945295751823861,-0.1228330728495063,417.3890000000001,0.3076923076923077,2408,16,10,1.0947238885408697,0.4886859483470036,0.6598060709644636,-5.21215030841226,15.084795154034483,18.278455048121646,15.194917795460258,18.0,11.113409036095195,10.15179183758197,3.9713861179392858,8.126663210539675,0.0,GER40,D1,macross,1,"{'fast': 20, 'slow': 50, 'ema_trend': 200, 'k_atr': 2.0, 'R': 2.0, 'H': 96}",4.741508029669098e-06,False
45,PASS,1.2878323970397418,1.248810273640083,0.2095276727219661,8.00064428773368,123.53266250054365,0.0693951032329841,0.17269943822384506,0.0200944189014461,0.1526050193223989,289.83460714285684,0.4,2436,25,20,1.4333779979232415,1.0171076268197277,2.423179396247977,0.12027076968705887,34.46747632959043,27.60025046008248,34.77147472007303,27.0,22.020605251884245,15.362734243018194,12.446871077706191,12.237516217064291,0.0,GER40,D1,macross,2,"{'fast': 10, 'slow': 30, 'ema_trend': 100, 'k_atr': 1.5, 'R': 3.0, 'H': 48}",0.000131801981842284,True
537,PASS,0.8860252504995951,0.800903246880282,-0.7191035866691012,1.1189569122748266,5.999630274911805,0.5723392488784934,-0.05730005215508807,0.04867257677758772,-0.10597262893267577,68.25450000000001,0.3947858472998138,2442,326,211,0.7990274827243758,0.803550981530607,-1.5559834690684549,-1.5302061065181671,228.92007035810744,285.82737209495434,239.20307344443907,269.97320145172137,133.67971549037853,167.30302571643995,95.24035486772891,118.52434637851442,0.0,UK100,H4,trend,0,"{'ema_trend': 200, 'ema_fast': 50, 'ema_pull': 20, 'swing': 5, 'k_atr': 0.5, 'R': 2.0, 'H': 24}",3.0287181519939264e-10,False
419,PASS,0.8036468111324608,0.7446517813545837,-0.9040540812615068,0.5839868199362346,5.210675652440868,0.5556771969066907,-0.1128614882528506,0.040603823418724,-0.1534653116715746,79.43464285714253,0.37708830548926014,2442,255,164,0.7267348242187617,0.7711257558541139,-2.3634917214534648,-1.9747542267007736,187.5187282507576,251.82069384114735,193.54727570435105,240.83623928229548,109.1420920790777,150.1814533195175,78.37663617167992,101.63924052162987,0.0,UK100,H4,trend,1,"{'ema_trend': 200, 'ema_fast': 50, 'ema_pull': 20, 'swing': 10, 'k_atr': 0.5, 'R': 1.5, 'H': 48}",5.220976400005669e-12,False
405,PASS,0.84366222700039,0.7887283226489101,-0.6450739504139229,2.3424937569262116,15.038829258768729,0.512089901499833,-0.08819228816255353,0.03595993407555301,-0.12415222223810651,83.34446428571482,0.36049382716049383,2439,251,154,0.6999735520389443,0.9316798646979065,-2.4208544469715605,-0.4720713241435943,187.71357319083177,237.99522319726495,192.74819403654016,228.4660707423743,102.77816270664016,146.83149442898082,84.93541048419164,91.16372876828416,0.0,UK100,H4,trend,2,"{'ema_trend': 100, 'ema_fast': 30, 'ema_pull': 10, 'swing': 5, 'k_atr': 1.0, 'R': 3.0, 'H': 48}",2.751298387294627e-09,False
209,PASS,0.8125458314384163,0.7504661829876706,-0.6189951476087018,1.5639140023391835,15.715245212268862,0.37785031184850365,-0.12063191427441254,0.047589675746121926,-0.16822159002053447,66.30828571428538,0.3349282296650718,2417,131,78,0.5987010358139978,1.056277001128794,-3.8608059184643464,0.400085884623959,105.73767018316099,140.8959824974527,109.28517944070616,134.4972495240584,56.37651936269497,94.16472661692508,49.36115082046602,46.731255880527605,0.0,UK100,H4,macross,0,"{'fast': 10, 'slow': 30, 'ema_trend': 200, 'k_atr': 2.0, 'R': 2.0, 'H': 48}",2.946792795274377e-09,False
159,PASS,0.6863964757325249,0.6399775604151868,-0.8573054704490531,1.8388903807885486,20.094662376473604,0.43542309717474187,-0.22948965411659708,0.04615723988770537,-0.2756468940043024,66.80178571428587,0.2641509433962264,2421,99,60,0.665548923671931,0.5990133915876099,-3.1275443522967477,-3.872278839612795,77.9086006064768,121.73645675316088,79.86460463776177,116.3534596423007,49.882838185482996,74.94991939927131,28.025762420993786,46.78653735388956,0.0,UK100,H4,macross,1,"{'fast': 20, 'slow': 50, 'ema_trend': 200, 'k_atr': 2.0, 'R': 2.0, 'H': 96}",7.869073666770399e-11,False
275,PASS,0.8747534722810181,0.7971881815437271,-0.5311981163448872,2.733079306601852,17.762496890831894,0.45825810797797395,-0.0904737016595791,0.06579666711996046,-0.15627036877953956,49.73121428571358,0.26545454545454544,2425,170,105,0.6506934360149375,1.0609683944860409,-3.0674179956249676,0.4151169785387035,168.91838610693043,211.8927375213038,173.77009313153823,198.65036108792248,88.64611395678114,136.2332998157771,80.27227215014929,75.65943770552671,0.0,UK100,H4,macross,2,"{'fast': 10, 'slow': 30, 'ema_trend': 100, 'k_atr': 1.5, 'R': 3.0, 'H': 48}",1.9979204874298116e-08,False
281,PASS,0.8992572807599556,0.8407992918300036,-0.4095585568356795,1.5961739366499041,13.785675653681427,0.3639961449200807,-0.051949418691846404,0.033297488558884814,-0.08524690725073121,97.44596428571458,0.40213523131672596,2440,173,108,0.8322430972414272,0.8540564095285522,-1.2696924123643898,-1.1170357589045017,126.51216668541502,150.4665476228705,130.3038674078314,144.90165406024022,76.10578208701217,91.44657653427731,50.40638459840287,59.01997108859321,0.0,UK100,H8,trend,0,"{'ema_trend': 200, 'ema_fast': 50, 'ema_pull': 20, 'swing': 5, 'k_atr': 0.5, 'R': 2.0, 'H': 24}",6.598702284536831e-08,False
211,PASS,0.8464410000127517,0.7978221220519772,-0.49442014723485406,0.862654133622175,12.24468442069412,0.35116467831265885,-0.0847893366921983,0.03052423707136526,-0.11531357376356355,110.82058928571405,0.3886255924170616,2432,129,82,0.8002226814512436,0.794040867503243,-1.6614630130033365,-1.7079017952701074,96.01416902107925,120.34533308519119,98.61548375303137,116.50603379508522,58.90607614313598,73.61210511592458,37.108092877943285,46.73322796926662,0.0,UK100,H8,trend,1,"{'ema_trend': 200, 'ema_fast': 50, 'ema_pull': 20, 'swing': 10, 'k_atr': 0.5, 'R': 1.5, 'H': 48}",1.3372758131746746e-08,False
217,PASS,0.7725943327133346,0.7380784729005018,-0.6107456011040507,3.1657992398376287,29.94500612983769,0.42701568233851034,-0.13683526889134334,0.02484215021863031,-0.16167741910997369,118.46125000000029,0.33640552995391704,2433,132,85,0.7486133917360829,0.7225144167224358,-1.9577898945206405,-2.193012212944643,98.86451637167656,133.94851631854084,100.88068398341761,130.57393733283914,59.79912611985754,79.87985090833,39.06539025181903,54.068665410210855,0.0,UK100,H8,trend,2,"{'ema_trend': 100, 'ema_fast': 30, 'ema_pull': 10, 'swing': 5, 'k_atr': 1.0, 'R': 3.0, 'H': 48}",8.373330596726252e-09,False
119,PASS,0.7793059841329988,0.7405232334945308,-0.48599488054505513,2.4902986455457223,30.212848970479982,0.27845013599041046,-0.14486535924221547,0.031022460766843663,-0.1758878200090591,92.79278571428586,0.31092436974789917,2418,73,46,0.6228796161057566,0.9367691692255656,-3.4591914541013247,-0.47873822347981176,59.73418451365429,80.66483509473234,60.87359672166772,78.11257447149134,31.413199938096753,50.43221695789643,28.320984575557528,30.232618136835892,0.0,UK100,H8,macross,0,"{'fast': 10, 'slow': 30, 'ema_trend': 200, 'k_atr': 2.0, 'R': 2.0, 'H': 48}",3.6853545386801676e-08,False
81,PASS,0.8999207948276075,0.8562852206623174,-0.21271057030926024,3.182598933895367,41.335878470154384,0.17789595253231663,-0.06671947011492832,0.03224311002599072,-0.09896258014091905,99.21664285714269,0.3333333333333333,2411,50,31,0.9721976804348093,0.6895656045463184,-0.21020917979336023,-2.7300461686582747,47.760959647076845,55.77692863849129,48.595722920690804,54.0,31.987067732480337,32.90181449329762,15.773891914596504,22.875114145193656,0.0,UK100,H8,macross,1,"{'fast': 20, 'slow': 50, 'ema_trend': 200, 'k_atr': 2.0, 'R': 2.0, 'H': 96}",1.6845464293987188e-06,False
152,PASS,0.9625831416086587,0.9069130739166449,-0.16821918217748258,4.303234586154725,35.42435107524084,0.3067337520242413,-0.02626558273805447,0.04192752012122532,-0.06819310285927978,69.10068750000028,0.28289473684210525,2420,93,59,0.9019675433192677,0.9145247628325414,-0.707625210543555,-0.6069319041343417,100.98596342899806,111.35131506360858,102.70735844066628,106.69972701685056,60.87988240943567,67.49675513311253,40.10608101956238,43.85455993049606,0.0,UK100,H8,macross,2,"{'fast': 10, 'slow': 30, 'ema_trend': 100, 'k_atr': 1.5, 'R': 3.0, 'H': 48}",3.1473001317447254e-06,False
97,PASS,0.8360994581586357,0.781605885068375,-0.3470861274362574,2.2280103947543686,44.17287702039147,0.1698038695569375,-0.08578498046171056,0.033247654382860384,-0.11903263484457097,166.91905357142878,0.3917525773195876,2423,60,37,0.583120451453522,1.1354093720992058,-3.7397575207526748,0.9120513173832604,41.32231754535798,52.86848312528135,42.44832361753753,50.76946672232346,19.749263367046918,33.86823994565563,21.573054178311065,19.000243179625727,0.0,UK100,D1,trend,0,"{'ema_trend': 200, 'ema_fast': 50, 'ema_pull': 20, 'swing': 5, 'k_atr': 0.5, 'R': 2.0, 'H': 24}",2.2921059573197137e-07,False
82,PASS,0.7010222301874964,0.6618311836418197,-0.5575214553400094,0.5881798540852241,36.30943954153726,0.20473419579817526,-0.17443512872182054,0.02976568867533836,-0.20420081739715887,177.79974999999968,0.36585365853658536,2433,48,34,0.4760224580677182,1.0071330863750967,-5.61441148488827,0.051648582789666525,32.77064559349104,49.515112620058076,33.53827292569822,47.84195348088751,15.32424874425833,32.19228102485519,17.446396849232713,17.322831595202878,0.0,UK100,D1,trend,1,"{'ema_trend': 200, 'ema_fast': 50, 'ema_pull': 20, 'swing': 10, 'k_atr': 0.5, 'R': 1.5, 'H': 48}",4.466877443672677e-09,False
78,PASS,0.7460733675205069,0.7118205659496767,-0.41954169118291473,4.19593215209743,78.54929169613874,0.19735956822960424,-0.1518987927212178,0.025483638053599322,-0.1773824307748171,202.49108928571513,0.358974358974359,2433,45,33,0.6068689809137866,0.8513938830922133,-3.498474333776771,-1.0952351950928738,34.17533277147611,48.01116237191184,34.81145766670893,46.65956349896391,16.630927363124187,27.40447754980382,17.544405408351917,20.606684822108015,0.0,UK100,D1,trend,2,"{'ema_trend': 100, 'ema_fast': 30, 'ema_pull': 10, 'swing': 5, 'k_atr': 1.0, 'R': 3.0, 'H': 48}",1.6612125257758523e-07,False
44,PASS,1.0042167507590438,0.9541545357103313,-0.04616403812849283,4.644115529704203,84.45433820809474,0.08559916301895902,0.002481753213001839,0.030348071327462634,-0.027866318114460817,155.16260714285727,0.38636363636363635,2426,24,20,1.081024158085979,0.824730342046591,0.554168532376989,-1.3830593240262496,25.51846875835595,26.744586755392234,26.005235966498308,25.896038825126226,14.599857994459892,13.505579764572381,10.918610763896062,13.239006990819847,0.0,UK100,D1,macross,0,"{'fast': 10, 'slow': 30, 'ema_trend': 200, 'k_atr': 2.0, 'R': 2.0, 'H': 48}",1.2289436558207956e-05,False
36,PASS,0.5490737244078652,0.5271042919888164,-0.591471578739608,2.8626638739218713,90.90196044535261,0.2023619235800258,-0.3507204365716604,0.026783212163804405,-0.3775036487354649,165.12796428571437,0.2222222222222222,2276,21,15,0.41860104474350807,0.6935667845426441,-6.645615146681026,-2.680411881118988,15.147983887954977,28.73811524243171,15.374064283420225,28.0,7.282766709141281,17.397870360318127,7.865217178813696,11.340244882113586,0.0,UK100,D1,macross,1,"{'fast': 20, 'slow': 50, 'ema_trend': 200, 'k_atr': 2.0, 'R': 2.0, 'H': 96}",3.511298285200151e-08,False
54,PASS,0.9228502611805399,0.8714655607979409,-0.14370044439013913,6.6885871994181825,99.86526924565216,0.15409252990265135,-0.054884095039874826,0.04032602901813905,-0.09521012405801382,115.42875000000004,0.2777777777777778,2426,30,24,0.8591045676605968,0.8870096595170802,-1.0595465137054618,-0.8121579417474879,34.85841313994379,39.99975983907654,35.451698472752746,38.415439604905984,19.141920192483695,22.281245977551386,15.716492947460093,17.718513861525153,0.0,UK100,D1,macross,2,"{'fast': 10, 'slow': 30, 'ema_trend': 100, 'k_atr': 1.5, 'R': 3.0, 'H': 48}",5.076097663899218e-06,False
533,PASS,0.890219782233292,0.8397127927845601,-0.5628302156861595,1.2221460343654134,6.285307062114147,0.42373346106456383,-0.05669136502596965,0.02893878523665665,-0.08563015026262631,369.8222500000047,0.3977485928705441,2467,331,202,0.7804628323618347,0.9420420744040674,-1.7384120562688183,-0.4161921350117323,239.10343909643288,284.7443091864127,245.0288806481348,275.24537820697657,140.7413257139404,180.3305934352176,98.36211338249251,104.41371575119513,0.0,JP225,H4,trend,0,"{'ema_trend': 200, 'ema_fast': 50, 'ema_pull': 20, 'swing': 5, 'k_atr': 0.5, 'R': 2.0, 'H': 24}",3.993989792019511e-09,False
397,PASS,0.9182358046647817,0.8767211763199021,-0.3935312593901436,0.7324864540592245,5.406785825488639,0.36598876760213545,-0.04383296352546401,0.024056990375836265,-0.06788995390130027,437.1255357142836,0.42065491183879095,2467,249,148,0.8555851015619671,0.9132202386826047,-1.1662189710797628,-0.6793278354329253,191.67657276195737,218.62888446077358,195.42602429275135,212.82771081236055,118.45820008915521,138.45285509635033,73.21837267280213,80.17602936442326,0.0,JP225,H4,trend,1,"{'ema_trend': 200, 'ema_fast': 50, 'ema_pull': 20, 'swing': 10, 'k_atr': 0.5, 'R': 1.5, 'H': 48}",5.218865280499302e-08,False
424,PASS,0.89784376862236,0.8616517612945945,-0.40297779320868043,2.565219298960178,14.872811651145298,0.37022406609128067,-0.057771568327158206,0.022506129682002447,-0.0802776980091606,441.4316071428584,0.37735849056603776,2467,262,162,0.8009790518207238,0.9568823765049541,-1.4542514425941515,-0.29190939405533844,211.99172685193025,246.02947080781433,215.28606700610587,239.7812119768209,120.37311623495822,150.28247737732383,91.61861061697202,95.74699343049055,0.0,JP225,H4,trend,2,"{'ema_trend': 100, 'ema_fast': 30, 'ema_pull': 10, 'swing': 5, 'k_atr': 1.0, 'R': 3.0, 'H': 48}",8.69651285853676e-08,False
206,PASS,1.290172586688998,1.2344204095154734,0.44258460711370906,2.145258556060237,15.28983076559216,0.09645782289139754,0.15966685260753682,0.027098639079596615,0.1325682135279402,360.2557142857131,0.4368932038834951,2431,124,82,1.2740306629013893,1.1788202075673033,1.7557493798435408,1.215466758545998,143.80510300552612,116.49605101877047,146.24243629993902,113.35106466278641,86.67279690583972,68.03038531934317,57.132306099686424,48.465665699427305,0.0,JP225,H4,macross,0,"{'fast': 10, 'slow': 30, 'ema_trend': 200, 'k_atr': 2.0, 'R': 2.0, 'H': 48}",0.002443799431662038,True
133,PASS,1.3076194107036385,1.2551863354600845,0.3960148741198786,3.120794530708555,23.153624860774865,0.11276690145233391,0.1816782098692931,0.026950858498216393,0.15472735137107668,346.56292857143126,0.39849624060150374,2435,85,48,1.1914344865770652,1.3767418570271648,1.3083518131538852,2.363704807440613,101.22074270198087,80.64200496962766,102.71221758541074,78.54901567279475,63.02509100650899,52.8984948115587,38.195651695471874,27.74351015806896,0.0,JP225,H4,macross,1,"{'fast': 20, 'slow': 50, 'ema_trend': 200, 'k_atr': 2.0, 'R': 2.0, 'H': 96}",0.001378684930077787,True
252,PASS,1.611403875555643,1.5341824864935942,0.9379052691684594,3.319551056063005,16.237655453729964,0.1437528018956783,0.37030853345498227,0.035539007284135664,0.33476952617084654,275.8141339285721,0.3888888888888889,2425,145,107,1.7471340418225878,1.2903584458545965,3.8638501633226072,1.7713181165542609,242.28907606735285,157.9271554722995,245.94640419221125,152.6286537615557,147.28437291667743,84.30055702139045,95.00470315067541,73.62659845090903,0.0,JP225,H4,macross,2,"{'fast': 10, 'slow': 30, 'ema_trend': 100, 'k_atr': 1.5, 'R': 3.0, 'H': 48}",0.0936584090462097,True
267,PASS,0.8908019559939399,0.8557666836039466,-0.35741362588207787,1.8692944770720625,15.228009677613807,0.3489831270434148,-0.056981457384188666,0.020144592913241676,-0.07712605029743033,521.7068214285755,0.3895131086142322,2463,170,97,0.6310912449755898,1.3994615701651814,-3.2643426726858036,2.3103767492866587,122.18056745667776,142.77322288609167,124.1112406311763,139.32528975275468,63.75637011504112,101.02559752275945,58.424197341636635,41.747625363332205,0.0,JP225,H8,trend,0,"{'ema_trend': 200, 'ema_fast': 50, 'ema_pull': 20, 'swing': 5, 'k_atr': 0.5, 'R': 2.0, 'H': 24}",1.3723088098020011e-07,False
215,PASS,0.9581546703091304,0.9268757882664238,-0.16771854683546744,1.0718838976823954,12.278186220248253,0.2356279283574698,-0.022549110366985477,0.017659540164023352,-0.04020865053100884,569.5346428571393,0.4186046511627907,2463,136,79,0.7714437593994743,1.258188126073404,-1.9531912424771234,1.6991300801675282,109.5767203651547,118.22158022932157,111.00856767879219,115.85662640769407,62.077998391643796,80.46989509639437,47.49872197351091,37.75168513292724,0.0,JP225,H8,trend,1,"{'ema_trend': 200, 'ema_fast': 50, 'ema_pull': 20, 'swing': 10, 'k_atr': 0.5, 'R': 1.5, 'H': 48}",1.805375089796864e-06,False
213,PASS,1.0072595677536111,0.98063673319988,-0.037658852521047094,3.898588384415985,31.831809719931524,0.21627837102602063,0.003991731259213627,0.014833170118639619,-0.010841438859425989,641.7153571428607,0.352112676056338,2455,129,84,0.8415258162123785,1.2026847448367302,-1.121298673379919,1.2097449457964373,116.94887706998628,119.25810354704403,117.96998845537443,117.11974969716192,61.70265833857982,73.32235939747774,55.24621873140646,45.93574414956629,0.0,JP225,H8,trend,2,"{'ema_trend': 100, 'ema_fast': 30, 'ema_pull': 10, 'swing': 5, 'k_atr': 1.0, 'R': 3.0, 'H': 48}",1.1863962172055215e-05,False
107,PASS,0.9089230352645727,0.8809804363164243,-0.19309425721357157,3.0750208783834787,34.23168690794101,0.20374141210257732,-0.05689604398517515,0.018957686054498463,-0.07585373003967362,500.7614285714262,0.3364485981308411,2434,69,38,0.7810201736363498,1.0844755837555515,-1.7997449079538024,0.5767678675936069,60.07705424776976,68.19340336201485,60.755333583901105,66.84321029031486,35.71608025144938,45.73003548059325,24.360973996320386,22.46336788142159,0.0,JP225,H8,macross,0,"{'fast': 10, 'slow': 30, 'ema_trend': 200, 'k_atr': 2.0, 'R': 2.0, 'H': 48}",1.8971060870791448e-06,False
90,PASS,0.6960952042928262,0.6756169854759755,-0.5567559411487945,2.794447454765243,38.821711665414945,0.254802346390237,-0.22314349653319296,0.01983933702723573,-0.24298283356042877,458.66678571428747,0.25555555555555554,2449,54,36,0.7438909232551741,0.5765369978370158,-2.2133996179024042,-4.0786082949194595,45.54708167936896,67.41553669980753,45.99999999999992,66.0829146879873,29.690622015866985,39.91260154908802,15.85645966350197,27.502935150719527,0.0,JP225,H8,macross,1,"{'fast': 20, 'slow': 50, 'ema_trend': 200, 'k_atr': 2.0, 'R': 2.0, 'H': 96}",1.3495011389198659e-08,False
137,PASS,1.1064621431600246,1.067793670931123,0.10683553359532116,4.630201301916227,37.70665181529623,0.15693684235010597,0.07340961780254573,0.025463171982094118,0.047946445820451614,373.7716071428549,0.291970802919708,2435,90,47,1.0216493156592525,1.1580978701328637,0.1471932743015375,0.9987881885391761,103.46064410134588,96.891981023944,104.52372652387231,94.46660888492353,65.51318150101208,64.12492084795022,37.94746260033377,32.76706017599378,0.0,JP225,H8,macross,2,"{'fast': 10, 'slow': 30, 'ema_trend': 100, 'k_atr': 1.5, 'R': 3.0, 'H': 48}",6.174484890011384e-05,True
102,PASS,1.0496240748401977,1.0255008244007766,0.03521865512101218,3.6906393854636126,44.30928802925986,0.0961889859225303,0.024669862485591637,0.01180889221365307,0.01286097027193856,839.5818125000023,0.4215686274509804,2453,63,39,0.8212298564684569,1.4910615406492438,-1.3691041466816973,2.618295932681288,52.75403695727808,51.442217989540346,53.22409194465559,50.70776597112524,29.362637034699723,35.7544685004125,23.39139992257836,15.68774948912785,0.0,JP225,D1,trend,0,"{'ema_trend': 200, 'ema_fast': 50, 'ema_pull': 20, 'swing': 5, 'k_atr': 0.5, 'R': 2.0, 'H': 24}",2.7476309377302388e-05,False
80,PASS,0.981379317464487,0.9610934145939178,-0.052693170067480886,2.1644620148176776,38.39876393086473,0.11237121397990081,-0.009726136439174587,0.010849577239938657,-0.020575713679113216,946.6577767857125,0.425,2453,50,30,0.8810575946094502,1.1165791178477642,-0.9319004560770434,0.7838595259640504,40.66187296811552,42.30793006244457,41.008289022873605,41.78637993800757,24.608545069821453,27.930688323196144,16.053327898294057,14.377241739248422,0.0,JP225,D1,trend,1,"{'ema_trend': 200, 'ema_fast': 50, 'ema_pull': 20, 'swing': 10, 'k_atr': 0.5, 'R': 1.5, 'H': 48}",9.523541566208217e-06,False
75,PASS,0.8694297472204093,0.8556039705563281,-0.18235937100062116,6.318361930455211,91.26685347026701,0.16858996741100854,-0.08237587260550998,0.00972499374743996,-0.0921008663529499,1032.1853571428546,0.30666666666666664,2453,44,31,0.4837532058141713,1.5542667386335935,-5.04831440806769,2.8585348860283206,40.93007296332995,47.8376379398012,41.138792664379444,47.3169831097927,15.103201689753224,31.2208818633751,25.82687127357672,16.616756076426086,0.0,JP225,D1,trend,2,"{'ema_trend': 100, 'ema_fast': 30, 'ema_pull': 10, 'swing': 5, 'k_atr': 1.0, 'R': 3.0, 'H': 48}",2.980894906502472e-06,False
46,PASS,0.907398217280717,0.8894348920668257,-0.11742273462317195,4.661712545419437,83.99199756831588,0.09195028957779254,-0.0583793847578089,0.012111602302917652,-0.07049098706072657,756.3139285714278,0.3695652173913043,2449,33,13,0.998192348603009,0.6032518895023111,-0.013273594172469039,-3.4285576086235157,26.084798843347937,29.327384248141364,26.314548301140793,29.0,21.212886834689108,21.251301780039675,4.871912008658834,8.076082468101692,0.0,JP225,D1,macross,0,"{'fast': 10, 'slow': 30, 'ema_trend': 200, 'k_atr': 2.0, 'R': 2.0, 'H': 48}",5.1288673333811954e-06,False
34,PASS,0.2666666666666669,0.2620834641379286,-1.1272261525652467,0.2711424549114265,91.47537303149284,0.21799922612158734,-0.6470588235294116,0.011659635252174769,-0.6587184587815864,813.1910714285714,0.11764705882352941,2148,24,10,0.1783770216711559,0.4927782682522307,-14.296016452332662,-5.141969201967446,7.954467807787024,30.35089540636096,8.000000000000007,30.0,3.97250058818286,22.270248437639573,3.9819672196041633,8.080646968721389,0.0,JP225,D1,macross,1,"{'fast': 20, 'slow': 50, 'ema_trend': 200, 'k_atr': 2.0, 'R': 2.0, 'H': 96}",9.875125931052321e-12,False
61,PASS,1.4424824488994736,1.4083194918040578,0.36201378100618037,7.606028034333291,90.12012968617682,0.0695562450351124,0.26839099359476265,0.016685635628430798,0.25170535796633187,561.4280357142852,0.39344262295081966,2448,41,20,1.4300865224281514,1.3565725978808678,2.421797663602662,1.9672230362355492,52.95699986108473,37.60297302513849,53.37185060928052,37.0,37.85290155889738,26.468959021183377,15.104098302187355,11.134014003955116,0.0,JP225,D1,macross,2,"{'fast': 10, 'slow': 30, 'ema_trend': 100, 'k_atr': 1.5, 'R': 3.0, 'H': 48}",0.0005376248944635297,True
