n_trades,guard,gross_pf,net_pf,sharpe,skew,ekurt,max_dd,gross_R_mean,cost_R_mean,net_R_mean,risk_med,win_rate,n_obs,is_trades,oos_trades,is_pf,oos_pf,is_sharpe,oos_sharpe,net_win,net_loss,gross_win,gross_loss,is_win,is_loss,oos_win,oos_loss,ftmo_pass_rate,instrument,timeframe,family,variant,params,dsr,oos_holds
404,PASS,1.1234407457917275,1.0768181045440117,0.2297996883916233,1.1930810050959981,6.698883498370924,0.1068817309262662,0.05508770446431819,0.019926662462928322,0.03516104200138987,194.3174732142861,0.46782178217821785,1999,172,232,1.015856968882288,1.1207375045032888,0.10953407992199249,0.7944811559879016,199.12320042125964,184.91813945269814,202.54786733283106,180.29243472924654,78.6635570727657,77.43566218708571,120.45964334849396,107.48247726561243,0.0,NAS100,H4,trend,0,"{'ema_trend': 200, 'ema_fast': 50, 'ema_pull': 20, 'swing': 5, 'k_atr': 0.5, 'R': 2.0, 'H': 24}",0.0005643970119419519,True
312,PASS,1.1753663607915474,1.1384487978913194,0.3830617817435391,0.9933991019945273,5.446094826653881,0.09889635122758664,0.0851187407936666,0.01666992043253926,0.06844882036112737,243.1924464285721,0.483974358974359,1998,136,176,1.0899263159443784,1.176372551005773,0.6512270522651835,1.2113583388682105,175.60823405150097,154.25220209882923,177.99456916864733,151.43752204102333,73.7553857061034,67.67006597340229,101.85284834539758,86.58213612542693,0.0,NAS100,H4,trend,1,"{'ema_trend': 200, 'ema_fast': 50, 'ema_pull': 20, 'swing': 10, 'k_atr': 0.5, 'R': 1.5, 'H': 48}",0.002334711328466552,True
359,PASS,1.157229258885944,1.1230599604985139,0.3320999541146546,2.4776090008719462,12.124312925652918,0.13868625242901406,0.08381965536869164,0.01696622033821389,0.06685343503047776,234.06967857143172,0.4178272980501393,2009,166,193,1.1970229613533236,1.0603613200235265,1.2303242560981549,0.3919709433700207,219.0303756992315,195.02999252329,221.47584010465488,191.38458382729453,107.10638878011068,89.47730514627632,111.92398691912085,105.55268737701368,0.0,NAS100,H4,trend,2,"{'ema_trend': 100, 'ema_fast': 30, 'ema_pull': 10, 'swing': 5, 'k_atr': 1.0, 'R': 3.0, 'H': 48}",0.0012429396849297778,True
177,PASS,1.5194127084248827,1.4763889801597023,0.8466668757671295,2.4292971591459653,13.705032621460864,0.12789922360930536,0.268858927259556,0.017931796329542133,0.25092713093001384,208.6639285714282,0.4745762711864407,2004,76,101,1.1403277257519104,1.7703807077528395,0.9650609659514642,4.266574430267978,137.64485272581808,93.23075055120563,139.20694770832512,91.61891758338369,49.607449990454676,43.50280087923361,88.0374027353634,49.72794967197201,0.0,NAS100,H4,macross,0,"{'fast': 10, 'slow': 30, 'ema_trend': 200, 'k_atr': 2.0, 'R': 2.0, 'H': 48}",0.05587464337896199,True
106,PASS,1.3987675711791192,1.3585506281131794,0.5152436214248564,3.3311703560370027,25.432490171979804,0.06703410708299706,0.2167833773514482,0.01818534122757049,0.19859803612387775,220.44932142857033,0.44339622641509435,1996,44,62,1.0857388374431498,1.5765285541123588,0.5986661410093223,3.339008751634172,79.76385857311897,58.71246674398794,80.60418021256487,57.62514221331136,28.312144211686245,26.076385255186832,51.451714361432735,32.63608148880111,0.0,NAS100,H4,macross,1,"{'fast': 20, 'slow': 50, 'ema_trend': 200, 'k_atr': 2.0, 'R': 2.0, 'H': 96}",0.005303791517186135,True
210,PASS,1.450049414796204,1.4014917857093847,0.7506900543401047,3.336495813395973,17.35394252205036,0.09745676556083895,0.2760843639152031,0.02383090346889318,0.2522534604463099,155.40042857142726,0.38095238095238093,2004,88,122,1.2711253940850678,1.4989670688740786,1.6653029146590363,2.8121166552271353,184.91422419166423,131.94099749793918,186.80293986670424,128.82522344451158,71.75125459307462,56.44703105370641,113.16296959858961,75.49396644423275,0.0,NAS100,H4,macross,2,"{'fast': 10, 'slow': 30, 'ema_trend': 100, 'k_atr': 1.5, 'R': 3.0, 'H': 48}",0.028077730428735157,True
209,PASS,1.123484753429039,1.0925418579191029,0.20612131132799366,1.7724426450160402,14.595031317117156,0.15763857119998567,0.05733396778127854,0.013674743006918025,0.043659224774360524,299.9841071428582,0.47368421052631576,1997,88,121,1.2586377670829898,0.9862082342421723,1.6577845377705638,-0.10010775524766881,107.72640737043386,98.60162939259253,109.02149378960083,97.0386945233136,48.439681555470976,38.48580014227163,59.28672581496288,60.11582925032087,0.0,NAS100,H8,trend,0,"{'ema_trend': 200, 'ema_fast': 50, 'ema_pull': 20, 'swing': 5, 'k_atr': 0.5, 'R': 2.0, 'H': 24}",0.00043234458352320044,False
164,PASS,1.300868387696179,1.2711104986369164,0.5149473729764398,1.5683744567229385,12.447669631433298,0.10627824513455708,0.1421887394567865,0.012323232535431534,0.12986550692135496,333.32740178571385,0.4878048780487805,1997,68,96,1.473889644311746,1.1400603522677113,2.94109430637233,0.9743921741602701,99.85610758164174,78.55816444653954,100.82444811359736,77.50549484268439,45.45371282405476,30.83929180144286,54.40239475758697,47.718872645096674,0.0,NAS100,H8,trend,1,"{'ema_trend': 200, 'ema_fast': 50, 'ema_pull': 20, 'swing': 10, 'k_atr': 0.5, 'R': 1.5, 'H': 48}",0.006502514360071608,True
187,PASS,1.1137838206655053,1.091993949978214,0.18515351727903773,3.2703640609687223,24.375332627450078,0.10691530447699248,0.062439553443358865,0.011313585002703633,0.051125968440655215,362.9445714285721,0.40641711229946526,1987,83,104,0.9971132971474285,1.1636995949902507,-0.020020611269235575,1.0301285716857609,113.48647840814816,103.92592230974564,114.29356709735328,102.61737060344518,44.604889249036354,44.734023081071484,68.88158915911181,59.191899228674124,0.0,NAS100,H8,trend,2,"{'ema_trend': 100, 'ema_fast': 30, 'ema_pull': 10, 'swing': 5, 'k_atr': 1.0, 'R': 3.0, 'H': 48}",0.0003265621629380397,False
82,PASS,1.7685427494332746,1.7307201935826333,0.7583658175184749,4.455459450910633,39.025562759383206,0.06168433594605327,0.3284507505140458,0.012038805541821587,0.31641194497222425,331.55724999999984,0.5,2005,28,54,2.5910202310824877,1.4371398475367434,6.578966258096112,2.5264708705416363,61.452913019250175,35.507133531527785,61.97715597637444,35.04419443422268,23.407369201456856,9.034035674695454,38.04554381779331,26.473097856832332,0.0,NAS100,H8,macross,0,"{'fast': 10, 'slow': 30, 'ema_trend': 200, 'k_atr': 2.0, 'R': 2.0, 'H': 48}",0.02645369672367373,True
52,PASS,1.3206386488233133,1.295248117462083,0.308071601471143,4.823799140583793,54.187093547834195,0.07096548262559876,0.1857953673015601,0.012602730860283885,0.1731926364412762,312.0117142857134,0.40384615384615385,2005,25,27,0.8860873798502537,1.8256444276196047,-0.8928838168275706,4.390365279097343,39.50923307600322,30.503215981056858,39.792970292332384,30.131611192651263,15.258067100411047,17.219596449945623,24.251165975592173,13.283619531111235,0.0,NAS100,H8,macross,1,"{'fast': 20, 'slow': 50, 'ema_trend': 200, 'k_atr': 2.0, 'R': 2.0, 'H': 96}",0.0008013246296841206,False
97,PASS,1.5672546727808088,1.5287909368517698,0.6119200634572174,5.396422457183853,45.59450341093401,0.08875384835806609,0.3132832871985944,0.01614913267507326,0.2971341545235212,252.28039285714294,0.4020618556701031,2008,35,62,1.547886543805126,1.5182113761900855,2.8983161829320925,2.7643609952754367,83.32751030380251,54.50549731502095,83.95961774248397,53.57113888422032,30.07834135635922,19.431877275978174,53.24916894744329,35.07362003904277,0.0,NAS100,H8,macross,2,"{'fast': 10, 'slow': 30, 'ema_trend': 100, 'k_atr': 1.5, 'R': 3.0, 'H': 48}",0.008251174180611514,True
80,PASS,2.285963094675249,2.2472928219927777,1.074349460019686,4.569130419523543,40.95052468611005,0.040751499711032396,0.43245834386508586,0.008948706163218339,0.42350963770186745,570.6165803571448,0.6,1998,36,44,2.776590994967769,1.9250327155671723,6.939370788741424,4.618594111478317,61.04421685561048,27.163445839461083,61.49998040555692,26.90331289635006,28.542298455428465,10.279619327138164,32.50191840018201,16.88382651232292,0.0,NAS100,D1,trend,0,"{'ema_trend': 200, 'ema_fast': 50, 'ema_pull': 20, 'swing': 5, 'k_atr': 0.5, 'R': 2.0, 'H': 24}",0.1615639287642201,True
67,PASS,1.8106641196975608,1.7843249497739788,0.7820423121907577,3.3029817597336053,33.61132919962065,0.04888570419537187,0.33236017151529973,0.007999804445637202,0.32436036706966265,669.5033750000039,0.582089552238806,1987,27,40,2.1593096806828944,1.5853101014664583,5.815215269933058,3.4550868434500464,49.44023242120622,27.70808782753883,49.73712999590294,27.468998504377854,20.74413801685996,9.606837871582877,28.69609440434626,18.101249955955954,0.0,NAS100,D1,trend,1,"{'ema_trend': 200, 'ema_fast': 50, 'ema_pull': 20, 'swing': 10, 'k_atr': 0.5, 'R': 1.5, 'H': 48}",0.035912204419280405,True
63,PASS,1.761816427826758,1.73755470434841,0.6337730633786584,6.904331542569857,80.42109497290308,0.045496012600614824,0.33736994756687205,0.00800907005568768,0.32936087751118426,661.5710714285706,0.5079365079365079,1987,29,34,1.8490609286351654,1.647903099232963,4.041955318131581,3.2166307264321903,48.88288277839399,28.133147495189377,49.15381886310889,27.89951216639595,23.184123085980495,12.53832295461093,25.698759692413496,15.594824540578449,0.0,NAS100,D1,trend,2,"{'ema_trend': 100, 'ema_fast': 30, 'ema_pull': 10, 'swing': 5, 'k_atr': 1.0, 'R': 3.0, 'H': 48}",0.008292735663313044,True
26,PASS,1.280299254045748,1.2609408069003647,0.1866859300781895,7.193020455946403,127.61193709003977,0.03972013629693018,0.14589778344171467,0.008738897120792134,0.13715888632092257,518.6991785714281,0.38461538461538464,1989,12,14,1.5157205195207553,1.0931316530739341,2.714831343202221,0.6266779028433489,17.23256783782583,13.666436793481845,17.326529899357435,13.533187529872855,8.225684041533354,5.42691342869342,9.006883796292477,8.239523364788427,0.0,NAS100,D1,macross,0,"{'fast': 10, 'slow': 30, 'ema_trend': 200, 'k_atr': 2.0, 'R': 2.0, 'H': 48}",0.0002467056130508846,False
16,PASS,3.140347014274885,3.0987781852390452,0.735273687644425,9.735538104025137,140.4072739823928,0.020586655094368227,0.8026301303530818,0.008795712792616029,0.7938344175604657,506.16560714285697,0.625,1801,6,10,8.696577048211056,1.9763974795430024,17.651350661185493,4.940343128370927,18.753133937672498,6.051783256705045,18.84208208564931,6.0,8.790043592597353,1.0107475094934648,9.963090345075143,5.0410357472115805,0.0,NAS100,D1,macross,1,"{'fast': 20, 'slow': 50, 'ema_trend': 200, 'k_atr': 2.0, 'R': 2.0, 'H': 96}",0.015135294447077386,False
33,PASS,1.2390553425398023,1.2191659706701732,0.17300314871863828,9.23558579027734,140.6740686010954,0.06957216404522179,0.155678608779689,0.011390025061012178,0.14428858371867684,391.67378571428526,0.3333333333333333,1990,13,20,1.8534221985711716,0.9117828986415444,4.003750839999325,-0.6187997654203156,26.487173682607633,21.7256504198913,26.627790560891484,21.490396471161752,13.144453015183927,7.091990710652524,13.342720667423709,14.633659709238774,0.0,NAS100,D1,macross,2,"{'fast': 10, 'slow': 30, 'ema_trend': 100, 'k_atr': 1.5, 'R': 3.0, 'H': 48}",0.00018760112232837494,False
393,PASS,1.2181099348147322,1.1678025205099165,0.4811920186814972,1.250650252824383,6.678652328248395,0.13647535089317037,0.09181247966134962,0.019408644374623883,0.07240383528672574,326.9685714285697,0.48854961832061067,1907,178,215,1.1041147135414626,1.221262820360155,0.6823181248533826,1.3751554061670788,198.02729283561928,169.5725855679361,201.5140375343837,165.4317330274733,85.44092772054138,77.384103909356,112.58636511507791,92.18848165858007,0.0,US30,H4,trend,0,"{'ema_trend': 200, 'ema_fast': 50, 'ema_pull': 20, 'swing': 5, 'k_atr': 0.5, 'R': 2.0, 'H': 24}",0.006079332557429357,True
302,PASS,1.1685077744543129,1.131117232585827,0.362253487832759,0.9692918941997236,5.551065227351961,0.13876171090995315,0.08039286104002126,0.01664602275552663,0.06374683828449465,389.24208928571534,0.46688741721854304,1907,131,171,1.100316172143544,1.153910696837219,0.7018369780288874,1.0661307116510315,166.07850895796633,146.82696379604897,168.35890450105404,144.08026046696762,68.70893656198974,62.444721164223864,97.36957239597658,84.3822426318251,0.0,US30,H4,trend,1,"{'ema_trend': 200, 'ema_fast': 50, 'ema_pull': 20, 'swing': 10, 'k_atr': 0.5, 'R': 1.5, 'H': 48}",0.0024071440632128993,True
324,PASS,1.1453230964712646,1.1146263112206583,0.29669660311466195,2.666875845596892,13.31797884011754,0.14832466218789386,0.07674823526505321,0.015173381108495447,0.061574854156557786,389.7076428571454,0.4012345679012346,1910,146,178,1.0247995375510008,1.1913159312677026,0.16297412598356872,1.1565716168017457,193.99626831046436,174.04601556373962,195.977757599417,171.11132937353975,82.1452764618148,80.15740976827549,111.85099184864956,93.88860579546412,0.0,US30,H4,trend,2,"{'ema_trend': 100, 'ema_fast': 30, 'ema_pull': 10, 'swing': 5, 'k_atr': 1.0, 'R': 3.0, 'H': 48}",0.001156692452569334,True
151,PASS,1.3409487860146956,1.300816191445001,0.5422398649623557,2.4893483041524673,16.129248519361564,0.10670982551310215,0.1834435910573697,0.01850239058704861,0.1649412004703211,322.7860714285707,0.4370860927152318,1884,69,82,1.1518096289851045,1.4210991349734552,1.0167629026904306,2.612256893252897,107.70126986783899,82.79514859682052,108.94380356794404,81.24382131828122,42.59613675459982,36.981924514845915,65.10513311323919,45.81322408197462,0.0,US30,H4,macross,0,"{'fast': 10, 'slow': 30, 'ema_trend': 200, 'k_atr': 2.0, 'R': 2.0, 'H': 48}",0.008727208025549974,True
113,PASS,1.3752896047739835,1.3362069675940764,0.5216561644038491,3.1022105554715975,21.598589527836637,0.10626754177080669,0.21070941747029334,0.01833114958600264,0.19237826788429072,357.5428571428565,0.4247787610619469,1885,46,67,1.6961041052875,1.143207087313918,3.840523956130059,0.9923294232711452,86.39755972168419,64.65881545075936,87.2549382133354,63.44477403919225,38.2818609469774,22.570466534239294,48.11569877470679,42.08834891652006,0.0,US30,H4,macross,1,"{'fast': 20, 'slow': 50, 'ema_trend': 200, 'k_atr': 2.0, 'R': 2.0, 'H': 96}",0.00699469737011029,True
191,PASS,1.5122653676276931,1.4600164430664149,0.8085055112019952,3.283292565445041,18.106519876543285,0.10226059850634082,0.3047571127237865,0.02426996348306258,0.280487149240724,244.02621428571,0.38219895287958117,1884,92,99,1.3093538323346572,1.5957482074480174,1.834076096919079,3.2313816821512904,170.03202498811746,116.45897948313919,171.83840318102742,113.62979465078418,72.26816281354911,55.19376124992173,97.76386217456836,61.26521823321747,0.0,US30,H4,macross,2,"{'fast': 10, 'slow': 30, 'ema_trend': 100, 'k_atr': 1.5, 'R': 3.0, 'H': 48}",0.04572807577322017,True
191,PASS,1.280316519623299,1.2449454709911612,0.4783500864770693,2.3287995932704777,16.441990772422663,0.12076271371151653,0.11966340873896482,0.013320064271829704,0.10634334446713511,520.278035714291,0.4712041884816754,1886,83,108,1.350319007294313,1.1723500809154845,2.044722127542545,1.10563043230084,103.23443795462252,82.92285916139974,104.39108079996207,81.53536973081978,45.67467981907716,33.825103232899984,57.55975813554537,49.09775592849974,0.0,US30,H8,trend,0,"{'ema_trend': 200, 'ema_fast': 50, 'ema_pull': 20, 'swing': 5, 'k_atr': 0.5, 'R': 2.0, 'H': 24}",0.005518415607186275,True
156,PASS,1.078346151228653,1.0543811104691243,0.1124603563851726,1.354049012895964,13.595442127154914,0.14068036579432444,0.03826958812483382,0.011367774611404249,0.026901813513429566,629.5175535714279,0.46153846153846156,1886,67,89,1.264129746589811,0.9250140858709337,1.7059676742873149,-0.5763898327040334,81.3683859478434,77.17170303974838,82.17106439754153,76.20100865006745,37.215638853603906,29.439730339388777,44.1527470942395,47.731972700359606,0.0,US30,H8,trend,1,"{'ema_trend': 200, 'ema_fast': 50, 'ema_pull': 20, 'swing': 10, 'k_atr': 0.5, 'R': 1.5, 'H': 48}",0.00025678908715701045,False
170,PASS,1.145487317993752,1.122488722274107,0.2317820667650687,3.4881316073169226,27.922623252842474,0.10415908801636146,0.07421778831837578,0.010959070156228995,0.06325871816214677,554.4422142857147,0.4294117647058823,1897,73,97,1.2846613258988135,1.0222068310859243,1.5984214307251348,0.15126272526066548,98.54967370641897,87.79569161885402,99.33952455994971,86.72250054582582,43.095344339604324,33.54607433943935,55.454329366814676,54.24961727941467,0.0,US30,H8,trend,2,"{'ema_trend': 100, 'ema_fast': 30, 'ema_pull': 10, 'swing': 5, 'k_atr': 1.0, 'R': 3.0, 'H': 48}",0.0006401857937711009,True
86,PASS,1.2356195617196681,1.2123534128543823,0.301819761993435,3.056800787178742,31.335708962089843,0.08075828745192588,0.12852457302437512,0.01135625499870545,0.11716831802566967,488.3321071428618,0.43023255813953487,1869,36,50,1.2722273539293478,1.1765223615717333,1.7230297955762202,1.2015986057859622,57.52791592167306,47.451440571465476,57.96396057743079,46.91084729733454,22.601594990231654,17.76537418443749,34.92632093144142,29.686066387027985,0.0,US30,H8,macross,0,"{'fast': 10, 'slow': 30, 'ema_trend': 200, 'k_atr': 2.0, 'R': 2.0, 'H': 48}",0.0013061774525675387,True
60,PASS,1.9007422265256628,1.8667464231893833,0.8121355760459426,4.677040158582372,39.774139322294864,0.05931420873957753,0.4503711132628315,0.012100546301443828,0.4382705669613876,508.3349999999991,0.5,1879,29,31,1.3087289015784356,2.5964447560010986,1.9950836573845598,7.227783238633475,56.63525049832878,30.339016480645522,57.02226679576989,30.0,22.499584726354087,17.19193692384857,34.13566577197469,13.147079556796951,0.0,US30,H8,macross,1,"{'fast': 20, 'slow': 50, 'ema_trend': 200, 'k_atr': 2.0, 'R': 2.0, 'H': 96}",0.04136724179298314,True
112,PASS,1.4747142184579438,1.442077107315005,0.6129212300598913,4.634630645363041,33.475802554317774,0.07893615302532113,0.2848898330542488,0.015454516478151286,0.26943531657609754,366.08295535714205,0.38392857142857145,1870,50,62,1.0043246602782294,1.8333404578843782,0.029656784316635886,4.211664338370007,98.43804959999062,68.26129414346772,99.1221243651886,67.21446306311272,32.35601345824832,32.216687230685636,66.08203614174231,36.04460691278207,0.0,US30,H8,macross,2,"{'fast': 10, 'slow': 30, 'ema_trend': 100, 'k_atr': 1.5, 'R': 3.0, 'H': 48}",0.011411523107562653,True
72,PASS,1.1442296974662693,1.122178491938423,0.15982197414508095,3.20600115179828,46.30536022630379,0.105843659331498,0.06558390856767321,0.009431512906594195,0.056152395661079005,961.3114910714303,0.4861111111111111,1866,31,41,0.6046798820404004,1.6766069874422713,-3.5403227189127056,3.624710317077346,37.133677925632675,33.09070543803499,37.461771859535204,32.73973044266275,10.349320481966636,17.115370941471422,26.784357443666032,15.975334496563564,0.0,US30,D1,trend,0,"{'ema_trend': 200, 'ema_fast': 50, 'ema_pull': 20, 'swing': 5, 'k_atr': 0.5, 'R': 2.0, 'H': 24}",0.00038609350993305445,False
61,PASS,1.1216822789100958,1.1039062887688942,0.13393427571398858,2.2138485383234783,36.95692284785349,0.08189461455568714,0.06130481149396633,0.00855065372707674,0.05275415776688956,1087.1603571428532,0.4426229508196721,1863,26,35,0.9336265578846757,1.2441770796160503,-0.5149785264268223,1.6156545935100513,34.18825250773042,30.970248883950166,34.47203486093683,30.732441359804888,13.060291638978361,13.988774771541586,21.127960868752062,16.981474112408577,0.0,US30,D1,trend,1,"{'ema_trend': 200, 'ema_fast': 50, 'ema_pull': 20, 'swing': 10, 'k_atr': 0.5, 'R': 1.5, 'H': 48}",0.00032663969832498154,False
62,PASS,0.8499929201073749,0.8383215612223583,-0.2176705979183988,5.071551495553722,82.07970894690196,0.10239484308705972,-0.08514184308424319,0.00740315836340531,-0.09254500144764852,1065.5718035714308,0.3709677419354839,1863,26,36,0.7084870503530808,0.9247612514076772,-2.319159778511345,-0.5243397894250112,29.751110799779138,35.48890088953335,29.911506579920978,35.19030085114406,10.04923381772443,14.184075506696,19.701876982054713,21.30482538283735,0.0,US30,D1,trend,2,"{'ema_trend': 100, 'ema_fast': 30, 'ema_pull': 10, 'swing': 5, 'k_atr': 1.0, 'R': 3.0, 'H': 48}",1.4402547015099675e-05,False
22,PASS,1.58071900728417,1.5576756905122982,0.3491457556132541,6.773422806972486,131.83213868096533,0.029882670657791325,0.26396318512916805,0.00843117185805904,0.2555320132711091,774.2182142857164,0.5454545454545454,1869,11,11,1.5394963880169685,1.5758538782619043,3.143773600442738,3.1277803221006746,15.702302007816291,10.080597715851892,15.8071900728417,10.0,7.759283974010957,5.040144318887115,7.943018033805333,5.040453396964777,0.0,US30,D1,macross,0,"{'fast': 10, 'slow': 30, 'ema_trend': 200, 'k_atr': 2.0, 'R': 2.0, 'H': 48}",0.0013342947110596718,False
18,PASS,1.386837903474084,1.3660686363524555,0.23555026974068882,7.80997316780609,136.35769003104207,0.05898282412379128,0.21694959747681128,0.009658570528812022,0.20729102694799925,702.5285714285747,0.3888888888888889,1668,6,12,2.824145101942284,0.9845580872470866,6.744318612178084,-0.11178769595781717,13.92396770175521,10.192729216691223,13.999999999999988,10.094907245417385,5.9698539872394445,2.113862344797271,7.954113714515765,8.078866871893954,0.0,US30,D1,macross,1,"{'fast': 20, 'slow': 50, 'ema_trend': 200, 'k_atr': 2.0, 'R': 2.0, 'H': 96}",0.0009429219553533546,False
28,PASS,1.0717003321788523,1.0538200367475077,0.044564007278470714,8.74780151308608,161.82839159090335,0.06187025678166237,0.046093070686404884,0.011122421856402878,0.034970648830002,642.1762767857181,0.35714285714285715,1883,13,15,0.8336520720877442,1.2739008658150965,-1.270944187114692,1.5877153806899076,19.172740015474886,18.193561848234832,19.29060597921934,18.0,7.58204930373441,9.094980457190513,11.590690711740477,9.098581391044315,0.0,US30,D1,macross,2,"{'fast': 10, 'slow': 30, 'ema_trend': 100, 'k_atr': 1.5, 'R': 3.0, 'H': 48}",0.00011435746200441712,False
516,PASS,1.1741512538210994,1.1169595486043002,0.35081624064767225,1.321716372494907,6.170959702752513,0.10113052617281285,0.07969785714398428,0.024584528375372543,0.055113328768611726,43.37637500000005,0.4728682170542636,2469,253,263,1.0929489869942548,1.14074434362605,0.6272267506398508,0.9042551035597511,271.58645473553105,243.14797709092744,277.26419310258973,236.14009881629383,132.24652197943715,120.99972052962094,139.33993275609393,122.14825656130648,0.0,SPX500,H4,trend,0,"{'ema_trend': 200, 'ema_fast': 50, 'ema_pull': 20, 'swing': 5, 'k_atr': 0.5, 'R': 2.0, 'H': 24}",0.0005653562876743301,True
395,PASS,1.1074234584517628,1.0650727032328116,0.18907284111066322,0.9239953993104681,5.914531899745269,0.1235915987215937,0.05434002498517671,0.02067090739041287,0.03366911759476384,53.41264285714351,0.4582278481012658,2470,195,200,1.1237885761529443,1.009609646656106,0.8967548376239388,0.07102648143089771,217.6753422354299,204.37604078549816,221.27457643939408,199.81026657024927,111.56614518470701,99.27681020448742,106.10919705072288,105.09923058101077,0.0,SPX500,H4,trend,1,"{'ema_trend': 200, 'ema_fast': 50, 'ema_pull': 20, 'swing': 10, 'k_atr': 0.5, 'R': 1.5, 'H': 48}",9.323663934080035e-05,True
397,PASS,1.2257118180252446,1.1846995569670886,0.46394980170755923,2.4632883338820006,13.225372982252441,0.09577217587689274,0.11598432593668942,0.019023315626655955,0.09696101031003343,51.652821428572224,0.4357682619647355,2468,197,200,1.2444954570107642,1.1301082060658154,1.4834078762089775,0.8503859098466306,246.90507185788778,208.41155076480447,250.04828732178115,204.00250992491544,123.78308985807317,99.46447707844264,123.12198199981458,108.94707368636185,0.0,SPX500,H4,trend,2,"{'ema_trend': 100, 'ema_fast': 30, 'ema_pull': 10, 'swing': 5, 'k_atr': 1.0, 'R': 3.0, 'H': 48}",0.0015464945505687525,True
191,PASS,1.6375955162790528,1.581576459591414,0.9345350698741969,2.7199981283363965,15.453887627500881,0.08238463764078456,0.31779901168585256,0.021538452769859825,0.29626055891599273,46.72649999999976,0.4816753926701571,2428,88,103,1.531666207378261,1.6230682156716962,3.1399196184357985,3.586317321259365,153.88297646585963,97.297209712905,155.90042378826394,95.20081255626611,67.65043514841703,44.16787079491272,86.23254131744255,53.12933891799229,0.0,SPX500,H4,macross,0,"{'fast': 10, 'slow': 30, 'ema_trend': 200, 'k_atr': 2.0, 'R': 2.0, 'H': 48}",0.06908787348035106,True
127,PASS,1.6631926935494479,1.61300528323762,0.8008691368211315,3.341147147793305,23.627044754891845,0.06274091864750221,0.35134802695251444,0.020008052276513137,0.3313399746760013,47.48978571428597,0.4645669291338583,2441,53,74,1.885786278966903,1.4399169321182241,4.783057102456106,2.7223264625326133,110.72587680392947,68.64570002007729,111.90360445694816,67.28240503397882,50.25346759679139,26.648548755122942,60.47240920713808,41.99715126495436,0.0,SPX500,H4,macross,1,"{'fast': 20, 'slow': 50, 'ema_trend': 200, 'k_atr': 2.0, 'R': 2.0, 'H': 96}",0.025902407418664564,True
238,PASS,1.5779806522556428,1.5152566139651829,0.8924825486929152,3.456153661798401,17.759957986090853,0.1188291550376184,0.34818810281167334,0.028802570786364196,0.3193855320253091,33.33048214285691,0.3865546218487395,2431,113,125,1.400602012148811,1.6177097997142063,2.3735059878258276,3.3406863345747175,223.539774846333,147.52601822430944,226.24513953933845,143.3763710701602,97.50646959048045,69.6175421316763,126.03330525585255,77.90847609263312,0.0,SPX500,H4,macross,2,"{'fast': 10, 'slow': 30, 'ema_trend': 100, 'k_atr': 1.5, 'R': 3.0, 'H': 48}",0.04868108650236126,True
255,PASS,1.1250612079816176,1.08865469698783,0.19765028575498006,1.8232544439504377,14.282102863628484,0.16418286146128122,0.0599186585004513,0.016632458079412996,0.043286200421038284,65.03514285714255,0.4627450980392157,2438,126,129,1.1750994805928618,1.0067181820791087,1.1572553906368301,0.048260556794082886,135.5432976037937,124.50531649642892,137.453496949921,122.17423903230593,71.19445409194952,60.58589529460983,64.34884351184417,63.9194212018191,0.0,SPX500,H8,trend,0,"{'ema_trend': 200, 'ema_fast': 50, 'ema_pull': 20, 'swing': 5, 'k_atr': 0.5, 'R': 2.0, 'H': 24}",0.00010491420390328273,True
203,PASS,1.1974276334792637,1.1651898016261157,0.33463985654932316,1.4001041090698312,12.335442154470844,0.11162858899386016,0.09718259899258173,0.014582919436484465,0.08259967955609729,70.61894642857123,0.4827586206896552,2438,103,100,1.160728715740692,1.169950122344868,1.1470963743406672,1.1731456554109263,118.27360749666393,101.50587254677619,119.65363144806494,99.92556385257083,60.82203392128783,52.399870095809305,57.45157357537611,49.1060024509669,0.0,SPX500,H8,trend,1,"{'ema_trend': 200, 'ema_fast': 50, 'ema_pull': 20, 'swing': 10, 'k_atr': 0.5, 'R': 1.5, 'H': 48}",0.0005083715596660767,True
216,PASS,1.0841062699519086,1.060950847787837,0.12238063501339312,3.218339762412266,26.005631030522895,0.16103307558510466,0.04638955582279808,0.012322766521527292,0.03406678930127078,77.01358928571403,0.4166666666666667,2459,104,112,1.0965508713265706,1.029659885404571,0.6451717966652712,0.20281514293670275,128.08564778529544,120.72722129622095,129.15685126699475,119.13670720927037,61.927751609307116,56.4750375277975,66.15789617598833,64.25218376842345,0.0,SPX500,H8,trend,2,"{'ema_trend': 100, 'ema_fast': 30, 'ema_pull': 10, 'swing': 5, 'k_atr': 1.0, 'R': 3.0, 'H': 48}",3.665334814459129e-05,True
94,PASS,1.699524939207191,1.6605024270243045,0.7147156390831839,4.030069586926076,38.157264126307886,0.05829205496066924,0.31336474696722505,0.013322546201356002,0.300042200765869,71.29389285714296,0.5212765957446809,2435,42,52,1.7604778116506992,1.585507434567971,4.181598393461334,3.320140563874792,70.90474391388115,42.70077704188946,71.5652727055274,42.108986490608245,32.22063327086925,18.30220923980735,38.68411064301189,24.398567802082102,0.0,SPX500,H8,macross,0,"{'fast': 10, 'slow': 30, 'ema_trend': 200, 'k_atr': 2.0, 'R': 2.0, 'H': 48}",0.01238533686225164,True
54,PASS,1.7271489001797968,1.6917627247149514,0.566443628846085,5.164485596227983,60.35562615106186,0.059555230707026736,0.3780405794245635,0.013558919723929752,0.3644816597006336,70.85224999999991,0.46296296296296297,2452,29,25,2.015701840891148,1.3683269903671897,5.288124171499172,2.278228538767613,48.133975768648405,28.45196614481419,48.48848430357412,28.074293014647694,28.653043069548897,14.214921318363881,19.480932699099508,14.237044826450301,0.0,SPX500,H8,macross,1,"{'fast': 20, 'slow': 50, 'ema_trend': 200, 'k_atr': 2.0, 'R': 2.0, 'H': 96}",0.002861407997363988,True
111,PASS,2.0508873288608704,1.9947596605907434,0.9801415475340725,5.349871520897086,43.163124745243735,0.05685773684284508,0.5207675585001557,0.018272296486475454,0.5024952620136801,50.6967321428574,0.4774774774774775,2440,49,62,1.694942745802623,2.2346457297708096,3.7008076649017023,5.553039000279508,111.84777821161815,56.07080412809967,112.81128518943358,55.0060861959163,42.24176205493342,24.922235373166107,69.60601615668473,31.148568754933557,0.0,SPX500,H8,macross,2,"{'fast': 10, 'slow': 30, 'ema_trend': 100, 'k_atr': 1.5, 'R': 3.0, 'H': 48}",0.07217559756729047,True
97,PASS,1.1009218359225597,1.0811974030383948,0.11020187468924075,3.135421548719786,42.370129007341845,0.13218099692985258,0.048979126030872615,0.009144179541705938,0.03983494648916666,119.4166428571425,0.44329896907216493,2429,49,48,0.8739432733995357,1.324055297586477,-0.9773574971074462,1.9108037177991566,51.45159316693665,47.58760335748747,51.82676592543536,47.07579070044072,22.43926812570236,25.675886306002752,29.012325041234273,21.91171705148471,0.0,SPX500,D1,trend,0,"{'ema_trend': 200, 'ema_fast': 50, 'ema_pull': 20, 'swing': 5, 'k_atr': 0.5, 'R': 2.0, 'H': 24}",3.55054702720766e-05,False
81,PASS,0.9539415254354332,0.939784723019711,-0.0869740678331412,1.895073211017366,33.69727551258116,0.10179973537857,-0.026283961859394574,0.00837202455396397,-0.034655986413358555,120.69599999999991,0.41975308641975306,2412,38,43,0.830639304788193,1.0427149103444284,-1.4047919172964898,0.31565674399761356,43.81118258166047,46.61831748114251,44.09486843674292,46.223869347353876,18.79408211805744,22.62604479431634,25.017100463603025,23.99227268682617,0.0,SPX500,D1,trend,1,"{'ema_trend': 200, 'ema_fast': 50, 'ema_pull': 20, 'swing': 10, 'k_atr': 0.5, 'R': 1.5, 'H': 48}",3.3532810640542534e-06,False
77,PASS,1.2775898951122882,1.2598006669353117,0.282217712284889,6.161156450134979,79.81605378438232,0.06840665527470237,0.14787217901012842,0.00817239864676401,0.13969978036336442,137.19296428571488,0.44155844155844154,2412,40,37,0.9959462411976797,1.6098242677514012,-0.028581939853598814,3.1289379874321437,52.161253657425846,41.40437056944678,52.40406940183095,41.01791161805105,23.512419608752886,23.608121238027785,28.648834048672956,17.796249331419002,0.0,SPX500,D1,trend,2,"{'ema_trend': 100, 'ema_fast': 30, 'ema_pull': 10, 'swing': 5, 'k_atr': 1.0, 'R': 3.0, 'H': 48}",0.0001759930787828902,False
32,PASS,1.5356828564435863,1.5134267751834192,0.3458368822406478,6.800608563313757,113.32820327350333,0.03361286328926553,0.2678414282217932,0.00882510488495702,0.25901632333683616,116.73139285714251,0.5,2437,18,14,1.7732334426813336,1.1781281179399126,4.263424480437589,1.1320016787889882,24.432055850300706,16.143533503521947,24.57092570309738,16.0,16.12881612474225,9.095709417905868,8.30323972555846,7.047824085616081,0.0,SPX500,D1,macross,0,"{'fast': 10, 'slow': 30, 'ema_trend': 200, 'k_atr': 2.0, 'R': 2.0, 'H': 48}",0.0002864899859304586,False
27,PASS,1.6000000000000012,1.5806483779119456,0.3690262837740824,7.538957293406517,114.11385670240382,0.03962831501170061,0.33333333333333404,0.008109144673725952,0.3252241886596081,116.90399999999954,0.4444444444444444,2270,13,14,1.231704357116897,1.9807424383000911,1.5046999743366605,5.033132114749941,23.903894089915756,15.122840996106339,24.000000000000018,15.0,9.949427000461542,8.077772026195142,13.954467089454216,7.045068969911197,0.0,SPX500,D1,macross,1,"{'fast': 20, 'slow': 50, 'ema_trend': 200, 'k_atr': 2.0, 'R': 2.0, 'H': 96}",0.00048803445164422894,False
38,PASS,1.6810096267620287,1.6522049334538835,0.4214020663889729,9.359303996287455,135.4547690279507,0.03311863465292288,0.3791275122947577,0.011670095583424156,0.3674574167113337,87.548544642857,0.42105263157894735,2438,21,17,2.117254540830768,1.1460534487801748,5.215217586868896,0.8767335723904821,35.372882313790875,21.409500478760194,35.56197294418006,21.15512747697927,23.623865455716537,11.157782401754588,11.749016858074338,10.251718077005608,0.0,SPX500,D1,macross,2,"{'fast': 10, 'slow': 30, 'ema_trend': 100, 'k_atr': 1.5, 'R': 3.0, 'H': 48}",0.0003734079006991726,False
537,PASS,0.8860252504995951,0.800903246880282,-0.7191035866691012,1.1189569122748266,5.999630274911805,0.5723392488784934,-0.05730005215508807,0.04867257677758772,-0.10597262893267577,68.25450000000001,0.3947858472998138,2442,255,282,0.7839114348008394,0.8160208170517272,-1.6957132383155638,-1.4122444496897877,228.92007035810744,285.82737209495434,239.20307344443907,269.97320145172137,105.49232370548216,134.57173734464476,123.42774665262526,151.25563475030958,0.0,UK100,H4,trend,0,"{'ema_trend': 200, 'ema_fast': 50, 'ema_pull': 20, 'swing': 5, 'k_atr': 0.5, 'R': 2.0, 'H': 24}",1.0703244639176126e-10,False
419,PASS,0.8036468111324608,0.7446517813545837,-0.9040540812615068,0.5839868199362346,5.210675652440868,0.5556771969066907,-0.1128614882528506,0.040603823418724,-0.1534653116715746,79.43464285714253,0.37708830548926014,2442,204,215,0.6656047336427824,0.8205542585768745,-3.0092350788547266,-1.4966524695160444,187.5187282507576,251.82069384114735,193.54727570435105,240.83623928229548,82.10573991879313,123.35510216316723,105.41298833196447,128.46559167798011,0.0,UK100,H4,trend,1,"{'ema_trend': 200, 'ema_fast': 50, 'ema_pull': 20, 'swing': 10, 'k_atr': 0.5, 'R': 1.5, 'H': 48}",1.6600795280288921e-12,False
405,PASS,0.84366222700039,0.7887283226489101,-0.6450739504139229,2.3424937569262116,15.038829258768729,0.512089901499833,-0.08819228816255353,0.03595993407555301,-0.12415222223810651,83.34446428571482,0.36049382716049383,2439,202,203,0.708308898346554,0.8716116625814687,-2.328244320143716,-0.9198076911569572,187.71357319083177,237.99522319726495,192.74819403654016,228.4660707423743,85.55879226545008,120.793050129929,102.15478092538171,117.20217306733595,0.0,UK100,H4,trend,2,"{'ema_trend': 100, 'ema_fast': 30, 'ema_pull': 10, 'swing': 5, 'k_atr': 1.0, 'R': 3.0, 'H': 48}",1.052054985526566e-09,False
209,PASS,0.8125458314384163,0.7504661829876706,-0.6189951476087018,1.5639140023391835,15.715245212268862,0.37785031184850365,-0.12063191427441254,0.047589675746121926,-0.16822159002053447,66.30828571428538,0.3349282296650718,2417,113,96,0.5739426111282997,1.0058612607695854,-4.2067907414629095,0.04257033002524698,105.73767018316099,140.8959824974527,109.28517944070616,134.4972495240584,47.81648470784138,83.31230994304488,57.921185475319604,57.583672554407805,0.0,UK100,H4,macross,0,"{'fast': 10, 'slow': 30, 'ema_trend': 200, 'k_atr': 2.0, 'R': 2.0, 'H': 48}",1.1163260776249704e-09,False
159,PASS,0.6863964757325249,0.6399775604151868,-0.8573054704490531,1.8388903807885486,20.094662376473604,0.43542309717474187,-0.22948965411659708,0.04615723988770537,-0.2756468940043024,66.80178571428587,0.2641509433962264,2421,85,74,0.6372033421229015,0.6432150958118446,-3.486561488606872,-3.31767875552352,77.9086006064768,121.73645675316088,79.86460463776177,116.3534596423007,41.774575832537494,65.55925412029644,36.13402477393929,56.177202632864415,0.0,UK100,H4,macross,1,"{'fast': 20, 'slow': 50, 'ema_trend': 200, 'k_atr': 2.0, 'R': 2.0, 'H': 96}",2.7845708390563107e-11,False
275,PASS,0.8747534722810181,0.7971881815437271,-0.5311981163448872,2.733079306601852,17.762496890831894,0.45825810797797395,-0.0904737016595791,0.06579666711996046,-0.15627036877953956,49.73121428571358,0.26545454545454544,2425,141,134,0.6162864262461385,1.0082419938844887,-3.453083974622024,0.05775869344130155,168.91838610693043,211.8927375213038,173.77009313153823,198.65036108792248,70.31614253128004,114.09652969250452,98.60224357565039,97.79620782879925,0.0,UK100,H4,macross,2,"{'fast': 10, 'slow': 30, 'ema_trend': 100, 'k_atr': 1.5, 'R': 3.0, 'H': 48}",8.054994615759859e-09,False
281,PASS,0.8992572807599556,0.8407992918300036,-0.4095585568356795,1.5961739366499041,13.785675653681427,0.3639961449200807,-0.051949418691846404,0.033297488558884814,-0.08524690725073121,97.44596428571458,0.40213523131672596,2440,139,142,0.8336128746476136,0.8478333705616243,-1.2671085758457363,-1.1547198667402594,126.51216668541502,150.4665476228705,130.3038674078314,144.90165406024022,62.043580531157396,74.42733002100594,64.46858615425764,76.03921760186458,0.0,UK100,H8,trend,0,"{'ema_trend': 200, 'ema_fast': 50, 'ema_pull': 20, 'swing': 5, 'k_atr': 0.5, 'R': 2.0, 'H': 24}",2.6815297424869815e-08,False
211,PASS,0.8464410000127517,0.7978221220519772,-0.49442014723485406,0.862654133622175,12.24468442069412,0.35116467831265885,-0.0847893366921983,0.03052423707136526,-0.11531357376356355,110.82058928571405,0.3886255924170616,2432,101,110,0.875690456964747,0.7320392449405851,-0.9793385932659663,-2.3374839475393023,96.01416902107925,120.34533308519119,98.61548375303137,116.50603379508522,48.25956907722197,55.11030603724482,47.75459994385729,65.23502704794635,0.0,UK100,H8,trend,1,"{'ema_trend': 200, 'ema_fast': 50, 'ema_pull': 20, 'swing': 10, 'k_atr': 0.5, 'R': 1.5, 'H': 48}",5.170174788391065e-09,False
217,PASS,0.7725943327133346,0.7380784729005018,-0.6107456011040507,3.1657992398376287,29.94500612983769,0.42701568233851034,-0.13683526889134334,0.02484215021863031,-0.16167741910997369,118.46125000000029,0.33640552995391704,2433,102,115,0.8094584819983105,0.6805161542505884,-1.413116797195942,-2.6247340678325615,98.86451637167656,133.94851631854084,100.88068398341761,130.57393733283914,48.403332021060834,59.797176875048,50.46118435061574,74.15133944349287,0.0,UK100,H8,trend,2,"{'ema_trend': 100, 'ema_fast': 30, 'ema_pull': 10, 'swing': 5, 'k_atr': 1.0, 'R': 3.0, 'H': 48}",3.343915014585923e-09,False
119,PASS,0.7793059841329988,0.7405232334945308,-0.48599488054505513,2.4902986455457223,30.212848970479982,0.27845013599041046,-0.14486535924221547,0.031022460766843663,-0.1758878200090591,92.79278571428586,0.31092436974789917,2418,63,56,0.6302236836644347,0.8682421397172873,-3.3715616080796065,-1.0344102531842492,59.73418451365429,80.66483509473234,60.87359672166772,78.11257447149134,27.278691040900014,43.28414140561666,32.45549347275427,37.38069368911565,0.0,UK100,H8,macross,0,"{'fast': 10, 'slow': 30, 'ema_trend': 200, 'k_atr': 2.0, 'R': 2.0, 'H': 48}",1.5046917776486408e-08,False
81,PASS,0.8999207948276075,0.8562852206623174,-0.21271057030926024,3.182598933895367,41.335878470154384,0.17789595253231663,-0.06671947011492832,0.03224311002599072,-0.09896258014091905,99.21664285714269,0.3333333333333333,2411,40,41,0.8313250468577013,0.8811245837535915,-1.3729186198466103,-0.9346060441827899,47.760959647076845,55.77692863849129,48.595722920690804,54.0,23.12813498327266,27.820808564224006,24.632824663804186,27.956120074267286,0.0,UK100,H8,macross,1,"{'fast': 20, 'slow': 50, 'ema_trend': 200, 'k_atr': 2.0, 'R': 2.0, 'H': 96}",7.597627590393587e-07,False
152,PASS,0.9625831416086587,0.9069130739166449,-0.16821918217748258,4.303234586154725,35.42435107524084,0.3067337520242413,-0.02626558273805447,0.04192752012122532,-0.06819310285927978,69.10068750000028,0.28289473684210525,2420,77,75,0.8431507955097556,0.9740923584219515,-1.167462992461112,-0.17912925189531168,100.98596342899806,111.35131506360858,102.70735844066628,106.69972701685056,48.167982705867054,57.128550387888154,52.817980723131,54.222764675720434,0.0,UK100,H8,macross,2,"{'fast': 10, 'slow': 30, 'ema_trend': 100, 'k_atr': 1.5, 'R': 3.0, 'H': 48}",1.4476866453426253e-06,False
97,PASS,0.8360994581586357,0.781605885068375,-0.3470861274362574,2.2280103947543686,44.17287702039147,0.1698038695569375,-0.08578498046171056,0.033247654382860384,-0.11903263484457097,166.91905357142878,0.3917525773195876,2423,50,47,0.6558255503406859,0.9230644629606579,-2.922114997944559,-0.5685178509674724,41.32231754535798,52.86848312528135,42.44832361753753,50.76946672232346,18.353325803665676,27.985072850747514,22.968991741692307,24.88341027453385,0.0,UK100,D1,trend,0,"{'ema_trend': 200, 'ema_fast': 50, 'ema_pull': 20, 'swing': 5, 'k_atr': 0.5, 'R': 2.0, 'H': 24}",9.735250494861077e-08,False
82,PASS,0.7010222301874964,0.6618311836418197,-0.5575214553400094,0.5881798540852241,36.30943954153726,0.20473419579817526,-0.17443512872182054,0.02976568867533836,-0.20420081739715887,177.79974999999968,0.36585365853658536,2433,38,44,0.5955211389218137,0.7239885987046591,-3.8568416892268615,-2.380694453258343,32.77064559349104,49.515112620058076,33.53827292569822,47.84195348088751,14.267068998601744,23.95728390839687,18.5035765948893,25.557828711661205,0.0,UK100,D1,trend,1,"{'ema_trend': 200, 'ema_fast': 50, 'ema_pull': 20, 'swing': 10, 'k_atr': 0.5, 'R': 1.5, 'H': 48}",1.6773367396792726e-09,False
78,PASS,0.7460733675205069,0.7118205659496767,-0.41954169118291473,4.19593215209743,78.54929169613874,0.19735956822960424,-0.1518987927212178,0.025483638053599322,-0.1773824307748171,202.49108928571513,0.358974358974359,2433,35,43,0.8082879046662191,0.6473462446408325,-1.4515861576073155,-3.017113045745305,34.17533277147611,48.01116237191184,34.81145766670893,46.65956349896391,15.546284218790223,19.233597495449384,18.629048552685887,28.77756487646245,0.0,UK100,D1,trend,2,"{'ema_trend': 100, 'ema_fast': 30, 'ema_pull': 10, 'swing': 5, 'k_atr': 1.0, 'R': 3.0, 'H': 48}",7.174662168238417e-08,False
44,PASS,1.0042167507590438,0.9541545357103313,-0.04616403812849283,4.644115529704203,84.45433820809474,0.08559916301895902,0.002481753213001839,0.030348071327462634,-0.027866318114460817,155.16260714285727,0.38636363636363635,2426,20,24,1.1357864606889743,0.8249197026060322,0.9083663104532367,-1.3763850357994731,25.51846875835595,26.744586755392234,26.005235966498308,25.896038825126226,12.62809618877578,11.118371829433068,12.890372569580176,15.626214925959166,0.0,UK100,D1,macross,0,"{'fast': 10, 'slow': 30, 'ema_trend': 200, 'k_atr': 2.0, 'R': 2.0, 'H': 48}",5.84453484130373e-06,False
36,PASS,0.5490737244078652,0.5271042919888164,-0.591471578739608,2.8626638739218713,90.90196044535261,0.2023619235800258,-0.3507204365716604,0.026783212163804405,-0.3775036487354649,165.12796428571437,0.2222222222222222,2276,15,21,0.6462384682377662,0.4502477575735306,-3.2204338492410387,-6.025809471874922,15.147983887954977,28.73811524243171,15.374064283420225,28.0,7.282766709141281,11.269472597322668,7.865217178813696,17.468642645109046,0.0,UK100,D1,macross,1,"{'fast': 20, 'slow': 50, 'ema_trend': 200, 'k_atr': 2.0, 'R': 2.0, 'H': 96}",1.5031279148626175e-08,False
54,PASS,0.9228502611805399,0.8714655607979409,-0.14370044439013913,6.6885871994181825,99.86526924565216,0.15409252990265135,-0.054884095039874826,0.04032602901813905,-0.09521012405801382,115.42875000000004,0.2777777777777778,2426,26,28,1.02213890915173,0.7388194041023899,0.15327747109603992,-2.051906456517846,34.85841313994379,39.99975983907654,35.451698472752746,38.415439604905984,19.141920192483695,18.727317804944455,15.716492947460093,21.27244203413208,0.0,UK100,D1,macross,2,"{'fast': 10, 'slow': 30, 'ema_trend': 100, 'k_atr': 1.5, 'R': 3.0, 'H': 48}",2.3840061033340513e-06,False
533,PASS,0.890219782233292,0.8397127927845601,-0.5628302156861595,1.2221460343654134,6.285307062114147,0.42373346106456383,-0.05669136502596965,0.02893878523665665,-0.08563015026262631,369.8222500000047,0.3977485928705441,2467,264,269,0.7418127393825593,0.9419238571740055,-2.0930554134726833,-0.4181453341600355,239.10343909643288,284.7443091864127,245.0288806481348,275.24537820697657,107.88871823287053,145.43929014035356,131.21472086356235,139.30501904605916,0.0,JP225,H4,trend,0,"{'ema_trend': 200, 'ema_fast': 50, 'ema_pull': 20, 'swing': 5, 'k_atr': 0.5, 'R': 2.0, 'H': 24}",1.4945731292537497e-09,False
397,PASS,0.9182358046647817,0.8767211763199021,-0.3935312593901436,0.7324864540592245,5.406785825488639,0.36598876760213545,-0.04383296352546401,0.024056990375836265,-0.06788995390130027,437.1255357142836,0.42065491183879095,2467,197,200,0.8132727076823832,0.9410719222884246,-1.5377322288021134,-0.456777149448043,191.67657276195737,218.62888446077358,195.42602429275135,212.82771081236055,89.53011408387664,110.08621491678271,102.14645867808073,108.54266954399087,0.0,JP225,H4,trend,1,"{'ema_trend': 200, 'ema_fast': 50, 'ema_pull': 20, 'swing': 10, 'k_atr': 0.5, 'R': 1.5, 'H': 48}",2.072764822159713e-08,False
424,PASS,0.89784376862236,0.8616517612945945,-0.40297779320868043,2.565219298960178,14.872811651145298,0.37022406609128067,-0.057771568327158206,0.022506129682002447,-0.0802776980091606,441.4316071428584,0.37735849056603776,2467,211,213,0.7983295689899655,0.9240001201321044,-1.4683916851614494,-0.5236909786343458,211.99172685193025,246.02947080781433,215.28606700610587,239.7812119768209,97.44529040657204,122.06148211428314,114.54643644535821,123.96798869353123,0.0,JP225,H4,trend,2,"{'ema_trend': 100, 'ema_fast': 30, 'ema_pull': 10, 'swing': 5, 'k_atr': 1.0, 'R': 3.0, 'H': 48}",3.581469810011701e-08,False
206,PASS,1.290172586688998,1.2344204095154734,0.44258460711370906,2.145258556060237,15.28983076559216,0.09645782289139754,0.15966685260753682,0.027098639079596615,0.1325682135279402,360.2557142857131,0.4368932038834951,2431,96,110,1.2810196588761327,1.1960667500164373,1.789860491301893,1.3203100561248537,143.80510300552612,116.49605101877047,146.24243629993902,113.35106466278641,67.37449961335365,52.59443065258094,76.43060339217247,63.90162036618952,0.0,JP225,H4,macross,0,"{'fast': 10, 'slow': 30, 'ema_trend': 200, 'k_atr': 2.0, 'R': 2.0, 'H': 48}",0.0014169080137373126,True
133,PASS,1.3076194107036385,1.2551863354600845,0.3960148741198786,3.120794530708555,23.153624860774865,0.11276690145233391,0.1816782098692931,0.026950858498216393,0.15472735137107668,346.56292857143126,0.39849624060150374,2435,65,68,1.255846466192726,1.2545494580807606,1.6971118930003304,1.6854643044730278,101.22074270198087,80.64200496962766,102.71221758541074,78.54901567279475,49.729145446312444,39.598109151888046,51.49159725566843,41.04389581773962,0.0,JP225,H4,macross,1,"{'fast': 20, 'slow': 50, 'ema_trend': 200, 'k_atr': 2.0, 'R': 2.0, 'H': 96}",0.0007722838914278579,True
252,PASS,1.611403875555643,1.5341824864935942,0.9379052691684594,3.319551056063005,16.237655453729964,0.1437528018956783,0.37030853345498227,0.035539007284135664,0.33476952617084654,275.8141339285721,0.3888888888888889,2425,113,139,1.7341020224004404,1.387574122938624,3.7936945939321296,2.2833328953311454,242.28907606735285,157.9271554722995,245.94640419221125,152.6286537615557,115.86492849803437,66.81552007975154,126.42414756931845,91.11163539254797,0.0,JP225,H4,macross,2,"{'fast': 10, 'slow': 30, 'ema_trend': 100, 'k_atr': 1.5, 'R': 3.0, 'H': 48}",0.06659525812688664,True
267,PASS,0.8908019559939399,0.8557666836039466,-0.35741362588207787,1.8692944770720625,15.228009677613807,0.3489831270434148,-0.056981457384188666,0.020144592913241676,-0.07712605029743033,521.7068214285755,0.3895131086142322,2463,138,129,0.6549223035388353,1.1271319168009704,-3.0040124726593134,0.8247559815383468,122.18056745667776,142.77322288609167,124.1112406311763,139.32528975275468,53.73483572603595,82.04764967643159,68.44573173064181,60.72557320966007,0.0,JP225,H8,trend,0,"{'ema_trend': 200, 'ema_fast': 50, 'ema_pull': 20, 'swing': 5, 'k_atr': 0.5, 'R': 2.0, 'H': 24}",5.674923052100867e-08,False
215,PASS,0.9581546703091304,0.9268757882664238,-0.16771854683546744,1.0718838976823954,12.278186220248253,0.2356279283574698,-0.022549110366985477,0.017659540164023352,-0.04020865053100884,569.5346428571393,0.4186046511627907,2463,112,103,0.7988381775653765,1.0842139485296514,-1.684568761523762,0.6014769995057061,109.5767203651547,118.22158022932157,111.00856767879219,115.85662640769407,52.06819735249404,65.17990603701813,57.50852301266066,53.041674192303475,0.0,JP225,H8,trend,1,"{'ema_trend': 200, 'ema_fast': 50, 'ema_pull': 20, 'swing': 10, 'k_atr': 0.5, 'R': 1.5, 'H': 48}",7.984816735020136e-07,False
213,PASS,1.0072595677536111,0.98063673319988,-0.037658852521047094,3.898588384415985,31.831809719931524,0.21627837102602063,0.003991731259213627,0.014833170118639619,-0.010841438859425989,641.7153571428607,0.352112676056338,2455,103,110,0.9575274708423073,1.0017819770147205,-0.27971126898604654,0.011695970621667398,116.94887706998628,119.25810354704403,117.96998845537443,117.11974969716192,54.56250986309588,56.98270966064183,62.386367206890405,62.27539388640218,0.0,JP225,H8,trend,2,"{'ema_trend': 100, 'ema_fast': 30, 'ema_pull': 10, 'swing': 5, 'k_atr': 1.0, 'R': 3.0, 'H': 48}",5.600458526378261e-06,False
107,PASS,0.9089230352645727,0.8809804363164243,-0.19309425721357157,3.0750208783834787,34.23168690794101,0.20374141210257732,-0.05689604398517515,0.018957686054498463,-0.07585373003967362,500.7614285714262,0.3364485981308411,2434,53,54,0.7765517250649084,0.9944932462550912,-1.8531322573165363,-0.03927852606549149,60.07705424776976,68.19340336201485,60.755333583901105,66.84321029031486,27.5814853734267,35.51789852906616,32.49556887434306,32.67550483294868,0.0,JP225,H8,macross,0,"{'fast': 10, 'slow': 30, 'ema_trend': 200, 'k_atr': 2.0, 'R': 2.0, 'H': 48}",8.536895146775078e-07,False
90,PASS,0.6960952042928262,0.6756169854759755,-0.5567559411487945,2.794447454765243,38.821711665414945,0.254802346390237,-0.22314349653319296,0.01983933702723573,-0.24298283356042877,458.66678571428747,0.25555555555555554,2449,44,46,0.7238838838699112,0.6298919553958723,-2.414602611814663,-3.431305365347484,45.54708167936896,67.41553669980753,45.99999999999992,66.0829146879873,23.740635694282613,32.79619317861348,21.806445985086345,34.619343521194054,0.0,JP225,H8,macross,1,"{'fast': 20, 'slow': 50, 'ema_trend': 200, 'k_atr': 2.0, 'R': 2.0, 'H': 96}",5.3894990940885055e-09,False
137,PASS,1.1064621431600246,1.067793670931123,0.10683553359532116,4.630201301916227,37.70665181529623,0.15693684235010597,0.07340961780254573,0.025463171982094118,0.047946445820451614,373.7716071428549,0.291970802919708,2435,68,69,1.0612289096345564,1.0741618878218602,0.4102452206553539,0.4860549631418938,103.46064410134588,96.891981023944,104.52372652387231,94.46660888492353,50.63096548418361,47.709749540859036,52.82967861716227,49.18223148308496,0.0,JP225,H8,macross,2,"{'fast': 10, 'slow': 30, 'ema_trend': 100, 'k_atr': 1.5, 'R': 3.0, 'H': 48}",3.064219157920185e-05,True
102,PASS,1.0496240748401977,1.0255008244007766,0.03521865512101218,3.6906393854636126,44.30928802925986,0.0961889859225303,0.024669862485591637,0.01180889221365307,0.01286097027193856,839.5818125000023,0.4215686274509804,2453,51,51,0.8501106830130258,1.2483535539079071,-1.1287572241994874,1.4728292764612916,52.75403695727808,51.442217989540346,53.22409194465559,50.70776597112524,24.4717544841012,28.786550943421368,28.28228247317688,22.655667046118975,0.0,JP225,D1,trend,0,"{'ema_trend': 200, 'ema_fast': 50, 'ema_pull': 20, 'swing': 5, 'k_atr': 0.5, 'R': 2.0, 'H': 24}",1.3292857859499395e-05,False
80,PASS,0.981379317464487,0.9610934145939178,-0.052693170067480886,2.1644620148176776,38.39876393086473,0.11237121397990081,-0.009726136439174587,0.010849577239938657,-0.020575713679113216,946.6577767857125,0.425,2453,39,41,0.9584471133705836,0.9636681092906956,-0.3102719251651355,-0.2670938067192793,40.66187296811552,42.30793006244457,41.008289022873605,41.78637993800757,19.996883485247835,20.863836101425075,20.664989482867675,21.44409396101949,0.0,JP225,D1,trend,1,"{'ema_trend': 200, 'ema_fast': 50, 'ema_pull': 20, 'swing': 10, 'k_atr': 0.5, 'R': 1.5, 'H': 48}",4.458561482954428e-06,False
75,PASS,0.8694297472204093,0.8556039705563281,-0.18235937100062116,6.318361930455211,91.26685347026701,0.16858996741100854,-0.08237587260550998,0.00972499374743996,-0.0921008663529499,1032.1853571428546,0.30666666666666664,2453,37,38,0.5294201996964322,1.2782824727425253,-4.437753417869938,1.5726052931934058,40.93007296332995,47.8376379398012,41.138792664379444,47.3169831097927,14.29481183405637,27.00088104355098,26.63526112927358,20.836756896250208,0.0,JP225,D1,trend,2,"{'ema_trend': 100, 'ema_fast': 30, 'ema_pull': 10, 'swing': 5, 'k_atr': 1.0, 'R': 3.0, 'H': 48}",1.3761510312489228e-06,False
46,PASS,0.907398217280717,0.8894348920668257,-0.11742273462317195,4.661712545419437,83.99199756831588,0.09195028957779254,-0.0583793847578089,0.012111602302917652,-0.07049098706072657,756.3139285714278,0.3695652173913043,2449,26,20,1.0642525867798838,0.6738141939973802,0.45400136764033655,-2.7750632339034045,26.084798843347937,29.327384248141364,26.314548301140793,29.0,17.236773514465515,16.196130250074315,8.848025328882425,13.131253998067049,0.0,JP225,D1,macross,0,"{'fast': 10, 'slow': 30, 'ema_trend': 200, 'k_atr': 2.0, 'R': 2.0, 'H': 48}",2.377031956155824e-06,False
34,PASS,0.2666666666666669,0.2620834641379286,-1.1272261525652467,0.2711424549114265,91.47537303149284,0.21799922612158734,-0.6470588235294116,0.011659635252174769,-0.6587184587815864,813.1910714285714,0.11764705882352941,2148,17,17,0.26136751408717107,0.26280163116748056,-10.523501659422095,-10.465151789957607,7.954467807787024,30.35089540636096,8.000000000000007,30.0,3.97250058818286,15.198907186521868,3.9819672196041633,15.15198821983909,0.0,JP225,D1,macross,1,"{'fast': 20, 'slow': 50, 'ema_trend': 200, 'k_atr': 2.0, 'R': 2.0, 'H': 96}",3.5865912307039833e-12,False
61,PASS,1.4424824488994736,1.4083194918040578,0.36201378100618037,7.606028034333291,90.12012968617682,0.0695562450351124,0.26839099359476265,0.016685635628430798,0.25170535796633187,561.4280357142852,0.39344262295081966,2448,32,29,1.2111850519739866,1.6685539394111562,1.2856086811804563,3.3790476044089317,52.95699986108473,37.60297302513849,53.37185060928052,37.0,25.91378500471461,21.395396981229567,27.043214856370124,16.20757604390893,0.0,JP225,D1,macross,2,"{'fast': 10, 'slow': 30, 'ema_trend': 100, 'k_atr': 1.5, 'R': 3.0, 'H': 48}",0.0002782868628411872,True
