instrument,window,variant,or_minutes,target,bh_sharpe,bh_max_dd,split,n_cands,n_trades,guard,n_long,n_short,gross_pf,net_pf,sharpe,skew,ekurt,max_dd,cost_R_mean,net_R_total,win_rate,risk_med_bps,n_obs,is_trades,oos_trades,is_pf,oos_pf,is_sharpe,oos_sharpe,top_year_share,n_years,n_pos_years,dsr,oos_holds,not_conc,beats_bh,thin,SURVIVOR
XAUUSD,in,ORIGINAL,15,1R,1.1939063464653195,0.2038764411892057,2023-01-01,1284,1284,PASS,659,625,1.1675563433834744,0.8247916224440686,-1.3162129691907598,-0.24387398071319336,-1.5631366882956514,0.6996127680018989,0.16194338692807214,-114.57270836712007,0.5311526479750779,23.621649118135043,1601,971,313,0.8280056320851579,0.8149453876997758,-1.436330851211053,-1.5765431966597718,,8,1,4.3441755010859684e-32,False,False,False,False,False
XAUUSD,in,RETEST,15,1R,1.1939063464653195,0.2038764411892057,2023-01-01,481,481,PASS,231,250,1.628708339879051,1.140621571749431,0.5503161576697205,-0.6233827047434067,1.2356066956027427,0.18828106795545219,0.16543963003753104,28.66999626983608,0.604989604989605,22.45903517818307,1598,353,128,1.0758173826836068,1.3452692550080674,0.5554161363503218,2.281337000601665,0.46564228625599186,8,5,4.25021463831635e-12,True,True,False,False,False
XAUUSD,in,DI,15,1R,1.1939063464653195,0.2038764411892057,2023-01-01,684,684,PASS,406,278,1.0988395479100082,0.7767864904456264,-1.267277694456816,-0.47362965182177846,-0.3147170217961657,0.583905988524418,0.16255663226459097,-80.69555572421055,0.5175438596491229,23.49043193690803,1583,539,145,0.7405037257926014,0.9336553794655289,-2.3032240821950833,-0.5239785357042401,,8,1,1.3561999616279746e-31,False,False,False,False,False
XAUUSD,in,ORIGINAL,15,2R,1.1939063464653195,0.2038764411892057,2023-01-01,1284,1284,PASS,659,625,1.1318094706681132,0.8569762664061482,-1.0136171029991645,0.5782420889145755,-1.0572059062144223,0.7226280948957772,0.16194338692807214,-116.89602419614849,0.40109034267912774,23.621649118135043,1601,971,313,0.8801792439345426,0.7830084957204542,-0.9389459592045208,-1.778599499990458,,8,1,8.25836720706007e-27,False,False,False,False,False
XAUUSD,in,RETEST,15,2R,1.1939063464653195,0.2038764411892057,2023-01-01,481,481,PASS,231,250,1.533573033603015,1.1469014452419801,0.5461203717557869,0.7885089865462347,1.8094605231466478,0.18393162799689516,0.16543963003753104,39.205713319637546,0.4677754677754678,22.45903517818307,1598,353,128,1.1224409647895497,1.2267008803652164,0.8474513961045773,1.4400851453148098,0.6212703626171528,8,5,1.201727549964122e-12,True,False,False,False,False
XAUUSD,in,DI,15,2R,1.1939063464653195,0.2038764411892057,2023-01-01,684,684,PASS,406,278,1.1072768383183735,0.8421193136124205,-0.8340695443723043,0.6539337555556342,0.40494504410514853,0.6036652840437369,0.16255663226459097,-70.57582162161533,0.39766081871345027,23.49043193690803,1583,539,145,0.8254167240122744,0.9159249547331151,-1.4298100082864107,-0.6289700609648871,,8,2,1.4591621756497306e-24,False,False,False,False,False
XAUUSD,in,ORIGINAL,15,close,1.1939063464653195,0.2038764411892057,2023-01-01,1284,1284,PASS,659,625,1.229996036958587,0.955467904012415,-0.2411771230239283,2.9323344074838924,17.04147679542866,0.5666347966312963,0.16194338692807214,-38.86815649022459,0.3605919003115265,23.621649118135043,1601,971,313,0.9793694668544803,0.8744216645511038,-0.12146777777304552,-0.8534536750357473,,8,3,1.5007140020117125e-18,False,False,False,False,False
XAUUSD,in,RETEST,15,close,1.1939063464653195,0.2038764411892057,2023-01-01,481,481,PASS,231,250,1.6325232747813432,1.2448681097057444,0.7422530321037485,2.9751296449087237,15.975528660292051,0.14828432939920447,0.16543963003753104,69.04490096193113,0.4303534303534304,22.45903517818307,1598,353,128,1.207814058180316,1.3718290879432125,1.1762087606500538,1.918299278430395,0.33373328299585964,8,7,2.918577261578099e-12,True,True,False,False,False
XAUUSD,in,DI,15,close,1.1939063464653195,0.2038764411892057,2023-01-01,684,684,PASS,406,278,1.3164788482800212,1.033583165465445,0.12338237240387499,4.529884855613632,39.28253165252461,0.3801145199162262,0.16255663226459097,15.959986801967423,0.3611111111111111,23.49043193690803,1583,539,145,1.038262476224738,1.0123967424116607,0.21102325441287936,0.07627856052599345,2.7621116633715532,8,4,3.104982163673786e-16,True,False,False,False,False
XAUUSD,in,ORIGINAL,30,1R,1.1939063464653195,0.2038764411892057,2023-01-01,1263,1263,PASS,648,615,1.2487080599286278,0.9384843267384436,-0.41557578151054975,-0.2546240602065895,-1.3402552649709145,0.40684057832213283,0.1178601361262181,-32.83123513314754,0.5249406175771971,31.360630745148484,1601,956,307,0.9552420708645336,0.886539745793305,-0.33808642683361256,-0.8810897917943222,,8,3,3.3499257811580703e-21,False,False,False,False,False
XAUUSD,in,RETEST,30,1R,1.1939063464653195,0.2038764411892057,2023-01-01,465,465,PASS,234,231,1.7800878218880358,1.33565242629673,1.144378169763336,-0.39888670910886476,1.735754721918279,0.09963256294227875,0.11743386682289883,53.61846647579362,0.6021505376344086,30.639493230710023,1599,342,123,1.299998253317311,1.447280289373558,1.9409693107229902,2.6904691682274056,0.35848805700309533,8,6,5.088093436930882e-08,True,True,False,False,False
XAUUSD,in,DI,30,1R,1.1939063464653195,0.2038764411892057,2023-01-01,630,630,PASS,376,254,1.2218672782012587,0.9233364673906989,-0.37301274946479507,-0.42073947681220997,0.242443259562255,0.3505969891845862,0.1176320410858254,-20.946401649529342,0.5285714285714286,30.778998570859702,1581,477,153,0.8796788565651678,1.0855347019662493,-0.953380889787043,0.5994703829515307,,8,4,1.3954417927271362e-20,False,False,False,False,False
XAUUSD,in,ORIGINAL,30,2R,1.1939063464653195,0.2038764411892057,2023-01-01,1263,1263,PASS,648,615,1.1596201847337335,0.9024357089141751,-0.6256847671580096,0.6019043340633593,-0.5458395142564614,0.5916980716353517,0.1178601361262181,-61.57211682384582,0.4323040380047506,31.360630745148484,1601,956,307,0.9053708795141195,0.8926237343330338,-0.6858322056615718,-0.7657409743452069,,8,2,8.40927659413821e-23,False,False,False,False,False
XAUUSD,in,RETEST,30,2R,1.1939063464653195,0.2038764411892057,2023-01-01,465,465,PASS,234,231,1.6015493362675048,1.2419612759606087,0.789612520789681,0.991829678468779,3.4244237302277547,0.20854890031620205,0.11743386682289883,47.76087303168694,0.5053763440860215,30.639493230710023,1599,342,123,1.1833611920213474,1.4404877200467647,1.153183902621691,2.381047911755216,0.4555938659408246,8,5,5.372317999799095e-11,True,True,False,False,False
XAUUSD,in,DI,30,2R,1.1939063464653195,0.2038764411892057,2023-01-01,630,630,PASS,376,254,1.1703723171433567,0.9156973589748723,-0.3861606895417119,0.7043635376072036,1.5645205435586949,0.3782173871750164,0.1176320410858254,-26.866643336383063,0.4444444444444444,30.778998570859702,1581,477,153,0.8728119437002378,1.0855720808802607,-0.9564375113676401,0.5466055718219661,,8,4,3.269367593359742e-20,False,False,False,False,False
XAUUSD,in,ORIGINAL,30,close,1.1939063464653195,0.2038764411892057,2023-01-01,1263,1263,PASS,648,615,1.218910369614915,0.9594557428316111,-0.22059460374863288,2.1365805657048482,8.790249796604284,0.45986402516561736,0.1178601361262181,-26.265153729133065,0.41963578780680916,31.360630745148484,1601,956,307,0.9658629593918817,0.9375214892913563,-0.2066698105846427,-0.4019501847028519,,8,2,1.3271977110815094e-18,False,False,False,False,False
XAUUSD,in,RETEST,30,close,1.1939063464653195,0.2038764411892057,2023-01-01,465,465,PASS,234,231,1.6422417958295186,1.2848523816093889,0.7722246587164051,4.203812654695991,38.596471371780716,0.21391962767721967,0.11743386682289883,58.01252663773081,0.49032258064516127,30.639493230710023,1599,342,123,1.2326825470652323,1.462933286331031,1.1810492377046609,2.296527013568392,0.3522624906207817,8,7,1.1568319715768398e-12,True,True,False,False,False
XAUUSD,in,DI,30,close,1.1939063464653195,0.2038764411892057,2023-01-01,630,630,PASS,376,254,1.3041307529724369,1.0370626190559595,0.13520212996091097,3.4405677773157888,24.62669552186496,0.2830110878494281,0.1176320410858254,12.102012510374,0.43333333333333335,30.778998570859702,1581,477,153,1.0106315351244552,1.142647667949306,0.06177423074370456,0.8216257329125499,1.2480303009781406,8,5,5.036683667779466e-16,True,False,False,False,False
NAS100,in,ORIGINAL,15,1R,0.842374800132381,0.3567068346922749,2023-01-01,1616,1616,PASS,834,782,1.1286027540971975,0.9531426434342652,-0.33216845194381667,-0.15003973500905657,-1.635176153214943,0.4820668343382453,0.07919137284818437,-36.202674291752864,0.5247524752475248,45.791077694176415,2018,948,668,0.9278422421196317,0.989431949886889,-0.5771702303537412,-0.08254138873522653,,8,3,4.591840422469133e-25,False,False,False,False,False
NAS100,in,RETEST,15,1R,0.842374800132381,0.3567068346922749,2023-01-01,672,672,PASS,343,329,1.345224942394531,1.1425293586320073,0.5957381782021697,-0.26791103116747916,0.3248506579763486,0.11324971751838749,0.07735210014488537,41.71470713311979,0.5684523809523809,47.673567275717815,2014,411,261,1.0745328319527208,1.2579777880089988,0.5547875900375887,1.786381400131055,0.37616122266540636,8,6,1.674768216330244e-14,True,True,False,False,False
NAS100,in,DI,15,1R,0.842374800132381,0.3567068346922749,2023-01-01,806,806,PASS,473,333,1.1531416961271805,0.9732570324681207,-0.13289710703212976,-0.2649668827703604,-0.2519174994485023,0.295212814948847,0.07927322060289456,-10.17054964521059,0.5310173697270472,46.24440895418543,1999,484,322,0.9312848222018713,1.038104826196001,-0.5469268515018338,0.29027666771455934,,8,4,2.2409594835839254e-22,False,False,False,False,False
NAS100,in,ORIGINAL,15,2R,0.842374800132381,0.3567068346922749,2023-01-01,1616,1616,PASS,834,782,1.1640594977742065,1.0135375287081567,0.08752088766353841,0.618302578406814,-1.0455255388485374,0.3099374006918061,0.07919137284818437,12.609196695012873,0.4146039603960396,45.791077694176415,2018,948,668,1.0178856117176622,1.0075587146610296,0.12835651430594344,0.05507182814312968,1.5366508535247323,8,4,5.1203274471979234e-20,True,False,False,False,False
NAS100,in,RETEST,15,2R,0.842374800132381,0.3567068346922749,2023-01-01,672,672,PASS,343,329,1.3425943452482798,1.1734326437162397,0.669258073060378,0.9764215135166487,1.5520277841501011,0.14701172785874334,0.07735210014488537,63.039985318534285,0.4494047619047619,47.673567275717815,2014,411,261,1.1371002839791795,1.2323687989274963,0.9309530273340921,1.5154216664996536,0.31044765860789786,8,7,1.885767587004944e-14,True,True,False,False,False
NAS100,in,DI,15,2R,0.842374800132381,0.3567068346922749,2023-01-01,806,806,PASS,473,333,1.1344300495475563,0.9864941920680625,-0.0627753467796533,0.8645502926783591,0.9358058922946415,0.3325220435411355,0.07927322060289456,-6.2915984989855875,0.4143920595533499,46.24440895418543,1999,484,322,0.9410841189052415,1.0543967683804367,-0.43827524106349847,0.3884875482539146,,8,4,1.9506903120214946e-21,False,False,False,False,False
NAS100,in,ORIGINAL,15,close,0.842374800132381,0.3567068346922749,2023-01-01,1616,1616,PASS,834,782,1.1639977320131996,1.0191252376355147,0.109910815651539,1.666821332759248,3.7669013691284214,0.37037135956552164,0.07919137284818437,18.60501140023255,0.3873762376237624,45.791077694176415,2018,948,668,1.0430305294219446,0.9868312021566102,0.27163459324297445,-0.08653752912195414,1.8020112983078604,8,4,6.543451747520181e-20,False,False,False,False,False
NAS100,in,RETEST,15,close,0.842374800132381,0.3567068346922749,2023-01-01,672,672,PASS,343,329,1.360080222628128,1.1958812045769371,0.6616086511307198,2.6577120613585525,13.425955837407415,0.22009645491209953,0.07735210014488537,74.79456496499519,0.41964285714285715,47.673567275717815,2014,411,261,1.2603327288946238,1.0970103162302371,1.457138001170758,0.6122420423449065,0.3263858470935726,8,6,1.934288722732027e-15,True,True,False,False,False
NAS100,in,DI,15,close,0.842374800132381,0.3567068346922749,2023-01-01,806,806,PASS,473,333,1.2053401431382076,1.0561212934011088,0.2262957038913717,2.2433436048620785,9.3279339520878,0.254998135987107,0.07927322060289456,27.051585845616906,0.3945409429280397,46.24440895418543,1999,484,322,1.0349055753176637,1.0871500634358842,0.2204190549733228,0.5569531772031965,0.5363208312695946,8,5,8.45911205413185e-19,True,True,False,False,False
NAS100,in,ORIGINAL,30,1R,0.842374800132381,0.3567068346922749,2023-01-01,1609,1609,PASS,855,754,1.163655938971412,1.013973401378088,0.09217410760945995,-0.15798147792735012,-1.4405713161843077,0.30574402904279935,0.05744399395119999,9.2736575427253,0.5282784338098198,60.064713524859016,2018,944,665,0.9938389709085014,1.0430917924261143,-0.045852552137796154,0.3147349332264085,1.9254345585389687,8,4,6.919339431006607e-20,False,False,False,False,False
NAS100,in,RETEST,30,1R,0.842374800132381,0.3567068346922749,2023-01-01,685,685,PASS,353,332,1.3911710910555353,1.2185686278938022,0.8500550230678902,-0.19912453992443613,0.7449184637369126,0.12162352462937265,0.054696479198642435,55.31606195331538,0.564963503649635,63.175256079809145,2017,419,266,1.2018431635994384,1.245420620605724,1.3554783102859387,1.6284749322867713,0.34382258537822363,8,7,3.2530421591195407e-12,True,True,True,False,False
NAS100,in,DI,30,1R,0.842374800132381,0.3567068346922749,2023-01-01,820,820,PASS,491,329,1.1706361210746146,1.020744043875658,0.09760457774249298,-0.20883108722294957,0.04102769544270224,0.2819715250722663,0.05715873933806649,6.988770507121444,0.5341463414634147,59.045224378164896,2001,489,331,0.9437811239285828,1.1429386378521007,-0.4271308475213437,0.999058846245097,2.16249029440282,8,4,1.1458668096909007e-19,False,False,False,False,False
NAS100,in,ORIGINAL,30,2R,0.842374800132381,0.3567068346922749,2023-01-01,1609,1609,PASS,855,754,1.1735872626821535,1.038563724867746,0.23439174354996253,0.5834624372544931,-0.6487079187797438,0.33465128858876825,0.05744399395119999,28.87852158448188,0.4605344934742076,60.064713524859016,2018,944,665,0.9860283655343379,1.1139340382595266,-0.09767070484301187,0.7479442455463452,0.7387745384742166,8,4,1.773071949325797e-18,False,False,False,False,False
NAS100,in,RETEST,30,2R,0.842374800132381,0.3567068346922749,2023-01-01,685,685,PASS,353,332,1.3796401827027147,1.2257666737575512,0.8128532932753367,0.9565037829008338,2.5136726709774155,0.148177798757663,0.054696479198642435,65.53023360555537,0.4948905109489051,63.175256079809145,2017,419,266,1.133474795284598,1.377019827748584,0.8599867112956378,2.1971471199736436,0.4301029397421648,8,6,3.3891688083790315e-13,True,True,False,False,False
NAS100,in,DI,30,2R,0.842374800132381,0.3567068346922749,2023-01-01,820,820,PASS,491,329,1.1835764015042634,1.0483914747751546,0.21070514323743536,0.8023018759688737,1.5240279337909421,0.28638138747306824,0.05715873933806649,18.41744204232787,0.4719512195121951,59.045224378164896,2001,489,331,0.9558531940042037,1.1913764589450293,-0.3143107001670552,1.2201513880378891,0.886550554105807,8,3,1.2574380806480742e-18,False,False,False,False,False
NAS100,in,ORIGINAL,30,close,0.842374800132381,0.3567068346922749,2023-01-01,1609,1609,PASS,855,754,1.1720504188687675,1.039220399930984,0.22033058816887385,1.568416966004618,5.550520584163239,0.40445340043542066,0.05744399395119999,29.90807679342596,0.45059042883778744,60.064713524859016,2018,944,665,0.9868576380194677,1.1129186442592698,-0.0864975256225975,0.6711042344890243,0.7872849255936951,8,5,7.501409493251451e-19,False,False,False,False,False
NAS100,in,RETEST,30,close,0.842374800132381,0.3567068346922749,2023-01-01,685,685,PASS,353,332,1.3298877170477565,1.181571765004279,0.6275320721223875,1.9875664596928042,10.929065831543848,0.18392355253781492,0.054696479198642435,53.85417986166544,0.4832116788321168,63.175256079809145,2017,419,266,1.1266338042126316,1.2669118042642835,0.7820853390203607,1.4983423849272395,0.41193546906029227,8,5,2.355943786059983e-15,True,True,False,False,False
NAS100,in,DI,30,close,0.842374800132381,0.3567068346922749,2023-01-01,820,820,PASS,491,329,1.1896866368108152,1.0557902048936603,0.22965435590637392,1.658435486114542,7.486283579867562,0.2721976709771254,0.05715873933806649,21.542227186733832,0.46463414634146344,59.045224378164896,2001,489,331,0.9844466416505855,1.1633361534053859,-0.10351928957481209,0.9999414631461109,0.9229977278203987,8,4,1.2147813453965375e-18,False,False,False,False,False
NAS100,out,ORIGINAL,15,1R,1.2072173790053602,0.16562549731079687,2016-01-01,974,974,PASS,493,481,0.8913410839471282,0.6067436665720993,-3.710828085494015,0.058135251449972634,-1.8031573146707027,0.8951645753217846,0.1748487305864289,-221.46938081896272,0.4589322381930185,31.58342458376602,1015,514,460,0.5731178405108313,0.6479717458603411,-4.234543872006627,-3.284042143556633,,5,0,2.960345776871807e-15,False,False,False,False,False
NAS100,out,RETEST,15,1R,1.2072173790053602,0.16562549731079687,2016-01-01,392,392,PASS,192,200,1.0796486918355872,0.7512883626442592,-1.3424415547263762,-0.5353818940427458,0.06721958677651418,0.4086733255368947,0.16637169445502295,-51.300800843321184,0.5102040816326531,32.919826535451016,1015,197,195,0.635203198702044,0.8989428821802291,-3.4799193194997526,-0.800563569695201,,5,1,0.0007298517582365117,False,False,False,False,False
NAS100,out,DI,15,1R,1.2072173790053602,0.16562549731079687,2016-01-01,474,474,PASS,275,199,0.950874776678328,0.6434863953328251,-2.2608683249080506,-0.4487279742671115,-0.5200131956222167,0.6320268834791053,0.1796077876941097,-96.16101733308119,0.4767932489451477,31.551958131776104,1015,244,230,0.5982058058385398,0.6982300103448172,-3.9164172422067085,-2.7107141952081566,,5,0,1.6540573853211877e-07,False,False,False,False,False
NAS100,out,ORIGINAL,15,2R,1.2072173790053602,0.16562549731079687,2016-01-01,974,974,PASS,493,481,1.021713534162115,0.7502166436942701,-2.0533883687558285,0.6572206523953626,-1.1761781366191777,0.8167647101903918,0.1748487305864289,-158.78864312409408,0.3737166324435318,31.58342458376602,1015,514,460,0.7083787546197026,0.8037439295967068,-2.5487533912573186,-1.5693699735418725,,5,0,6.682635961245716e-06,False,False,False,False,False
NAS100,out,RETEST,15,2R,1.2072173790053602,0.16562549731079687,2016-01-01,392,392,PASS,192,200,1.151567668842663,0.8600599660551841,-0.6797870141993815,0.7073594791289375,0.9899098366229246,0.42345587678331215,0.16637169445502295,-34.06304407972321,0.4005102040816326,32.919826535451016,1015,197,195,0.701094362250867,1.069676712853522,-2.636781699136148,0.4776303876625254,,5,1,0.03935749324042627,False,False,False,False,False
NAS100,out,DI,15,2R,1.2072173790053602,0.16562549731079687,2016-01-01,474,474,PASS,275,199,0.9992152397632699,0.7313326673969722,-1.5643623052244509,0.6269398220080477,0.3401737360311561,0.611812801403342,0.1796077876941097,-85.34164972671007,0.3691983122362869,31.551958131776104,1015,244,230,0.6507713846671676,0.8360896601941851,-3.2162717094473585,-1.2896581750873763,,5,0,0.0002837140776250143,False,False,False,False,False
NAS100,out,ORIGINAL,15,close,1.2072173790053602,0.16562549731079687,2016-01-01,974,974,PASS,493,481,1.0643564534016232,0.7978369430226199,-1.3726092161092789,2.3639614382988805,10.523626524038269,0.805688977467075,0.1748487305864289,-134.64279180690554,0.34188911704312114,31.58342458376602,1015,514,460,0.7417987644452122,0.8692080173947772,-1.983400062298573,-0.8080193263842987,,5,0,0.0020752896143207055,False,False,False,False,False
NAS100,out,RETEST,15,close,1.2072173790053602,0.16562549731079687,2016-01-01,392,392,PASS,192,200,1.296181491558863,0.9910337272418993,-0.03244572855237122,4.365150467163012,38.44092403976049,0.3855712193788494,0.16637169445502295,-2.263956607216329,0.375,32.919826535451016,1015,197,195,0.801358436817763,1.231848995681808,-1.426258914811278,1.09939188652551,,5,2,0.31402578882297927,False,False,False,False,False
NAS100,out,DI,15,close,1.2072173790053602,0.16562549731079687,2016-01-01,474,474,PASS,275,199,1.0096587066061773,0.751978322535704,-1.2507852865605495,2.560046070200898,14.817675113747805,0.6259080419332018,0.1796077876941097,-82.46549354750971,0.33544303797468356,31.551958131776104,1015,244,230,0.6713954801076524,0.8577705558159963,-2.695206536680815,-0.9341193847813009,,5,0,0.00407448221591207,False,False,False,False,False
NAS100,out,ORIGINAL,30,1R,1.2072173790053602,0.16562549731079687,2016-01-01,970,970,PASS,526,444,0.9180384317101324,0.6663134486170269,-2.902070666821275,0.015311421335890626,-1.6459724980839805,0.8033392840390008,0.1293785504436282,-159.0369849265333,0.45670103092783504,41.329087148154144,1018,512,458,0.6007893180064839,0.7504963983531626,-3.7448239971009056,-2.096711735824156,,5,0,2.2291202191220522e-10,False,False,False,False,False
NAS100,out,RETEST,30,1R,1.2072173790053602,0.16562549731079687,2016-01-01,377,377,PASS,200,177,1.1304680182664464,0.8371895920549784,-0.788440446283765,-0.4346997702370522,0.6622841570813507,0.3330282452705655,0.11939576977720325,-26.58273962422472,0.493368700265252,43.80893216787101,1016,184,193,0.8486818981044335,0.8256557474708945,-1.2044305545157907,-1.3849964044952447,,5,1,0.021425676039862247,False,False,False,False,False
NAS100,out,DI,30,1R,1.2072173790053602,0.16562549731079687,2016-01-01,479,479,PASS,294,185,0.9513949428138456,0.6896174851011949,-1.8617480726992381,-0.364952904248771,-0.28601380352406336,0.5407713591025869,0.1310360983053459,-72.55134324098456,0.46555323590814196,39.419889097642326,1015,241,238,0.617820946431415,0.7735232648860214,-3.5628498136327704,-1.8702505411805794,,5,0,1.1334130764041326e-05,False,False,False,False,False
NAS100,out,ORIGINAL,30,2R,1.2072173790053602,0.16562549731079687,2016-01-01,970,970,PASS,526,444,0.9652099436254045,0.7304397271757316,-2.133121183935952,0.6490562204440194,-0.8118123754952644,0.7904257315706665,0.1293785504436282,-141.1070996659671,0.40309278350515465,41.329087148154144,1018,512,458,0.7060575148370307,0.7607639017828156,-2.4504918487414837,-1.876729619405074,,5,0,3.3100616645297367e-06,False,False,False,False,False
NAS100,out,RETEST,30,2R,1.2072173790053602,0.16562549731079687,2016-01-01,377,377,PASS,200,177,1.153827578780273,0.8915717333271088,-0.479066148007239,0.796104452377391,2.1792881368780543,0.3515532734886191,0.11939576977720325,-20.18968088838315,0.4270557029177719,43.80893216787101,1016,184,193,0.9284773646633515,0.8539159270020418,-0.5191031326559775,-1.057273080026152,,5,2,0.08586072548905888,False,False,False,False,False
NAS100,out,DI,30,2R,1.2072173790053602,0.16562549731079687,2016-01-01,479,479,PASS,294,185,0.9511165426359249,0.7174729376946376,-1.5866282263946536,0.5897030025389852,0.9735534052093637,0.5704777120142737,0.1310360983053459,-73.76798548105822,0.407098121085595,39.419889097642326,1015,241,238,0.6790088666377535,0.7614825719808043,-2.745431622646211,-1.8737292103599663,,5,0,0.0002399149186411807,False,False,False,False,False
NAS100,out,ORIGINAL,30,close,1.2072173790053602,0.16562549731079687,2016-01-01,970,970,PASS,526,444,0.98453659870589,0.7525191781282947,-1.7007753358236364,2.708562689078686,19.872462838472522,0.7740680600021674,0.1293785504436282,-132.58961598350595,0.3907216494845361,41.329087148154144,1018,512,458,0.6695957467258715,0.8580195469752984,-2.695382418337251,-0.8587045156098501,,5,0,0.00048036431497176834,False,False,False,False,False
NAS100,out,RETEST,30,close,1.2072173790053602,0.16562549731079687,2016-01-01,377,377,PASS,200,177,1.212134877002671,0.9477230666999856,-0.18389462335448695,5.726610454236629,77.84231704373661,0.3357082567477569,0.11939576977720325,-9.984610154033382,0.41379310344827586,43.80893216787101,1016,184,193,0.88407265996567,1.0150210415680847,-0.8051281507476757,0.07428330865371194,,5,1,0.2221311475121619,False,False,False,False,False
NAS100,out,DI,30,close,1.2072173790053602,0.16562549731079687,2016-01-01,479,479,PASS,294,185,0.916354612262364,0.6950197746428933,-1.652867520104009,1.4288910446519887,6.463201539422723,0.6147686741372966,0.1310360983053459,-82.13038895933539,0.3903966597077244,39.419889097642326,1015,241,238,0.61199341794438,0.7929393863863536,-3.403539537422457,-1.478800408271719,,5,0,0.0002762584356532684,False,False,False,False,False
US30,in,ORIGINAL,15,1R,0.5467350671711283,0.3698627922971112,2023-01-01,1540,1540,PASS,766,774,1.125769302158612,0.9072105233830887,-0.6687066099378074,-0.16089153559739938,-1.6078208513044223,0.609937070747866,0.09944229483216047,-68.8060499750816,0.5201298701298701,32.08860688059736,1922,823,717,0.9659720538983311,0.8436305671470725,-0.26612669252079885,-1.3013644717750628,,8,2,2.457356691529169e-28,False,False,False,False,False
US30,in,RETEST,15,1R,0.5467350671711283,0.3698627922971112,2023-01-01,604,604,PASS,314,290,1.4811197824719633,1.2004589079148713,0.7883806836533475,-0.3297993648383144,0.6688013160102693,0.13712615800838276,0.09727138133940023,50.11497991176338,0.5761589403973509,32.476518471026296,1920,325,279,1.316709897006307,1.081633396640801,2.119731618654983,0.6049131617992319,0.43810929326309406,8,6,3.644568194530342e-12,True,True,True,False,False
US30,in,DI,15,1R,0.5467350671711283,0.3698627922971112,2023-01-01,770,770,PASS,429,341,1.1496390247810417,0.9279887332626755,-0.3634833020441801,-0.31190593337191347,-0.18951778416343812,0.2929472685258468,0.09813768587616933,-26.24012458739461,0.5233766233766234,32.80563341349033,1904,399,371,0.9614250094891612,0.8921422000204251,-0.302778760980995,-0.8657132229192854,,8,5,3.2010211780097565e-24,False,False,False,False,False
US30,in,ORIGINAL,15,2R,0.5467350671711283,0.3698627922971112,2023-01-01,1540,1540,PASS,766,774,1.1393313106162208,0.955805612254412,-0.29286225831224166,0.6311166072448888,-1.0024002526572469,0.5664873911998993,0.09944229483216047,-39.86719573282102,0.4090909090909091,32.08860688059736,1922,823,717,0.9916942139762326,0.9151847391640376,-0.06048622410463052,-0.639714357351837,,8,4,3.5860215857283836e-23,False,False,False,False,False
US30,in,RETEST,15,2R,0.5467350671711283,0.3698627922971112,2023-01-01,604,604,PASS,314,290,1.3686075794543948,1.1501397764280046,0.5661562668461322,0.9708607522599098,1.9136809556187577,0.16837142772980135,0.09727138133940023,48.562967548365165,0.445364238410596,32.476518471026296,1920,325,279,1.1435460670670747,1.1578702358392565,0.9701334388149963,1.0549369745038664,0.42421803769499933,8,6,9.62051455099838e-15,True,True,True,False,False
US30,in,DI,15,2R,0.5467350671711283,0.3698627922971112,2023-01-01,770,770,PASS,429,341,1.1334899499633924,0.9531629429995481,-0.2208843870068503,0.8434853148362059,0.9087211114806326,0.3994697495799835,0.09813768587616933,-21.15302531197448,0.4090909090909091,32.80563341349033,1904,399,371,0.9698341259928773,0.9342593283265606,-0.2240865713749639,-0.4859954767538661,,8,4,3.9269308998915073e-22,False,False,False,False,False
US30,in,ORIGINAL,15,close,0.5467350671711283,0.3698627922971112,2023-01-01,1540,1540,PASS,766,774,1.1416117714550647,0.9646568172718346,-0.201307834063031,2.039621987666499,6.503292732474756,0.5637636266640642,0.09944229483216047,-33.26680222365386,0.37922077922077924,32.08860688059736,1922,823,717,1.027526675598208,0.8918614441170218,0.1691288838297181,-0.71926247714401,,8,4,8.161325722511607e-22,False,False,False,False,False
US30,in,RETEST,15,close,0.5467350671711283,0.3698627922971112,2023-01-01,604,604,PASS,314,290,1.370999069814723,1.160868212404146,0.5185534094835447,3.2022070359413335,19.719919481853964,0.24517491629852403,0.09727138133940023,54.91873554355416,0.4105960264900662,32.476518471026296,1920,325,279,1.221280969672573,1.0885934580359036,1.2196268645128265,0.5391163088497267,0.3248532684556328,8,6,3.6009022982831227e-16,True,True,False,False,False
US30,in,DI,15,close,0.5467350671711283,0.3698627922971112,2023-01-01,770,770,PASS,429,341,1.1031402793749763,0.9329174002957092,-0.276314987176301,2.8339813752077565,15.989017034692338,0.49121516293093365,0.09813768587616933,-31.68502835058173,0.37792207792207794,32.80563341349033,1904,399,371,0.9082302851623734,0.9618927276428493,-0.6209354769910689,-0.23468102371690264,,8,5,5.270825169206315e-22,False,False,False,False,False
US30,in,ORIGINAL,30,1R,0.5467350671711283,0.3698627922971112,2023-01-01,1530,1530,PASS,789,741,1.1004409749978004,0.9243215457717998,-0.5228628598118906,-0.1310272351514066,-1.4511412194606141,0.5729421294835494,0.07297950673888332,-50.24515824398258,0.5143790849673202,40.274882751754475,1922,820,710,1.009808115028573,0.8322330356004015,0.07302744834366759,-1.3599598749291086,,8,3,2.2777544697123552e-26,False,False,False,False,False
US30,in,RETEST,30,1R,0.5467350671711283,0.3698627922971112,2023-01-01,602,602,PASS,327,275,1.3955511478000546,1.1771733214130662,0.6807647132325234,-0.2586998333206171,1.0272052675043764,0.13646473573740003,0.07139509559362359,40.700017342884706,0.5697674418604651,41.23512148591902,1918,333,269,1.2679712951591373,1.0677494698089451,1.7882606869963893,0.48258474615966496,0.3920514589970599,8,6,3.9736189814790365e-13,True,True,True,False,False
US30,in,DI,30,1R,0.5467350671711283,0.3698627922971112,2023-01-01,766,766,PASS,439,327,1.1181133052506314,0.9392528779952583,-0.2959717710925912,-0.2503390390858337,0.07460274098015418,0.3534536892037899,0.0731447835582009,-20.07275341029941,0.5169712793733682,39.9361765049995,1901,402,364,1.0475236480313062,0.8261473239393355,0.3493005594149549,-1.4016953556988598,,8,2,2.5545296344758617e-23,False,False,False,False,False
US30,in,ORIGINAL,30,2R,0.5467350671711283,0.3698627922971112,2023-01-01,1530,1530,PASS,789,741,1.1080822723960155,0.9518205596085187,-0.3049888016300345,0.6585712886667147,-0.5898473284126666,0.5306645799486588,0.07297950673888332,-36.51104446915164,0.4372549019607843,40.274882751754475,1922,820,710,1.0057373625389772,0.8895705648672699,0.03977524455658334,-0.8058271727435794,,8,3,2.709338284731849e-23,False,False,False,False,False
US30,in,RETEST,30,2R,0.5467350671711283,0.3698627922971112,2023-01-01,602,602,PASS,327,275,1.2587619960220937,1.0843344364679754,0.31390953786398834,1.0007546401432754,2.915776045579072,0.18832116276786626,0.07139509559362359,23.754044833299133,0.4700996677740864,41.23512148591902,1918,333,269,1.1592601681755215,0.9868684062387009,1.0358841135643555,-0.08995631992736976,0.8066519076286017,8,6,5.2389920114084184e-17,False,False,False,False,False
US30,in,DI,30,2R,0.5467350671711283,0.3698627922971112,2023-01-01,766,766,PASS,439,327,1.1277871410190832,0.9690053097727724,-0.13855603586710616,0.868916902650582,1.659758977096963,0.3130720611274749,0.0731447835582009,-11.715101722871438,0.4425587467362924,39.9361765049995,1901,402,364,1.0154014251758074,0.9151438439463437,0.10740581310441594,-0.6043198471577297,,8,3,3.0261296814423494e-21,False,False,False,False,False
US30,in,ORIGINAL,30,close,0.5467350671711283,0.3698627922971112,2023-01-01,1530,1530,PASS,789,741,1.108285194373624,0.9541919655041746,-0.26252632583094304,1.7817848335309456,6.008792427034662,0.5760111593670458,0.07297950673888332,-35.25630661188971,0.42745098039215684,40.274882751754475,1922,820,710,1.005808560422243,0.8940610068336661,0.03688051467243819,-0.6899113094558345,,8,3,1.9233522417197604e-22,False,False,False,False,False
US30,in,RETEST,30,close,0.5467350671711283,0.3698627922971112,2023-01-01,602,602,PASS,327,275,1.3017671751653614,1.1254504339054856,0.4128774973749876,2.701547922408354,16.552777944409645,0.2078024485867858,0.07139509559362359,35.77398341400187,0.4634551495016611,41.23512148591902,1918,333,269,1.2127204068034214,1.011506650307115,1.2315898272590327,0.06908683226749275,0.7186805762777676,8,5,9.630337011539087e-17,True,False,False,False,False
US30,in,DI,30,close,0.5467350671711283,0.3698627922971112,2023-01-01,766,766,PASS,439,327,1.0809887667360136,0.9291648400601078,-0.29378337471984234,2.4327974222619195,14.995370560661813,0.43163768979820827,0.0731447835582009,-27.360175729022952,0.42950391644908614,39.9361765049995,1901,402,364,0.9157347561563522,0.9449756004544002,-0.5816699830291111,-0.33792301221335114,,8,3,2.985273960278459e-22,False,False,False,False,False
US30,out,ORIGINAL,15,1R,1.0465962332553551,0.1449352537315384,2016-01-01,1025,1025,PASS,501,524,0.9236587186091048,0.6487936295739,-3.213647989824129,0.020913192554847918,-1.8144492847945988,0.87919611128698,0.16247181099272534,-204.16920499995288,0.47024390243902436,23.026209502543697,1081,528,497,0.6749020624249226,0.622714997435941,-2.9963088221134657,-3.6226392625687693,,5,0,7.784642317029929e-13,False,False,False,False,False
US30,out,RETEST,15,1R,1.0465962332553551,0.1449352537315384,2016-01-01,381,381,PASS,197,184,1.2563702773939156,0.8893509753441582,-0.5307596077455564,-0.5523224350981268,0.39642144482265573,0.2944716835014261,0.15999578516637827,-20.528162749151562,0.5406824146981627,23.159179544372027,1081,191,190,0.9463593566684342,0.8368812484241521,-0.41963501785825574,-1.3574210212243298,,5,1,0.06079509468409958,False,False,False,False,False
US30,out,DI,15,1R,1.0465962332553551,0.1449352537315384,2016-01-01,515,515,PASS,272,243,0.8903429597783042,0.6240474235818818,-2.4773088893196795,-0.35791878914666425,-0.6862085537396494,0.6852426110446149,0.1625183543099202,-111.35056630058648,0.4563106796116505,23.139952893832014,1062,275,240,0.5837233520218804,0.6734989637328203,-4.131573292073866,-2.99938324011048,,5,0,7.850986251087827e-09,False,False,False,False,False
US30,out,ORIGINAL,15,2R,1.0465962332553551,0.1449352537315384,2016-01-01,1025,1025,PASS,501,524,0.9624248003643406,0.7207904871160542,-2.326753328538342,0.6966836080979676,-1.0867468691078712,0.864673930295054,0.16247181099272534,-187.88797065698554,0.37853658536585366,23.026209502543697,1081,528,497,0.7444487857155976,0.6967839888035159,-2.147097573606621,-2.6459595821952426,,5,0,2.962301754338777e-07,False,False,False,False,False
US30,out,RETEST,15,2R,1.0465962332553551,0.1449352537315384,2016-01-01,381,381,PASS,197,184,1.2514182451379368,0.9459728313732472,-0.2408138396831009,0.7244704319064951,1.2391305454152013,0.28444649956369616,0.15999578516637827,-12.331620115801556,0.4304461942257218,23.159179544372027,1081,191,190,0.9626934557700307,0.9295439272310574,-0.2778582721487918,-0.5311657263787847,,5,2,0.1765487143319437,False,False,False,False,False
US30,out,DI,15,2R,1.0465962332553551,0.1449352537315384,2016-01-01,515,515,PASS,272,243,0.9270855450821974,0.6956198911797083,-1.8408133481041211,0.6780051036563526,0.34756122507008813,0.6753692586392411,0.1625183543099202,-105.0160570423416,0.3611650485436893,23.139952893832014,1062,275,240,0.6568441358973153,0.7424232949021476,-3.0899002173332835,-2.173139977040401,,5,0,2.683593546140543e-05,False,False,False,False,False
US30,out,ORIGINAL,15,close,1.0465962332553551,0.1449352537315384,2016-01-01,1025,1025,PASS,501,524,0.9870626416965302,0.7530720014849606,-1.719861267683222,2.245791568300195,7.89563250956844,0.854661310721419,0.16247181099272534,-174.2179288803789,0.3463414634146341,23.026209502543697,1081,528,497,0.7927674333654982,0.713588854144403,-1.4878684873511108,-2.043794253302371,,5,0,0.0001973635715402658,False,False,False,False,False
US30,out,RETEST,15,close,1.0465962332553551,0.1449352537315384,2016-01-01,381,381,PASS,197,184,1.2248849643910817,0.9380136847836018,-0.23865233592131332,2.820714111992288,15.391924343232892,0.3633119306738709,0.15999578516637827,-14.990278617445817,0.3937007874015748,23.159179544372027,1081,191,190,1.0499441561577696,0.8291473300495993,0.3029361875730536,-1.1890467823437612,,5,3,0.18147220104184691,False,False,False,False,False
US30,out,DI,15,close,1.0465962332553551,0.1449352537315384,2016-01-01,515,515,PASS,272,243,1.001214154022429,0.771838058677253,-1.081516391057636,3.3671974163570506,20.680622760527555,0.6311046682084391,0.1625183543099202,-83.32298196336328,0.32038834951456313,23.139952893832014,1062,275,240,0.7714066306119565,0.7723354483800218,-1.6363155810919192,-1.4730306312523334,,5,1,0.008989231462499987,False,False,False,False,False
US30,out,ORIGINAL,30,1R,1.0465962332553551,0.1449352537315384,2016-01-01,1016,1016,PASS,531,485,0.8924527186453481,0.666865643133412,-2.880544990709511,0.023732322827215716,-1.632922078181596,0.8243484271476663,0.11874144803310446,-167.69495454393802,0.4547244094488189,28.491727127522875,1081,521,495,0.6607137727034808,0.6733317070011157,-3.0364823603534408,-2.906421430579075,,5,0,8.986055083553402e-11,False,False,False,False,False
US30,out,RETEST,30,1R,1.0465962332553551,0.1449352537315384,2016-01-01,369,369,PASS,198,171,0.9102786751330407,0.6952499783287742,-1.5610523977385096,-0.4705284644381883,0.6923774182432858,0.44226799848474496,0.1113096293191573,-55.38114445351491,0.46070460704607047,28.718581361932547,1075,187,182,0.7121703914367866,0.6788200906423593,-2.487491984444469,-2.881717763196529,,5,0,9.461982391389704e-05,False,False,False,False,False
US30,out,DI,30,1R,1.0465962332553551,0.1449352537315384,2016-01-01,515,515,PASS,289,226,0.8380529674545807,0.6208946583870857,-2.4129358833007575,-0.3348194760356758,-0.3687188777012276,0.6459000105874667,0.12353277805677562,-100.95852741697388,0.4407766990291262,27.95860823472004,1063,259,256,0.5837606571231675,0.6621251872258618,-3.9967764292932753,-3.003468923946591,,5,0,1.8726700329065176e-08,False,False,False,False,False
US30,out,ORIGINAL,30,2R,1.0465962332553551,0.1449352537315384,2016-01-01,1016,1016,PASS,531,485,0.9473162212087497,0.7330201718967263,-2.0750261563516266,0.6814229540524259,-0.711426122330383,0.785960385086852,0.11874144803310446,-145.47279418828867,0.4005905511811024,28.491727127522875,1081,521,495,0.741546121864877,0.7241417829382459,-2.065204862890125,-2.2193594151613123,,5,0,3.0394097733873395e-06,False,False,False,False,False
US30,out,RETEST,30,2R,1.0465962332553551,0.1449352537315384,2016-01-01,369,369,PASS,198,171,0.9399747874947325,0.7372075285452846,-1.2366663643958444,0.631460029017455,2.503082891633242,0.4192671501180526,0.1113096293191573,-51.303776643617624,0.41192411924119243,28.718581361932547,1075,187,182,0.6856603081104498,0.7898572000044406,-2.6101567164462067,-1.6476058164092615,,5,0,0.001820660928270538,False,False,False,False,False
US30,out,DI,30,2R,1.0465962332553551,0.1449352537315384,2016-01-01,515,515,PASS,289,226,0.8636813146947665,0.6621177925121098,-1.9794028883670913,0.6257063429002495,1.0792900918315826,0.6463860522389175,0.12353277805677562,-97.51632430161575,0.3825242718446602,27.95860823472004,1063,259,256,0.6679083028449608,0.6558808309996411,-2.8404194681131485,-2.8891542085867505,,5,1,8.269494609912446e-06,False,False,False,False,False
US30,out,ORIGINAL,30,close,1.0465962332553551,0.1449352537315384,2016-01-01,1016,1016,PASS,531,485,0.9603032693179554,0.7505050363726532,-1.7029465885979704,2.1967531620542657,10.04627057208078,0.7911147204219532,0.11874144803310446,-139.89717817495244,0.38484251968503935,28.491727127522875,1081,521,495,0.7377289432510127,0.7637982133904418,-1.927468398504561,-1.5964542182344155,,5,0,0.00021959732234998766,False,False,False,False,False
US30,out,RETEST,30,close,1.0465962332553551,0.1449352537315384,2016-01-01,369,369,PASS,198,171,1.0042531587572292,0.7968546078944242,-0.7971499173973562,4.206234193803146,48.50853264142026,0.43635452286112836,0.1113096293191573,-40.33559767833742,0.4037940379403794,28.718581361932547,1075,187,182,0.6671080225357728,0.9309043799719008,-2.653544928188542,-0.4061380285162801,,5,1,0.03103436612924465,False,False,False,False,False
US30,out,DI,30,close,1.0465962332553551,0.1449352537315384,2016-01-01,515,515,PASS,289,226,0.8969593347657328,0.6973644282157427,-1.522490766081477,3.1434498964595563,26.869206329181843,0.6400327219882569,0.12353277805677562,-90.06822908749915,0.3650485436893204,27.95860823472004,1063,259,256,0.6449900149401888,0.7537109084799578,-2.922654078677572,-1.5961801019046913,,5,0,0.0011733094482905186,False,False,False,False,False
BTCUSDT,in,ORIGINAL,15,1R,0.5338902234859988,0.81184771458817,2023-01-01,3148,3148,PASS,1561,1587,1.0307197962769146,0.21627785158477025,-9.309381895587217,-1.566718105991742,13.014249948762142,0.9999999999448614,0.7544340733245717,-2327.5265638214278,0.3951715374841169,39.286480098709276,3165,1813,1335,0.38584244201640033,0.08450553904162032,-6.668939300941354,-13.041501931768341,,9,0,0.0,False,False,False,False,False
BTCUSDT,in,RETEST,15,1R,0.5338902234859988,0.81184771458817,2023-01-01,1237,1237,PASS,639,598,1.3800587602861922,0.28657469151720105,-4.2884399489846405,-4.160227436451273,50.20091060299191,0.9993899445834759,0.7416016209555982,-720.3089673326581,0.45270816491511723,38.95759968658671,3165,697,540,0.5199113887470599,0.11403258978640701,-4.575046463574003,-10.457121080405857,,9,0,8.495072063134365e-192,False,False,False,False,False
BTCUSDT,in,DI,15,1R,0.5338902234859988,0.81184771458817,2023-01-01,1625,1625,PASS,778,847,1.092266575716991,0.23181645316926128,-5.88679659211701,-2.983686448390087,27.932406516666862,0.9999939686763296,0.7656223907590969,-1172.672582289272,0.4086153846153846,39.14885000252977,3150,915,710,0.4424953265796077,0.08822923783127173,-5.657039860342868,-12.756596833398001,,9,0,1.4173444210843707e-250,False,False,False,False,False
BTCUSDT,in,ORIGINAL,15,2R,0.5338902234859988,0.81184771458817,2023-01-01,3148,3148,PASS,1561,1587,0.9973795891479116,0.3597134807579776,-7.49970751934004,-0.23150903294428038,4.00593070200827,0.9999999999719703,0.7544340733245717,-2380.41098037111,0.31543837357052096,39.286480098709276,3165,1813,1335,0.5446589327092902,0.200414689321708,-4.716406067331528,-11.360454774171922,,9,0,7.81268334209183e-262,False,False,False,False,False
BTCUSDT,in,RETEST,15,2R,0.5338902234859988,0.81184771458817,2023-01-01,1237,1237,PASS,639,598,1.2074308238751634,0.44200011012860496,-3.5413450908835147,-1.7929114265595925,18.312041142569903,0.9996345465440709,0.7416016209555982,-758.723943132344,0.36216653193209375,38.95759968658671,3165,697,540,0.6522239546124116,0.26759346175670556,-3.3164156430167635,-8.979012156781119,,9,0,6.296736571751447e-152,False,False,False,False,False
BTCUSDT,in,DI,15,2R,0.5338902234859988,0.81184771458817,2023-01-01,1625,1625,PASS,778,847,1.0763495216817576,0.3884019150382716,-4.752661043485576,-1.2345889582444751,10.868465904013155,0.9999941568456803,0.7656223907590969,-1163.9665113995961,0.328,39.14885000252977,3150,915,710,0.6302889120386773,0.1993947909194136,-3.5675281006066264,-11.29229019307194,,9,0,7.618898693552884e-194,False,False,False,False,False
BTCUSDT,in,ORIGINAL,15,close,0.5338902234859988,0.81184771458817,2023-01-01,3148,3148,PASS,1561,1587,1.1067862340227748,0.5664666776654133,-2.443978421148807,9.227834135152335,165.89920925531254,0.9999999999461717,0.7544340733245717,-2089.2288853178466,0.13818297331639137,39.286480098709276,3165,1813,1335,0.7994691588427936,0.36775302454079856,-0.8523651207044842,-5.104166102032129,,9,1,1.8879541015802798e-28,False,False,False,False,False
BTCUSDT,in,RETEST,15,close,0.5338902234859988,0.81184771458817,2023-01-01,1237,1237,PASS,639,598,1.3576587258155024,0.7016147537485248,-0.8855423726447701,16.30459452047823,490.26845991560947,0.9994040833844212,0.7416016209555982,-549.3959377182074,0.15844785772029102,38.95759968658671,3165,697,540,0.9126246234594463,0.5294910170208914,-0.3115607438734313,-3.122628308233486,,9,1,6.83689722777999e-23,False,False,False,False,False
BTCUSDT,in,DI,15,close,0.5338902234859988,0.81184771458817,2023-01-01,1625,1625,PASS,778,847,1.2970318985538087,0.6617491283156015,-1.162766392099696,13.304081501168568,308.54686970873894,0.9999848517635344,0.7656223907590969,-839.8238688817265,0.152,39.14885000252977,3150,915,710,1.0560907044122503,0.35082441015758514,0.1849508868591675,-5.241146883332375,,9,3,1.1232063533542027e-24,False,False,False,False,False
BTCUSDT,in,ORIGINAL,30,1R,0.5338902234859988,0.81184771458817,2023-01-01,3149,3149,PASS,1517,1632,1.0569646623303444,0.3525347449218879,-6.984677774476852,-0.9043865671401642,5.6912796845005085,0.9999998670789134,0.5208543243738626,-1553.8140033075115,0.4642743728167672,54.5712299599884,3165,1811,1338,0.5256597729326091,0.19444862915090938,-4.7033828750746105,-10.004632567995273,,9,0,2.289753797079216e-298,False,False,False,False,False
BTCUSDT,in,RETEST,30,1R,0.5338902234859988,0.81184771458817,2023-01-01,1286,1286,PASS,645,641,1.2850487777315276,0.42450271893036157,-3.5098312794841053,-2.3455044255987185,18.55118895960773,0.9954935311768165,0.5300698784570106,-522.540598844805,0.5101088646967341,53.527280590305374,3165,690,596,0.7212205312440146,0.22041028020656708,-2.3762653236165887,-9.330819027729586,,9,1,7.294482272888663e-175,False,False,False,False,False
BTCUSDT,in,DI,30,1R,0.5338902234859988,0.81184771458817,2023-01-01,1619,1619,PASS,752,867,1.1432923582740135,0.39035972891579274,-4.344384397077891,-2.004211141871618,13.775952994880825,0.9995011146959637,0.517153873235738,-729.8792810841542,0.48548486720197653,55.77812532709089,3150,937,682,0.6171064511673124,0.19598470983745203,-3.516279447304152,-9.896140987226108,,9,0,1.3395741202129879e-214,False,False,False,False,False
BTCUSDT,in,ORIGINAL,30,2R,0.5338902234859988,0.81184771458817,2023-01-01,3149,3149,PASS,1517,1632,1.0116547339010786,0.4863347817223484,-5.442743824923959,0.20099910279031868,0.6794103415718915,0.9999999432172181,0.5208543243738626,-1616.4670645746928,0.3331216259129883,54.5712299599884,3165,1811,1338,0.659310899789778,0.321729492153565,-3.2160616757780986,-8.485023551010247,,9,0,6.189127998235199e-184,False,False,False,False,False
BTCUSDT,in,RETEST,30,2R,0.5338902234859988,0.81184771458817,2023-01-01,1286,1286,PASS,645,641,1.1054055447049786,0.5256167358531613,-3.0266495851920436,-0.4796712635847823,4.067753465003314,0.9981146060317654,0.5300698784570106,-596.7588498558979,0.3522550544323484,53.527280590305374,3165,690,596,0.7835128683739563,0.324400846661127,-1.8754019113574696,-8.515750756856438,,9,0,1.648486506380894e-115,False,False,False,False,False
BTCUSDT,in,DI,30,2R,0.5338902234859988,0.81184771458817,2023-01-01,1619,1619,PASS,752,867,1.1090226536312906,0.5399706719426441,-3.2572649265098725,-0.4847616695022886,4.123626012708593,0.9995875484894468,0.517153873235738,-726.6224487890811,0.352686843730698,55.77812532709089,3150,937,682,0.7525278266055916,0.3394599973844463,-2.1989494168639565,-7.94200255231251,,9,1,3.479394567476286e-123,False,False,False,False,False
BTCUSDT,in,ORIGINAL,30,close,0.5338902234859988,0.81184771458817,2023-01-01,3149,3149,PASS,1517,1632,1.0664032766337486,0.6229407157941408,-2.2909797940115446,6.544998207498793,85.25948316900943,0.9999999395194178,0.5208543243738626,-1474.3507237601352,0.18355033343918703,54.5712299599884,3165,1811,1338,0.80066602461122,0.4549966306384024,-1.0056497316133775,-4.1760402152479115,,9,1,1.1052870486742618e-37,False,False,False,False,False
BTCUSDT,in,RETEST,30,close,0.5338902234859988,0.81184771458817,2023-01-01,1286,1286,PASS,645,641,1.0455183140455444,0.6023314221294012,-1.7430627362341642,4.939346246904015,42.05968669949857,0.9993003787728748,0.5300698784570106,-635.6953030347048,0.19206842923794712,53.527280590305374,3165,690,596,0.8630937116288732,0.39049494705868887,-0.7713100636960551,-5.316238597466003,,9,2,1.4742135568286195e-43,False,False,False,False,False
BTCUSDT,in,DI,30,close,0.5338902234859988,0.81184771458817,2023-01-01,1619,1619,PASS,752,867,1.2152683462702751,0.7134176633173338,-1.1067392833201284,9.924584368674264,189.404541722584,0.9993667425475053,0.517153873235738,-566.276269469148,0.19888820259419396,55.77812532709089,3150,937,682,0.9843825991803746,0.459366891570656,-0.06512862455579825,-4.163485486427769,,9,4,1.761263958449204e-29,False,False,False,False,False
