instrument,timeframe,family,variant,params,bh_sharpe,bh_max_dd,n_cands,n_trades,guard,n_long,n_short,gross_pf,net_pf,sharpe,skew,ekurt,max_dd,gross_R_mean,cost_R_mean,net_R_mean,gross_R_total,net_R_total,risk_med,risk_med_bps,win_rate,gross_win_rate,n_targets,n_stops,n_time,n_obs,n_ruin_days,equity_final,trades_per_day,is_trades,oos_trades,is_pf,oos_pf,is_sharpe,oos_sharpe,top_year_R,top_year_share,n_years,n_pos_years,yr_2010,yr_2011,yr_2012,yr_2013,yr_2014,yr_2015,yr_2016,yr_2017
AAPL,D1,trend,0,"{'ema_trend': 200, 'ema_fast': 50, 'ema_pull': 20, 'swing': 5, 'k_atr': 0.5, 'R': 2.0, 'H': 24}",1.0284800550112951,0.43797147945800985,127,73,PASS,57,16,1.6128276292100518,1.5790378972332424,0.6055410864819742,4.376180945522618,46.06349684003183,0.06494644276937533,0.25609772710888756,0.010844016473484822,0.24525371063540277,18.695134078948794,17.903520876384402,0.734242477197629,439.9264178580484,0.5205479452054794,0.5205479452054794,16,27,30,1977,0,1.1894576280731242,0.03692463328275165,58,15,1.423293354656864,2.3696628559487225,2.4504902600019993,5.991004800975542,8.632164513256441,0.4821489902940085,8,4,-0.2066504708294702,-0.38178518553797414,0.10828049613515067,8.632164513256441,5.413131131490482,-2.6310492532321974,-0.41039196809405853,7.379821613196027
AAPL,D1,trend,1,"{'ema_trend': 200, 'ema_fast': 50, 'ema_pull': 20, 'swing': 10, 'k_atr': 0.5, 'R': 1.5, 'H': 48}",1.0284800550112951,0.43797147945800985,127,59,PASS,48,11,1.3882019821791496,1.3629717346463945,0.39989451016289956,2.9607134372141846,39.995963354184724,0.051539477114356795,0.17863135977841396,0.009723872245364452,0.1689074875330495,10.539250226926423,9.96554176444992,0.8263573300486442,465.8026781194969,0.5084745762711864,0.5084745762711864,22,26,11,1971,0,1.100429585217437,0.029934043632673768,46,13,1.2687562475476262,1.7356434789089068,1.7672775440035928,4.080099019066164,5.164126030550199,0.5181982226969524,8,5,-1.322317545922836,0.6595245507974038,2.110904706532332,3.1950178613617255,3.0489517309941334,-1.8022732089294622,-1.088392360933575,5.164126030550199
AAPL,D1,trend,2,"{'ema_trend': 100, 'ema_fast': 30, 'ema_pull': 10, 'swing': 5, 'k_atr': 1.0, 'R': 3.0, 'H': 48}",1.0284800550112951,0.43797147945800985,191,62,PASS,51,11,1.60209791013805,1.5791376890222446,0.5217983195338783,7.2012992469046475,84.21755262127644,0.08363630576485588,0.2900894158389938,0.008400364019482942,0.2816890518195108,17.985543782017615,17.46472121280967,0.9125177574259435,511.1292397758682,0.46774193548387094,0.46774193548387094,10,27,25,1969,0,1.1824234753571738,0.03148806500761808,49,13,1.5219134081011725,1.7619988596849312,2.7236809287107326,3.6348849438010973,10.105573315376342,0.5786278058629593,8,5,0.6767439651849585,-2.3155339560406656,6.452029421932259,6.232655029556336,3.9905887883308067,-3.0488365591607667,-4.628498792369598,10.105573315376342
AAPL,D1,breakout,0,"{'N': 20, 'k_atr': 1.0, 'R': 2.0, 'H': 24}",1.0284800550112951,0.43797147945800985,174,111,PASS,77,34,1.419981446530566,1.3831053091093395,0.5669595994152433,3.2259784653623473,23.02566724135768,0.07876481892475005,0.2300846395444076,0.016641041391166265,0.21344359815324135,25.539394989429244,23.69223939500979,0.4656038232200572,245.45126030651505,0.43243243243243246,0.43243243243243246,39,60,12,1951,0,1.253224026381231,0.05689390056381343,78,33,1.3721647716059442,1.4123719193781177,2.3411037365653136,2.4935568879865664,9.7052489850698,0.4096383133421309,8,6,7.687322470936865,0.49559534642551256,9.7052489850698,-2.7043914129676137,1.7066654655505304,-0.137449621994705,3.078075539851604,3.8611726221378015
AAPL,D1,breakout,1,"{'N': 50, 'k_atr': 1.0, 'R': 2.0, 'H': 48}",1.0284800550112951,0.43797147945800985,116,75,PASS,61,14,1.5209822190327111,1.4826516396119565,0.5711338951872283,4.019758192878304,33.31119532759169,0.04202242071316434,0.29229236740013403,0.016842125268025438,0.27545024213210856,21.92192755501005,20.658768159908142,0.47330204190663494,239.69637580762668,0.4266666666666667,0.4266666666666667,32,42,1,1949,0,1.2191937083487874,0.038481272447408926,55,20,1.511205626059804,1.4030680022095068,3.09578328449506,2.4368884120041825,6.765925926026489,0.32750868172076786,8,6,3.857637288398637,1.8760922853939885,6.765925926026489,-2.088925253167328,5.778484561053392,-0.08597637972218375,2.833358104827375,1.722171627097774
AAPL,D1,breakout,2,"{'N': 20, 'k_atr': 1.5, 'R': 1.5, 'H': 24}",1.0284800550112951,0.43797147945800985,174,107,PASS,74,33,1.4376109465544955,1.4068355760394498,0.6021402302919419,2.1804479964719667,19.22500520322611,0.04998139082104091,0.20699059945470813,0.012166340805521546,0.19482425864918654,22.14799414165377,20.84619567546296,0.6603465824845536,343.4247838813103,0.5046728971962616,0.5046728971962616,45,50,12,1951,0,1.222315311859929,0.0548436699128652,74,33,1.4771666305745346,1.2460685281729083,2.979019531612013,1.629062203440511,12.308951924634261,0.5904651436771519,8,6,3.4047331444257827,0.08828322934003979,12.308951924634261,-0.5098721561439974,-0.19795162381138565,1.91484874936318,3.2442425017765513,0.5929599058785322
AAPL,D1,meanrev,0,"{'N': 20, 'k_ext': 2.0, 'swing': 3, 'k_atr': 0.5, 'R': 1.5, 'H': 24}",1.0284800550112951,0.43797147945800985,121,105,PASS,20,85,0.7237098568356102,0.6970994119304477,-0.6435947310560036,0.959677298089561,18.842295808864034,0.23877893233485806,-0.18291504400214953,0.02226524042326365,-0.2051802844254131,-19.2060796202257,-21.543929864668378,0.4011063318854937,197.65826304591312,0.3238095238095238,0.3238095238095238,33,69,3,1947,0,0.8003640727139135,0.053929121725731895,71,34,0.6811407690023112,0.7325749006942398,-2.9914331490986164,-2.3585009792698894,1.3287583123713653,,8,2,-2.28588044793607,-1.1685235783362775,-6.357522318770423,1.3287583123713653,-7.8569962888118985,0.6978582436474915,-3.3040462812509404,-2.597577505581632
AAPL,D1,meanrev,1,"{'N': 20, 'k_ext': 2.5, 'swing': 3, 'k_atr': 0.5, 'R': 1.0, 'H': 12}",1.0284800550112951,0.43797147945800985,77,68,PASS,7,61,0.513985585211317,0.4903669465281425,-1.0060613008626942,-1.9433290021404208,26.47643508844741,0.2192667273278735,-0.3092518263487812,0.023154476784780692,-0.3324063031335619,-21.02912419171712,-22.603628613082208,0.3576279896539134,173.0087993014336,0.3382352941176471,0.3382352941176471,21,42,5,1938,0,0.7950594306655004,0.03508771929824561,50,18,0.5279965195400909,0.3927524211267508,-5.062687681350248,-7.234904007961075,0.783814613975716,,8,1,0.783814613975716,-2.1685235783362793,-5.0815880708533445,-0.309750381873388,-7.708943406936154,-0.6249199807293464,-3.130937284164832,-4.362780524164579
AAPL,D1,meanrev,2,"{'N': 50, 'k_ext': 2.0, 'swing': 5, 'k_atr': 1.0, 'R': 1.5, 'H': 24}",1.0284800550112951,0.43797147945800985,254,126,PASS,25,101,0.9116207053082254,0.8898857830226766,-0.2224806992952867,1.3439622191799023,17.079448669106707,0.13496738715823386,-0.0496013188724502,0.013090181726531534,-0.06269150059898174,-6.249766177928725,-7.8991290754716985,0.6114854565771299,317.41857836118993,0.3968253968253968,0.3968253968253968,38,67,21,1969,0,0.9166439379610913,0.06399187404773997,89,37,0.8654495595684452,0.9527123335997523,-1.0852593328002136,-0.360831072647865,2.8771387449809858,,8,3,-1.1558107680595193,2.8771387449809858,-4.478095129690841,-2.3610100062883412,-4.145365618525251,2.313937506988841,1.8470789155957745,-2.797002720473346
AAPL,D1,momentum,0,"{'N': 24, 'k_atr': 2.0, 'R': 2.0, 'H': 48}",1.0284800550112951,0.43797147945800985,154,65,PASS,34,31,0.828428733860485,0.8150312658486959,-0.2710532821129444,3.4637194863580065,46.211314867497784,0.10249619069339991,-0.11297926207940079,0.010074295258793546,-0.12305355733819436,-7.3436520351610515,-7.9984812269826335,0.772438534968968,389.23916523001935,0.3076923076923077,0.3076923076923077,16,41,8,1969,0,0.9180288114321651,0.033011681056373796,50,15,0.8776252909442654,0.6126781417254984,-0.9528710611244461,-3.40351118274462,1.0607102600894225,,8,3,-3.0696161542721025,-0.23837494850099405,0.09895331219006298,0.220811406263973,-2.1140672334516393,1.0607102600894225,-1.1647860774355192,-2.7921117918658362
AAPL,D1,momentum,1,"{'N': 48, 'k_atr': 2.0, 'R': 2.0, 'H': 96}",1.0284800550112951,0.43797147945800985,100,44,PASS,20,24,0.8387096774193553,0.8259708793520465,-0.22371308181918806,3.99086219242825,58.90308114347933,0.09941336422337842,-0.11363636363636331,0.010245553402887015,-0.1238819170392503,-4.999999999999986,-5.450804349727013,0.8157327672500951,412.4926807200688,0.29545454545454547,0.29545454545454547,13,31,0,1799,0,0.9430447105531449,0.024458032240133407,30,14,0.8449386604300996,0.7862141371765078,-1.2440871275615675,-1.7436246699814235,4.960957903551193,,8,3,-1.0074505157034765,-5.079283281750372,4.960957903551193,3.9593642217280833,-1.0491669596964377,-5.072434090107298,2.9429686231363523,-5.105760250885059
AAPL,D1,momentum,2,"{'N': 12, 'k_atr': 1.5, 'R': 1.5, 'H': 24}",1.0284800550112951,0.43797147945800985,212,124,PASS,65,59,1.1901983303261348,1.1618112203159077,0.28691084935361433,1.736190012491095,16.281949454525822,0.16273503444708642,0.09911391444736654,0.013611302694239462,0.0855026117531271,12.29012539147345,10.60232385738776,0.5564026556605208,307.9082747064369,0.45161290322580644,0.45161290322580644,46,63,15,1971,0,1.1022190694761624,0.06291222729578894,97,27,0.9112474344897896,2.707667278224032,-0.7042947725399287,7.8552425807126856,7.914714215085459,0.7465074941632199,8,5,-0.42753427984303505,1.3517301619600102,4.010545836182637,-5.240795066674286,-7.809395677434733,3.111250195435919,7.914714215085459,7.691808472675786
AAPL,D1,macross,0,"{'fast': 10, 'slow': 30, 'ema_trend': 200, 'k_atr': 2.0, 'R': 2.0, 'H': 48}",1.0284800550112951,0.43797147945800985,36,31,PASS,25,6,1.5256649976062517,1.501279839658921,0.3866808151993181,6.213311586045972,85.9501204042761,0.030070113167420427,0.2764278863045345,0.010012194247532528,0.266415692057002,8.569264475440571,8.258886453767062,0.7545976928321885,419.1805293479717,0.45161290322580644,0.45161290322580644,11,16,4,1831,0,1.0827167135017324,0.016930638995084655,25,6,1.3970411945829073,1.9623141906606725,2.428000107935632,4.707544900269459,4.163167957436503,0.504083447658684,8,4,0.6765388084484187,-2.126009616258399,2.7167078115412466,4.163167957436503,-0.06793030269245426,-0.027260318266921102,-0.030274431080728137,2.953946544639396
AAPL,D1,macross,1,"{'fast': 20, 'slow': 50, 'ema_trend': 200, 'k_atr': 2.0, 'R': 2.0, 'H': 96}",1.0284800550112951,0.43797147945800985,21,19,PASS,15,4,3.428571428571428,3.377468856966567,0.8263090717840773,9.340721975061074,121.12184428414292,0.02011227583799162,0.8947368421052629,0.010274291894829327,0.8844625502104337,16.999999999999996,16.804788453998242,0.9110471545436489,413.53005919038566,0.631578947368421,0.631578947368421,12,7,0,1912,0,1.1797999936203485,0.00993723849372385,14,5,2.6271365656700136,7.890989521209587,7.2569508372568485,16.45652012935627,5.960298897182355,0.3546786032741915,8,6,3.978966385055745,0.9796398829938964,2.9723560006819802,1.990783738740578,-0.03224898994713499,-0.027748939453480004,0.9827414787443001,5.960298897182355
AAPL,D1,macross,2,"{'fast': 10, 'slow': 30, 'ema_trend': 100, 'k_atr': 1.5, 'R': 3.0, 'H': 48}",1.0284800550112951,0.43797147945800985,42,39,PASS,27,12,1.732426331439406,1.7002872919558356,0.5149343479037148,8.178530042613165,94.8914178046413,0.059478505420721306,0.45072389627040366,0.013737062055251555,0.4369868342151521,17.578231954545743,17.04248653439093,0.4923132813351785,291.3818882334686,0.38461538461538464,0.38461538461538464,13,24,2,1917,0,1.1774222310021265,0.02034428794992175,32,7,1.5998194071180742,2.201226167591399,3.2223083884434134,5.180586587775257,6.550890609915339,0.3843858463197815,8,5,3.9572266756178003,-5.116085457148073,3.9556104153883336,6.550890609915339,-1.1412014303553386,3.9524415959333146,-0.0549912678129687,4.938595392852525
JPM,D1,trend,0,"{'ema_trend': 200, 'ema_fast': 50, 'ema_pull': 20, 'swing': 5, 'k_atr': 0.5, 'R': 2.0, 'H': 24}",0.6595759456366805,0.39662632636870304,132,75,PASS,52,23,1.238771023114281,1.213467480529871,0.2669270679566846,3.8879070974156305,43.76861857470366,0.12068798745368955,0.11916841519765062,0.011372284709785388,0.10779613048786525,8.937631139823797,8.084709786589894,1.53274079625945,397.40944000658277,0.44,0.44,18,36,21,1970,0,1.0779032516505642,0.03807106598984772,57,18,0.9261909811210938,2.6977504427393955,-0.5406407996718795,6.9602129858572175,6.625704788324779,0.8195352663511601,8,5,-3.7183595199585167,-1.9463222678189822,-2.108022760791909,3.043278956953267,1.4500689435127725,0.9372691739256185,3.801092472442865,6.625704788324779
JPM,D1,trend,1,"{'ema_trend': 200, 'ema_fast': 50, 'ema_pull': 20, 'swing': 10, 'k_atr': 0.5, 'R': 1.5, 'H': 48}",0.6595759456366805,0.39662632636870304,132,64,PASS,45,19,0.9631598096732665,0.9452166538224841,-0.07642183760919863,2.124552696610165,36.93739158394194,0.07275673517611955,-0.019994464025911787,0.010065638254160285,-0.03006010228007204,-1.2796456976583543,-1.9238465459246106,1.7101242709546867,478.58578875767193,0.390625,0.390625,21,33,10,1943,0,0.9769355898247424,0.032938754503345345,47,17,0.7494804001143877,1.6478366556629915,-2.1162955406432395,3.7616079861033724,3.583309050161718,,8,3,-3.6108631798389297,-0.2396584063969746,-3.0815187001762108,3.583309050161718,-1.6364200288570325,-1.8955942296155779,1.6176229188239708,3.3392760299744237
JPM,D1,trend,2,"{'ema_trend': 100, 'ema_fast': 30, 'ema_pull': 10, 'swing': 5, 'k_atr': 1.0, 'R': 3.0, 'H': 48}",0.6595759456366805,0.39662632636870304,219,61,PASS,45,16,1.2314433101243294,1.2124781310718304,0.22792355820842294,6.003976669348512,78.92471100150001,0.08554148505408896,0.11980354577350703,0.008730733216021342,0.11107281255748563,7.308016292183929,6.775441566006624,1.972707631714762,479.4355425345073,0.4262295081967213,0.4262295081967213,4,30,27,1971,0,1.0641327403576804,0.030948756976154235,44,17,1.1325014655018888,1.419391872092406,0.8190586580386968,2.3727299989251365,6.121372387368118,0.9034647155810381,8,5,-3.846183645278658,2.333352594767361,2.133449595723315,6.121372387368118,-1.2792058721669746,-2.4154700214019487,0.3747966332447974,3.3533298937506144
JPM,D1,breakout,0,"{'N': 20, 'k_atr': 1.0, 'R': 2.0, 'H': 24}",0.6595759456366805,0.39662632636870304,171,112,PASS,67,45,1.0726329019035918,1.0449798717436463,0.07735931181739546,2.828153520471656,24.997778244668634,0.1429362504843966,0.042223260736199975,0.015669294002296514,0.026553966733903454,4.729005202454397,2.974044274197187,1.0296553585842414,257.08681432493586,0.39285714285714285,0.39285714285714285,29,64,19,1941,0,1.0204121362841043,0.05770221535291087,88,24,0.9820989647510747,1.3453973627358782,-0.13308067435495977,2.0340761188271634,6.062338600239363,2.038415719912517,8,5,-5.131754941813997,-3.1657248155398587,3.4796824266425364,6.062338600239363,-5.530684951701472,3.307399718934071,3.1216059272672965,0.8311823101692499
JPM,D1,breakout,1,"{'N': 50, 'k_atr': 1.0, 'R': 2.0, 'H': 48}",0.6595759456366805,0.39662632636870304,108,65,PASS,43,22,0.9651424674709819,0.9425877865000803,-0.08099585526693152,3.522924459977393,41.79131606483315,0.11773268384089679,-0.022546311579002692,0.015174610561411398,-0.03772092214041413,-1.465510252635175,-2.4518599391269182,1.0299713641108,260.6182840411617,0.3384615384615385,0.3384615384615385,18,42,5,1916,0,0.96995333242609,0.03392484342379958,49,16,0.6779711380067166,2.259669785210282,-2.86084888343032,6.1136158189464425,5.992607270238212,,8,4,-5.0504737915106475,-1.1184449877617972,2.1581782743935056,2.8521756912667326,-8.154139441315216,-2.1391347723029623,5.992607270238212,3.0073718178652564
JPM,D1,breakout,2,"{'N': 20, 'k_atr': 1.5, 'R': 1.5, 'H': 24}",0.6595759456366805,0.39662632636870304,171,105,PASS,64,41,1.1798766019436342,1.153476643048808,0.24472185634520022,1.8210169166936891,22.60004111148065,0.08724705169377632,0.08354928630814515,0.011389312742540132,0.07215997356560501,8.77267506235524,7.576797224388526,1.4014092651887182,354.6595587551095,0.47619047619047616,0.47619047619047616,29,45,31,1956,0,1.0720938285807864,0.05368098159509203,82,23,1.0883976156942445,1.4560142307906487,0.6315664080640352,2.6091858280340756,6.818334137872917,0.8998966101304342,8,5,-1.2243443388549304,-3.636215362098861,6.818334137872917,4.552188400070966,-5.184778904016986,2.26625207102763,1.6654824013923135,2.319878818995477
JPM,D1,meanrev,0,"{'N': 20, 'k_ext': 2.0, 'swing': 3, 'k_atr': 0.5, 'R': 1.5, 'H': 24}",0.6595759456366805,0.39662632636870304,56,50,PASS,17,33,1.1057866483769554,1.0705979922977544,0.08446172623084557,2.474597969900541,43.32244802346369,0.061426221084853634,0.057913856699089904,0.018515169291363105,0.03939868740772682,2.8956928349544953,1.969934370386341,0.8698352899754056,226.04274471033506,0.44,0.44,19,27,4,1928,0,1.0162882732764207,0.025933609958506226,37,13,1.4391522261992975,0.4326906938665449,2.759905362730912,-6.467848947126256,3.2972236332091707,1.6737733412725448,8,5,1.9553373103753857,0.9555845021285154,-1.6272782598083624,0.9855100820308744,3.2972236332091707,2.200293332422393,-3.604280229953788,-2.1924560000178483
JPM,D1,meanrev,1,"{'N': 20, 'k_ext': 2.5, 'swing': 3, 'k_atr': 0.5, 'R': 1.0, 'H': 12}",0.6595759456366805,0.39662632636870304,19,19,PASS,7,12,0.38668870385811194,0.37263575569627644,-0.7782571426315743,-4.756731725773243,88.46049439239675,0.08399352072036581,-0.3895811757649754,0.016281378727474986,-0.4058625544924504,-7.402042339534533,-7.711388535356558,1.0865488607476692,244.23657578114953,0.3157894736842105,0.3157894736842105,4,11,4,1515,0,0.9250248706391767,0.012541254125412541,11,8,0.6071979217664628,0.15401226392505973,-3.624736878901056,-14.799262474164909,1.5242272714498162,,6,3,,0.9845335773863382,-4.947460635337453,,1.5242272714498162,0.10949717415803233,-3.293333908694195,-2.0888520143190963
JPM,D1,meanrev,2,"{'N': 50, 'k_ext': 2.0, 'swing': 5, 'k_atr': 1.0, 'R': 1.5, 'H': 24}",0.6595759456366805,0.39662632636870304,206,100,PASS,24,76,0.7555534498401955,0.73670142126981,-0.5108133151056143,1.0088437757674948,23.523015252060578,0.16456482931924482,-0.1404736741926151,0.013111340049215478,-0.15358501424183058,-14.047367419261512,-15.358501424183059,1.217610940400645,326.30109923873545,0.36,0.36,23,53,24,1981,0,0.8527149356282927,0.05047955577990914,74,26,0.7768339351169187,0.6273814181141858,-1.8819958554494898,-3.459383464040561,4.720257290352652,,8,1,-2.9897207505580368,-1.6407309209467198,-6.787807445897857,-2.457675856670454,4.720257290352652,-0.3662501354185538,-3.3398174508994867,-2.496756154144601
JPM,D1,momentum,0,"{'N': 24, 'k_atr': 2.0, 'R': 2.0, 'H': 48}",0.6595759456366805,0.39662632636870304,165,63,PASS,34,29,1.4293250588243795,1.405411619090541,0.44662864019401816,4.412737941272207,43.43877199822758,0.06061364418110597,0.23323257718441648,0.01058123264462239,0.22265134453979413,14.693652362618238,14.02703470600703,1.611449584492469,375.65754589125817,0.42857142857142855,0.42857142857142855,22,34,7,1939,0,1.1432868667122746,0.032490974729241874,42,21,1.4270943178792759,1.3603190230465287,2.6083883459007464,2.1815786517845432,7.253424838842144,0.5171032218046692,8,5,-0.06854543267717728,-2.1100870186652,2.957337523439138,0.18906260185915258,7.253424838842144,1.757712723468002,6.289546023559462,-2.2414165538184934
JPM,D1,momentum,1,"{'N': 48, 'k_atr': 2.0, 'R': 2.0, 'H': 96}",0.6595759456366805,0.39662632636870304,107,40,PASS,12,28,0.887139781733117,0.873470883416206,-0.14649462810553862,4.319260830039627,69.77476477617886,0.12435923397453834,-0.07618064733014596,0.010121281395662488,-0.08630192872580844,-3.0472258932058383,-3.4520771490323376,1.5044445325402194,400.45429362851377,0.325,0.325,11,27,2,1906,0,0.9625493688734373,0.02098635886673662,31,9,0.8698088547210848,0.8862796663233501,-1.0249246461557033,-0.8618346842487933,5.964181396057125,,8,3,2.505642590905653,-0.023682716836263662,0.96629206105518,-2.0529434050160082,-10.12174849811589,5.964181396057125,-0.6520044232995619,-0.037814153782573356
JPM,D1,momentum,2,"{'N': 12, 'k_atr': 1.5, 'R': 1.5, 'H': 24}",0.6595759456366805,0.39662632636870304,232,117,PASS,58,59,0.9562739710117792,0.9324914545619128,-0.12873719406145412,1.4938786122252141,18.19823018197721,0.11560452706685079,-0.024496787663161917,0.013915392141013165,-0.03841217980417507,-2.8661241565899442,-4.4942250370884835,1.1297158329119377,287.6268132250803,0.38461538461538464,0.38461538461538464,36,63,18,1976,0,0.9486747228448926,0.05921052631578947,84,33,1.023567330078255,0.7314962390578267,0.17470692415031913,-2.3635325616813403,2.6760263286046726,,8,3,1.7285976578815008,2.6760263286046726,-4.716227085635591,-0.5246115818484602,2.4500948763163075,-0.5341789673353743,-2.201720103177733,-3.372206161893806
JPM,D1,macross,0,"{'fast': 10, 'slow': 30, 'ema_trend': 200, 'k_atr': 2.0, 'R': 2.0, 'H': 48}",0.6595759456366805,0.39662632636870304,37,32,PASS,24,8,1.5787344240060808,1.5534660034186487,0.42144022709158685,6.302271580171035,84.63536895839272,0.03988532025172562,0.2877186814664302,0.00999906611591381,0.2777196153505164,9.206997806925767,8.887027691216526,1.4116161377669396,432.3001421087764,0.46875,0.46875,11,15,6,1789,0,1.0895474029711174,0.017887087758524316,25,7,1.4242972491818588,2.108204881114401,2.4962338669474287,5.3048395748121555,5.074204320000112,0.5709675378884201,8,6,-5.040332899797693,2.05268498134872,-0.024420809989941672,2.9676421486606754,5.074204320000112,0.4964267749402995,0.40137117590218696,2.9594520001521674
JPM,D1,macross,1,"{'fast': 20, 'slow': 50, 'ema_trend': 200, 'k_atr': 2.0, 'R': 2.0, 'H': 96}",0.6595759456366805,0.39662632636870304,28,28,PASS,15,13,1.185237357207389,1.1684622662779005,0.14349878616665124,5.836586963255415,94.87856216666894,0.04940390880355836,0.11246553830448615,0.009244400971873649,0.10322113733261247,3.149035072525612,2.890191845313149,1.6245628656970368,461.46231624446744,0.39285714285714285,0.39285714285714285,9,17,2,1849,0,1.0265022101611008,0.015143320713899405,21,7,1.1361414491626431,1.2731731978264489,0.9340447518541389,1.6896524021859893,2.9819112691634873,1.0317347182330037,8,6,-3.094834415208818,1.9905853543251444,2.9819112691634873,0.9778865629659363,-2.0254605380100688,0.9546939631497373,0.13710882308755856,0.9683008258401726
JPM,D1,macross,2,"{'fast': 10, 'slow': 30, 'ema_trend': 100, 'k_atr': 1.5, 'R': 3.0, 'H': 48}",0.6595759456366805,0.39662632636870304,50,43,PASS,26,17,1.40342097098209,1.3758911478422537,0.3218787176550334,7.9574644088574376,98.32300726599225,0.06014966127390759,0.24837793636933211,0.013689542814721848,0.23468839355461033,10.680251263881281,10.091600922848244,1.0447848877348314,306.9096185229722,0.3488372093023256,0.3488372093023256,11,26,6,1894,0,1.0990729125925744,0.02270327349524815,35,8,1.040544757368931,3.9905997412613488,0.2610613183263519,9.620419478543885,6.926503966546339,0.6863632459805408,8,4,-3.0754879859014332,2.694260339511963,-2.017478761895826,6.926503966546339,-0.21660215842849154,-3.346420804470971,5.200191370949341,3.9266349565373213
XOM,D1,trend,0,"{'ema_trend': 200, 'ema_fast': 50, 'ema_pull': 20, 'swing': 5, 'k_atr': 0.5, 'R': 2.0, 'H': 24}",0.3852376870448328,0.3154260689243654,180,83,PASS,50,33,1.196217849820546,1.1585312425003798,0.20755560077444946,3.4742451131020293,42.64388811539986,0.07581306316252422,0.08965279632092116,0.01585306288305922,0.07379973343786193,7.441182094636456,6.125377875342541,1.4076642950291642,284.42716134189766,0.46987951807228917,0.46987951807228917,14,35,34,1986,0,1.0573435712416124,0.04179254783484391,61,22,1.1354601452007838,1.2319500620377237,0.8819078984751444,1.3599649797366102,6.3583240230398435,1.038029677913426,8,5,1.6290055504639032,-2.8222651970588846,-1.584071479988547,-0.4572419960655554,0.8587421281213787,6.3583240230398435,0.7553833173647153,1.3875015294656865
XOM,D1,trend,1,"{'ema_trend': 200, 'ema_fast': 50, 'ema_pull': 20, 'swing': 10, 'k_atr': 0.5, 'R': 1.5, 'H': 48}",0.3852376870448328,0.3154260689243654,180,65,PASS,37,28,1.018595308129383,0.9906692294588644,-0.012601556624063912,1.9166367293054454,37.97297905316857,0.08212893411406437,0.009269180751073662,0.013991993984163733,-0.004722813233090061,0.602496748819788,-0.30698286015085396,1.5657401576906338,332.3409271969143,0.4307692307692308,0.4461538461538462,17,31,17,1959,0,0.993148053345196,0.033180193976518634,48,17,0.9560658534844014,1.0965800870371614,-0.32676507012312367,0.6688812370572687,2.04000334918658,,8,5,1.897717262907379,-4.60172384990913,-2.2607558888495323,0.048341634613871864,2.04000334918658,1.7869382040411579,1.3004615882486639,-0.5179651603898436
XOM,D1,trend,2,"{'ema_trend': 100, 'ema_fast': 30, 'ema_pull': 10, 'swing': 5, 'k_atr': 1.0, 'R': 3.0, 'H': 48}",0.3852376870448328,0.3154260689243654,235,60,PASS,34,26,0.8241001716412527,0.8039289054572771,-0.24766885651635803,5.830758614021834,104.21155078342031,0.12933387656826204,-0.09350733192995285,0.012430853650149907,-0.1059381855801028,-5.610439915797171,-6.356291134806169,1.774565622679983,340.7169473786062,0.31666666666666665,0.31666666666666665,4,29,27,1958,0,0.9344778240957787,0.030643513789581207,44,16,0.8339553498186509,0.7161266831777114,-1.1464666283953313,-2.2869981870941163,6.84617051181812,,8,3,-4.776351860123615,-1.0894355471654382,-4.948537221854533,-3.5176161888979762,6.84617051181812,3.4746134997715625,0.187767725785566,-2.5329020541398517
XOM,D1,breakout,0,"{'N': 20, 'k_atr': 1.0, 'R': 2.0, 'H': 24}",0.3852376870448328,0.3154260689243654,185,112,PASS,61,51,1.2611190953145963,1.2171152142250354,0.3462827606574434,3.0010533004518276,23.36717564206868,0.10204178478734531,0.14722640552782637,0.022023402295574698,0.1252030032322517,16.489357419116555,14.022736362012191,0.9179308338376657,184.8200025932924,0.41964285714285715,0.41964285714285715,35,63,14,1939,0,1.1384211085118439,0.05776173285198556,84,28,1.4243592298931727,0.7374224960358376,2.5841648153509764,-2.2415397590377437,9.408931679238899,0.6709768647385997,8,4,9.408931679238899,2.4058465596418444,-1.6899465336945692,-1.3734853191433152,3.84765508316893,6.5401442580465385,-4.203000881643689,-0.9134084836024479
XOM,D1,breakout,1,"{'N': 50, 'k_atr': 1.0, 'R': 2.0, 'H': 48}",0.3852376870448328,0.3154260689243654,105,58,PASS,35,23,1.347988814444554,1.3023713904534706,0.33511053455941603,4.423398070244771,47.01369358890402,0.057265932592614976,0.1921600018095741,0.021477556001754678,0.17068244580781938,11.145280104955297,9.899581856853525,0.9226677959321066,184.07369167107265,0.43103448275862066,0.43103448275862066,21,32,5,1896,0,1.0977238005351586,0.03059071729957806,43,15,1.5413958415774967,0.7775394196680051,3.13365563238135,-1.7792955286436067,3.90127689806501,0.3940850183853106,8,6,3.847318511201939,3.1517732085513233,0.8340195940706175,-0.20524613411740078,0.6495210661144131,3.90127689806501,-4.1453034143982865,1.866222127365912
XOM,D1,breakout,2,"{'N': 20, 'k_atr': 1.5, 'R': 1.5, 'H': 24}",0.3852376870448328,0.3154260689243654,185,106,PASS,58,48,1.3105808600668476,1.2714812695848012,0.4179283399724607,1.9652704183052916,20.797531640526078,0.11377188304791776,0.14365509894824127,0.015945387088647033,0.12770971185959432,15.227440488513576,13.537229457116997,1.2952372225104654,251.64465880191528,0.49056603773584906,0.49056603773584906,35,47,24,1940,0,1.1372132342553534,0.05463917525773196,80,26,1.3616699244100956,1.0176179868912083,2.305529909315849,0.12735776116981065,9.390925684069899,0.6937110517198747,8,4,9.390925684069899,-0.14366536329430946,-2.0842286902637426,-0.2828133424872623,3.294920702729327,3.131800984410262,-0.8465207502941652,1.0768102322469864
XOM,D1,meanrev,0,"{'N': 20, 'k_ext': 2.0, 'swing': 3, 'k_atr': 0.5, 'R': 1.5, 'H': 24}",0.3852376870448328,0.3154260689243654,49,40,PASS,14,26,1.6134368761089053,1.5260737641814983,0.45156844639495003,3.7399454806788714,55.73731501476777,0.0661383045413092,0.27698064268702594,0.03101169459504256,0.24596894809198347,11.079225707481038,9.838757923679339,0.6248222840202686,135.21354805406006,0.525,0.525,19,18,3,1975,0,1.1000672688299196,0.020253164556962026,33,7,1.7751613204945849,0.685002806033934,4.388798488263557,-2.5728349522320264,4.906739952894735,0.49871538571809804,8,4,-2.216818705888506,-2.496447861188308,4.4048515665587615,3.7928904818677474,2.7935971543390403,4.906739952894735,-0.07106193584047067,-1.2749927290636618
XOM,D1,meanrev,1,"{'N': 20, 'k_ext': 2.5, 'swing': 3, 'k_atr': 0.5, 'R': 1.0, 'H': 12}",0.3852376870448328,0.3154260689243654,17,15,PASS,8,7,4.72022556127241,4.440365475574574,0.9134274939353552,8.282325008428241,125.3647048902594,0.011319982723107446,0.577973526092331,0.025264216419984116,0.5527093096723469,8.669602891384965,8.290639645085204,0.6709420839545075,145.47766043733753,0.7333333333333333,0.7333333333333333,11,1,3,1709,0,1.08578173447613,0.008777062609713282,13,2,8.395113543235992,0.0,18.39231213263568,-189.2746699267591,2.673247550263159,0.32244165284012727,8,6,0.9802956976284444,2.673247550263159,1.9385305405160624,0.9022954335598974,0.9803418522695654,1.951137258844259,-0.533942454840278,-0.6012662331559051
XOM,D1,meanrev,2,"{'N': 50, 'k_ext': 2.0, 'swing': 5, 'k_atr': 1.0, 'R': 1.5, 'H': 24}",0.3852376870448328,0.3154260689243654,188,93,PASS,34,59,1.004907935732674,0.9704468612703433,-0.04771494735161633,1.5664039535904593,26.389249644069004,0.10814647115547611,0.0024640164668477084,0.017599607841326245,-0.015135591374478568,0.2291535314168369,-1.4076099978265069,1.2539158895352713,238.6248120806314,0.46236559139784944,0.46236559139784944,25,45,23,1995,0,0.9806330721223372,0.04661654135338346,71,22,0.9642249281406572,0.9925175972249354,-0.26835251343092753,-0.05290716109823758,2.9492647967691963,,8,4,-5.304769283221321,-1.6449222672846207,1.9126183281054758,0.9647801613162692,-0.2062078743828577,2.9492647967691963,-1.3144628544766246,1.2360889953479772
XOM,D1,momentum,0,"{'N': 24, 'k_atr': 2.0, 'R': 2.0, 'H': 48}",0.3852376870448328,0.3154260689243654,187,63,PASS,31,32,0.9019498915846084,0.8802026061305502,-0.16556489005175437,3.5751997556884914,49.974538187762406,0.1453794043620652,-0.05896400212726729,0.014176119397734225,-0.07314012152500153,-3.714732134017839,-4.607827656075097,1.4106349569572387,292.27831065602544,0.36507936507936506,0.36507936507936506,15,37,11,1940,0,0.9502021364965082,0.032474226804123714,44,19,0.9491803839197995,0.7130961708983289,-0.37631898231826133,-2.3174548294809774,6.48305582221546,,8,4,6.48305582221546,0.7117983157376355,-2.1302772781281045,-6.152046664822199,-3.146269872294406,2.8501527032325464,-3.251161781483402,0.026921099467375087
XOM,D1,momentum,1,"{'N': 48, 'k_atr': 2.0, 'R': 2.0, 'H': 96}",0.3852376870448328,0.3154260689243654,127,37,PASS,24,13,2.288848786826994,2.242190161134754,0.8159417249093888,6.202300461727581,63.65175741877353,0.03027506142877973,0.592173766920511,0.013481359409034104,0.5786924075114771,21.910429376058907,21.41161907792465,1.620557146802561,301.5358157607767,0.5405405405405406,0.5405405405405406,19,17,1,1864,0,1.2330549420357795,0.01984978540772532,27,10,2.4517105871781,1.7405863933813626,6.8302521185291445,3.973430793840209,3.94766665813336,0.18437030117929756,8,7,2.964334863379019,1.958251105335367,0.9343266870346543,3.9163308986357297,3.9360076576030316,3.9412402781483227,3.94766665813336,-0.18653907034483952
XOM,D1,momentum,2,"{'N': 12, 'k_atr': 1.5, 'R': 1.5, 'H': 24}",0.3852376870448328,0.3154260689243654,285,113,PASS,55,58,1.3724277593833565,1.3249868001057306,0.5024252921773897,2.1054316036430714,19.19790187615943,0.10617027027277096,0.17377154792535496,0.018911721146409467,0.15485982677894544,19.63618491556511,17.499160426020836,1.085627453561564,210.69705227418598,0.4778761061946903,0.4778761061946903,44,49,20,1979,0,1.1821031370705442,0.05709954522486104,81,32,1.2061020181523479,1.7074267423167626,1.4138657821824767,3.8992290376556555,8.640621622054887,0.49377349608193133,8,6,-2.936623268221634,3.4419493817948865,-6.912530747314728,8.640621622054887,4.2638427956696185,1.9687322536697112,5.535622741562396,3.4975456468057007
XOM,D1,macross,0,"{'fast': 10, 'slow': 30, 'ema_trend': 200, 'k_atr': 2.0, 'R': 2.0, 'H': 48}",0.3852376870448328,0.3154260689243654,38,34,PASS,21,13,1.0610008401577706,1.0343508973746656,0.032405407089879754,4.8005410516172295,95.95010905162752,0.05824915075250284,0.03212277859438705,0.013751043538305602,0.018371735056081438,1.0921744722091598,0.6246389919067689,1.4920546987590733,295.63176902488857,0.4117647058823529,0.4117647058823529,6,17,11,1928,0,1.0038388079416336,0.017634854771784232,23,11,0.9003792088937634,1.379062690719614,-0.7391061950100843,2.237679381418588,2.8216125537176993,4.517189272966233,8,4,0.9769932175474803,-0.4470921739589287,-2.5918422107739003,0.10907384860061131,-1.0507084375268785,1.6990619176150723,2.8216125537176993,-0.8924597233143866
XOM,D1,macross,1,"{'fast': 20, 'slow': 50, 'ema_trend': 200, 'k_atr': 2.0, 'R': 2.0, 'H': 96}",0.3852376870448328,0.3154260689243654,25,23,PASS,12,11,1.0666666666666673,1.0456240526884426,0.037587182172013206,6.250020724956829,113.39434390336072,0.04275724162764995,0.04347826086956568,0.013300693529904883,0.03017756733966079,1.0000000000000107,0.6940840488121982,1.5414228481959285,300.5153828127725,0.34782608695652173,0.34782608695652173,8,15,0,1825,0,1.004613880777043,0.012602739726027398,19,4,1.143822052662085,0.6538641807559208,0.9826781757521664,-2.782981246561897,2.9675008798760505,4.275420080542694,8,5,0.9809466318869537,2.9675008798760505,0.9754225830927015,-2.081548898058389,-2.0676418767962383,0.9747842195142435,1.9936533802893974,-3.0490328709925203
XOM,D1,macross,2,"{'fast': 10, 'slow': 30, 'ema_trend': 100, 'k_atr': 1.5, 'R': 3.0, 'H': 48}",0.3852376870448328,0.3154260689243654,45,43,PASS,24,19,1.3756052477512026,1.3359562981878959,0.2952167497135731,7.625205355436767,102.20999407967649,0.0769039144886627,0.22017167789103503,0.019071915302358123,0.2010997625886769,9.467382149314506,8.647289791313106,1.0565431990071232,212.31154324681262,0.37209302325581395,0.37209302325581395,7,24,12,1950,0,1.0843664561708939,0.02205128205128205,31,12,1.1751584897641085,1.848076257072923,1.0767600817667424,4.299571168657343,3.9329912537291234,0.45482357462798645,8,6,3.9329912537291234,0.40387710138808963,0.8581671395978352,-1.9246214227587926,-2.104692442521813,2.2654158901534327,3.689062262196767,1.5270900095284665
JNJ,D1,trend,0,"{'ema_trend': 200, 'ema_fast': 50, 'ema_pull': 20, 'swing': 5, 'k_atr': 0.5, 'R': 2.0, 'H': 24}",0.9965337726224369,0.14545301780147157,147,78,PASS,66,12,0.9388258233947416,0.902753778706961,-0.140285983653609,3.273117230628051,48.887050751651486,0.10225711684154283,-0.030187531029877004,0.019013710301382207,-0.0492012413312592,-2.3546274203304063,-3.8376968238382174,1.388014118568499,225.05178215513286,0.38461538461538464,0.38461538461538464,12,34,32,1976,0,0.9577918456550553,0.039473684210526314,58,20,0.6916002158566134,1.6004575212924372,-2.5169136808886465,3.288890451718827,6.337462764399666,,8,3,-8.227134046682748,-0.8840530392352561,-1.3300639672882086,0.24848357097889018,3.3463738886713337,-2.4966278017214334,6.337462764399666,-0.83213819296046
JNJ,D1,trend,1,"{'ema_trend': 200, 'ema_fast': 50, 'ema_pull': 20, 'swing': 10, 'k_atr': 0.5, 'R': 1.5, 'H': 48}",0.9965337726224369,0.14545301780147157,147,62,PASS,56,6,1.4273127468118758,1.3803982468114069,0.4198033296554462,2.916082310868909,38.320618422956194,0.07670007377039692,0.1875629135909564,0.017456931982637584,0.1701059816083188,11.628900642639296,10.546570859715766,1.5661405337036243,237.5156671579018,0.5161290322580645,0.5161290322580645,22,26,14,1950,0,1.1067226100920213,0.031794871794871796,44,18,1.2527895415776031,1.726172448568946,1.631139078307324,4.010452986909186,7.044004268654602,0.6678952203848787,8,5,-3.2501130490071324,-2.577168067884667,2.0359609967015553,1.9337230482263863,7.044004268654602,-0.06709181429981337,2.295520489456978,3.131734987867859
JNJ,D1,trend,2,"{'ema_trend': 100, 'ema_fast': 30, 'ema_pull': 10, 'swing': 5, 'k_atr': 1.0, 'R': 3.0, 'H': 48}",0.9965337726224369,0.14545301780147157,247,63,PASS,48,15,1.3713310502461826,1.3334858899376467,0.32408336696286494,6.949734407517695,88.34378210118099,0.08867325868729929,0.1742572697755845,0.014960708727743894,0.1592965610478406,10.978207995861824,10.035683346013958,1.8763202604113758,270.2879666048687,0.4444444444444444,0.4444444444444444,7,28,28,1962,0,1.0988558526080583,0.03211009174311927,44,19,1.3533400703747847,1.2946311827171393,1.847729185050678,1.6729173099503505,8.774688233934304,0.8743488541235704,8,5,-4.923929984885653,-4.55352796170993,-0.617638172566105,8.774688233934304,6.94795514072875,1.4096895651889862,1.9018026582998289,1.0966438670237784
JNJ,D1,breakout,0,"{'N': 20, 'k_atr': 1.0, 'R': 2.0, 'H': 24}",0.9965337726224369,0.14545301780147157,170,111,PASS,70,41,1.2079561005310333,1.157167654354992,0.256644662357052,2.964207242539277,23.987097748512852,0.10392681128491199,0.11778119294798177,0.02635500115869391,0.09142619178928789,13.073712417225977,10.148307288610956,1.076974793508228,157.89571400596841,0.40540540540540543,0.40540540540540543,33,61,17,1930,0,1.0956446802379993,0.057512953367875645,83,28,1.011395333969323,1.6533289544355267,0.08230477875864503,3.7181445821756918,11.951399143623261,1.177674148380967,8,4,-2.0696127725819586,-5.986232999245857,-0.33649837178753383,3.3626502410828687,11.951399143623261,-6.3529960327334045,5.141881798896902,4.437716281356673
JNJ,D1,breakout,1,"{'N': 50, 'k_atr': 1.0, 'R': 2.0, 'H': 48}",0.9965337726224369,0.14545301780147157,111,69,PASS,49,20,1.1576290448360131,1.1122280312704333,0.15052782956880037,3.7246799157283923,37.41182352745753,0.10017504873967127,0.09867059404122291,0.02658211489292853,0.0720884791482944,6.808270988844381,4.974105061232314,0.9635471976626206,149.3942327067252,0.36231884057971014,0.36231884057971014,25,43,1,1930,0,1.0435859068667397,0.035751295336787565,52,17,0.8535914884749936,2.407051979869817,-1.1821268932017375,6.453708682759714,9.678776344837138,1.9458327127572295,8,3,-0.16650971935944936,-4.166171419817459,-6.276259137195906,9.678776344837138,-1.2702104141428907,-3.208295171350602,3.709870507522967,6.672904070738516
JNJ,D1,breakout,2,"{'N': 20, 'k_atr': 1.5, 'R': 1.5, 'H': 24}",0.9965337726224369,0.14545301780147157,170,100,PASS,64,36,1.2359061639256932,1.1904551320646273,0.29382331517746135,1.9136029664744425,23.004035301319977,0.07379932579714854,0.1092747664379739,0.019164277773546498,0.09011048866442739,10.927476643797391,9.011048866442739,1.5020421287941446,215.7633554992279,0.48,0.48,31,44,25,1929,0,1.0876157083666853,0.05184033177812338,72,28,1.1737095730063323,1.2283075121837694,1.163448618415782,1.5584300974861922,8.903408280858482,0.9880545997275506,8,5,0.745892292557265,-5.220513969954471,-1.5594990248940057,6.522136651372047,8.903408280858482,-3.693412222145329,1.252101780483417,2.060935078165336
JNJ,D1,meanrev,0,"{'N': 20, 'k_ext': 2.0, 'swing': 3, 'k_atr': 0.5, 'R': 1.5, 'H': 24}",0.9965337726224369,0.14545301780147157,66,59,PASS,8,51,0.3939040152050647,0.3713505638670055,-1.2576869313694121,-0.8325551719920585,34.05775108087474,0.2599847380424485,-0.45357689173885685,0.0349805847320904,-0.48855747647094727,-26.761036612592555,-28.824891111785888,0.8535632356177416,117.80189265996138,0.22033898305084745,0.22033898305084745,10,44,5,1865,0,0.7469005214962741,0.03163538873994638,43,16,0.30376809651773884,0.5756816053159995,-9.385871506971078,-4.24669385316502,-0.9371113579894825,,8,0,-3.171087446675623,-3.6877556240277927,-1.6373861653233328,-12.673480497946716,-0.9371113579894825,-1.8824266552479276,-2.5348557807769847,-2.3007875837980283
JNJ,D1,meanrev,1,"{'N': 20, 'k_ext': 2.5, 'swing': 3, 'k_atr': 0.5, 'R': 1.0, 'H': 12}",0.9965337726224369,0.14545301780147157,21,21,PASS,0,21,0.48342485926897,0.4456722888267092,-0.6427846219953139,-4.326691539830201,89.90271373814454,0.06760055631636865,-0.32389065447659343,0.03917078056561831,-0.3630614350422117,-6.801703744008462,-7.624290135886446,0.811982977896875,103.64459808580956,0.3333333333333333,0.3333333333333333,6,13,2,1785,0,0.9256674417186677,0.011764705882352941,12,9,0.5742087464003764,0.2994249160918543,-4.180715880445238,-9.092057603647559,1.9161398268194008,,7,1,-0.7184781165594247,-1.02981964809867,-0.06267008227803228,-3.222097759127906,1.9161398268194008,,-2.282950693692034,-2.2244136629497793
JNJ,D1,meanrev,2,"{'N': 50, 'k_ext': 2.0, 'swing': 5, 'k_atr': 1.0, 'R': 1.5, 'H': 24}",0.9965337726224369,0.14545301780147157,189,96,PASS,15,81,0.596973977328814,0.5722844237292972,-0.9009197802245098,0.3659936485484467,23.996298777474575,0.2412504124131366,-0.249371575827662,0.022128820431449824,-0.27150039625911176,-23.939671279455553,-26.06403804087473,1.2932052522535358,179.20541875346393,0.3229166666666667,0.3229166666666667,19,56,21,1961,0,0.7664149782221249,0.04895461499235084,69,27,0.5526937342909161,0.6209259366011057,-4.374999880044769,-3.6458504385873796,2.860942677344096,,8,2,-4.16417227327208,-1.1028888999975064,-1.3223692347990488,-16.535840757602777,2.860942677344096,0.8326954156722517,-6.504927599637385,-0.1274773685822861
JNJ,D1,momentum,0,"{'N': 24, 'k_atr': 2.0, 'R': 2.0, 'H': 48}",0.9965337726224369,0.14545301780147157,195,62,PASS,31,31,0.8529681741464349,0.8291317568557597,-0.24085466786517903,3.617564776896342,50.27746074391705,0.1549094290886594,-0.09156027365865291,0.016734646107340875,-0.10829491976599384,-5.67673696683648,-6.714285025491618,1.5879687635955975,243.5837789256691,0.3064516129032258,0.3225806451612903,15,36,11,1943,0,0.9303873206911872,0.0319094184251158,43,19,0.8247876673078157,0.8387940613668315,-1.3758123126923403,-1.2347152204367855,5.193486375035505,,8,4,3.4819550613379864,-5.933477216618057,-3.6657966567146865,0.5567569192690756,-0.5789767896731741,1.3899339291834656,-7.158166647311731,5.193486375035505
JNJ,D1,momentum,1,"{'N': 48, 'k_atr': 2.0, 'R': 2.0, 'H': 96}",0.9965337726224369,0.14545301780147157,137,46,PASS,25,21,1.3388103340290614,1.3034129782056387,0.299117932122407,4.938421793459262,60.10134554000041,0.05915621295309145,0.19150149314686063,0.017154401090360514,0.17434709205650012,8.809068684755589,8.019966234599005,1.643598374429537,252.6765790580403,0.43478260869565216,0.43478260869565216,16,26,4,1952,0,1.0785235186053852,0.0235655737704918,35,11,1.4619261106450134,0.8730493170183333,2.791137796853352,-0.9467623347640165,5.035905684324847,0.6279210581460309,8,4,-0.09578879230491366,-0.10196688730313364,2.23316251916975,2.934676709916029,5.035905684324847,-1.0827599666853132,-1.0649281342814567,0.16166510176319687
JNJ,D1,momentum,2,"{'N': 12, 'k_atr': 1.5, 'R': 1.5, 'H': 24}",0.9965337726224369,0.14545301780147157,254,112,PASS,56,56,1.2448471277517428,1.1943103176850605,0.31959826531456315,1.7758638128844557,18.945887218306336,0.06528989274749647,0.1207865796678415,0.022586878440436164,0.09819970122740533,13.528096922798248,10.998366537469398,1.219739230581098,174.68876238515165,0.4732142857142857,0.4732142857142857,40,54,18,1971,0,1.107869531883592,0.056823947234906136,80,32,1.2550813274743853,1.0578305375398724,1.7035615057833466,0.42404170123775775,9.582911843220074,0.8713031894848083,8,5,-0.6587044569188489,3.4223723637510366,0.28255973795686956,1.2492495523213398,9.582911843220074,-3.888502429266419,-0.5236736962885482,1.5321536226938923
JNJ,D1,macross,0,"{'fast': 10, 'slow': 30, 'ema_trend': 200, 'k_atr': 2.0, 'R': 2.0, 'H': 48}",0.9965337726224369,0.14545301780147157,50,35,PASS,30,5,1.1958196470895686,1.1646853489054487,0.15091646540877998,5.6405297406097965,83.96639062039424,0.06634742015021688,0.11204566282480047,0.01623373989468805,0.09581192293011243,3.921598198868016,3.353417302553935,1.5985866123408954,254.32291743063985,0.37142857142857144,0.37142857142857144,11,18,6,1916,0,1.0307747445672464,0.01826722338204593,27,8,1.1632805130515123,1.1689143894128349,1.0824110035691288,1.0983447690669297,3.9216765056456353,1.1694567516720686,8,4,-0.3629860149210776,-3.0190668632402122,2.7990703563766464,3.9216765056456353,2.376435812243122,-3.219377231808874,-2.023766584696232,2.8814313229549278
JNJ,D1,macross,1,"{'fast': 20, 'slow': 50, 'ema_trend': 200, 'k_atr': 2.0, 'R': 2.0, 'H': 96}",0.9965337726224369,0.14545301780147157,30,26,PASS,20,6,1.1616058706714734,1.133889013946366,0.11026550290699066,6.141791549066771,104.71967891045877,0.06004135038127002,0.09944976656706053,0.01576119566690021,0.0836885709001603,2.585693930743574,2.1759028434041676,1.5991035510123126,240.4115258770491,0.38461538461538464,0.38461538461538464,9,16,1,1877,0,1.0193486054886125,0.013851891315929675,21,5,1.0954368437838191,1.3007246133494685,0.663456473392387,1.77205049846956,2.937887044677451,1.3501921988764767,8,5,0.9689182332058031,-3.0903887159796666,1.5383157122462405,0.9663107986618134,1.9434090156459707,-1.066084127997012,-2.0224651170564325,2.937887044677451
JNJ,D1,macross,2,"{'fast': 10, 'slow': 30, 'ema_trend': 100, 'k_atr': 1.5, 'R': 3.0, 'H': 48}",0.9965337726224369,0.14545301780147157,59,48,PASS,29,19,1.0670793816902937,1.0345060673202378,0.03659956640951628,7.247560703004757,92.68846083747414,0.11167702874860254,0.046687392848201864,0.022146824521769557,0.024540568326432324,2.2409948567136895,1.1779472796687516,1.1917250347321016,191.007234741213,0.2916666666666667,0.2916666666666667,11,32,5,1931,0,1.0051210661304086,0.024857586742620404,39,9,0.9084512564746784,1.750583678230119,-0.6562952525114987,3.4891895229595304,6.895568674194207,5.8538856476949475,8,4,-7.137718905308419,-2.692854515526715,1.9729471941066365,6.895568674194207,2.1328905518486114,-3.828266978180232,-2.0316887795949765,5.867070038129638
WMT,D1,trend,0,"{'ema_trend': 200, 'ema_fast': 50, 'ema_pull': 20, 'swing': 5, 'k_atr': 0.5, 'R': 2.0, 'H': 24}",0.690652066845586,0.3643516434109411,137,73,PASS,55,18,1.2035375898052116,1.1643974332846787,0.20955197346479504,3.7155281864559844,44.90885154521872,0.07612890204902295,0.09938147727880105,0.017607714676956914,0.0817737626018441,7.254847841352476,5.969484669934619,0.44427882868642854,253.29507245750713,0.4520547945205479,0.4520547945205479,15,32,26,1936,0,1.0559547476007247,0.03770661157024793,57,16,1.1002811765478453,1.3842314484361096,0.6693088021622786,2.296933598208188,6.261379815445155,1.0488978800767623,8,5,-4.076312092927209,2.20537140866497,2.7021597304103016,2.827141018626252,2.2284088062413705,-3.0676471193363035,-3.111016897189914,6.261379815445155
WMT,D1,trend,1,"{'ema_trend': 200, 'ema_fast': 50, 'ema_pull': 20, 'swing': 10, 'k_atr': 0.5, 'R': 1.5, 'H': 48}",0.690652066845586,0.3643516434109411,137,55,PASS,43,12,1.0583586267649259,1.0300671989610661,0.03826414959163206,2.407857303370936,40.14553459049701,0.07971622054714358,0.03176385565756381,0.015149524819503378,0.016614330838060434,1.7470120611660094,0.9137881960933238,0.513179010158165,297.54149142228135,0.41818181818181815,0.41818181818181815,20,28,7,1909,0,1.005401878908872,0.028810895756940808,42,13,0.9871571337915147,1.1712881945449716,-0.09651768917576077,1.1839827945258852,4.876392097285299,5.336457746043459,8,4,-0.6287055439444065,0.2506413038987185,2.611239737382192,-0.07845978806951637,0.9953347474828673,-3.449405613917274,-3.663248744024556,4.876392097285299
WMT,D1,trend,2,"{'ema_trend': 100, 'ema_fast': 30, 'ema_pull': 10, 'swing': 5, 'k_atr': 1.0, 'R': 3.0, 'H': 48}",0.690652066845586,0.3643516434109411,226,69,PASS,44,25,0.7561727311698422,0.7394056808648913,-0.3892637050716021,4.608371626379949,70.94441179962779,0.17526033565595772,-0.15543559563242876,0.013102739668140191,-0.16853833530056897,-10.725056098637584,-11.62914513573926,0.5560114927174773,329.49074103511856,0.3188405797101449,0.3188405797101449,4,42,23,1965,0,0.8851710457117871,0.035114503816793895,50,19,0.629266028097713,1.0341109382974385,-3.1343274089775517,0.23616367574089794,7.082500463770449,,8,2,-5.4588622081782585,-5.881395789560172,5.451529460646345,-0.9658379913247306,-5.188307492619007,-0.00039619382092093147,-6.668375384652963,7.082500463770449
WMT,D1,breakout,0,"{'N': 20, 'k_atr': 1.0, 'R': 2.0, 'H': 24}",0.690652066845586,0.3643516434109411,170,109,PASS,68,41,0.9296669253809229,0.8940972423708933,-0.1951992075726121,2.6127730403978364,25.690671804533974,0.19275937349733185,-0.043205455309926984,0.023509470421394466,-0.06671492573132141,-4.709394628782041,-7.271926904714035,0.31503651053457915,171.3594592824744,0.3486238532110092,0.3486238532110092,26,65,18,1929,0,0.921516342420748,0.05650596163815448,79,30,0.7569829164659253,1.3555153975714078,-2.0517775543352825,2.162734228873531,14.47003966250392,,8,1,-4.243462551627262,-1.6221874130794827,-0.8679383565392693,-0.2834587491582634,-3.45922415217737,-2.3880239159028314,-8.877671428733475,14.47003966250392
WMT,D1,breakout,1,"{'N': 50, 'k_atr': 1.0, 'R': 2.0, 'H': 48}",0.690652066845586,0.3643516434109411,115,75,PASS,49,26,0.9092325252472826,0.8771160411167693,-0.1978563458845462,3.112094007013956,33.8057890973187,0.1281015601862542,-0.06172188283184792,0.02390171543493785,-0.08562359826678577,-4.629141212388594,-6.421769870008933,0.3167398677264046,169.62293199817933,0.32,0.32,23,51,1,1848,0,0.9311289592645144,0.040584415584415584,54,21,0.8434366682124963,0.9663959108224908,-1.265295089067773,-0.25102947457562386,3.7103476872125842,,8,3,-2.1183323025454595,-0.1663203424549764,-3.274320607732479,-3.2319497184755344,0.6500118081405997,2.200151718652688,-4.191358112806356,3.7103476872125842
WMT,D1,breakout,2,"{'N': 20, 'k_atr': 1.5, 'R': 1.5, 'H': 24}",0.690652066845586,0.3643516434109411,170,103,PASS,64,39,0.9087248598204207,0.8791627277355294,-0.21966383273919152,1.3753006968549792,22.789376458615585,0.19088974673953313,-0.04781430585755691,0.016722962403145483,-0.06453726826070234,-4.924873503328362,-6.6473386308523414,0.4458516898018985,239.59845640692376,0.39805825242718446,0.39805825242718446,27,50,26,1928,0,0.9301184289636398,0.05342323651452282,75,28,0.75230593979475,1.3306647351744585,-2.1129992111847598,2.028862148592354,10.97393887954529,,8,2,-1.9761727623041343,-0.02239170682764202,2.4850853939296402,-1.2473055035918208,-7.900105696319335,-1.9762484571767172,-6.984138778107628,10.97393887954529
WMT,D1,meanrev,0,"{'N': 20, 'k_ext': 2.0, 'swing': 3, 'k_atr': 0.5, 'R': 1.5, 'H': 24}",0.690652066845586,0.3643516434109411,68,55,PASS,19,36,0.8319173032042109,0.7915037189620321,-0.2954886202801704,1.663804761946417,41.031321872204394,0.1278002966944578,-0.09990949074438511,0.027686953924326123,-0.12759644466871123,-5.495021990941181,-7.017804456779118,0.27840810932194415,150.55245136307877,0.36363636363636365,0.38181818181818183,18,31,6,1947,0,0.9288384590640948,0.02824858757062147,37,18,1.0826040403415074,0.3367722761611301,0.5990216781001143,-8.014393785638088,2.843266398614371,,8,4,1.9123995578482553,-0.13514547795437348,2.843266398614371,-1.471159969548317,1.0104163028762836,-2.464586937654607,1.47706940285054,-10.19006373381127
WMT,D1,meanrev,1,"{'N': 20, 'k_ext': 2.5, 'swing': 3, 'k_atr': 0.5, 'R': 1.0, 'H': 12}",0.690652066845586,0.3643516434109411,20,18,PASS,5,13,0.37711267817948757,0.3531281513272477,-0.676058344905873,-5.966808042174581,126.11395413063474,0.0894623365119401,-0.3821475893890094,0.027063377529021635,-0.40921096691803105,-6.878656609002169,-7.3657974045245584,0.3064372974270517,154.8518955290255,0.2777777777777778,0.2777777777777778,4,11,3,1940,0,0.9282698722642427,0.009278350515463918,11,7,0.49021269698100894,0.18857491357225986,-5.01902610871005,-12.096735376021108,0.9718678309294677,,7,2,0.9661858647621504,0.9718678309294677,-0.8991029618633278,-1.027726627098543,-1.1025490156314908,-2.0754064576768956,,-4.1990660379459195
WMT,D1,meanrev,2,"{'N': 50, 'k_ext': 2.0, 'swing': 5, 'k_atr': 1.0, 'R': 1.5, 'H': 24}",0.690652066845586,0.3643516434109411,216,97,PASS,30,67,0.848206812141639,0.8201929816823528,-0.3272566014631173,1.1367363492071834,23.979313802085475,0.12572244271569916,-0.08212659486932,0.01701240028712557,-0.09913899515644561,-7.96627970232404,-9.616482530175224,0.4555977125289026,245.79523951309073,0.3917525773195876,0.4020618556701031,23,49,25,1947,0,0.9032614534974335,0.049820236260914225,70,27,0.8144529399955845,0.83574809888924,-1.520302786762901,-1.2933640998221612,1.6717304179348844,,8,3,1.3756483142653106,-3.2050639682573583,-2.5945260536871757,-1.9503496294589888,1.607422588405697,-2.481763851424023,1.6717304179348844,-4.039580347953566
WMT,D1,momentum,0,"{'N': 24, 'k_atr': 2.0, 'R': 2.0, 'H': 48}",0.690652066845586,0.3643516434109411,164,66,PASS,31,35,1.1107495884346257,1.0826482931524481,0.10712100584553393,3.824095148219411,44.649428873375676,0.11084980834469152,0.06389415958346523,0.015432655807250778,0.048461503776214436,4.2170145325087045,3.1984592492301527,0.4868318321425349,264.6651706494895,0.3939393939393939,0.3939393939393939,18,37,11,1947,0,1.026600592069571,0.03389830508474576,46,20,1.3488437914854345,0.6392369730435151,2.160239626608676,-3.2706589833278916,4.587829861697365,1.4343874672786983,8,4,3.849342729840413,4.587829861697365,-1.16070402575939,-0.434300556190808,3.4107003966236222,-1.8170557296021874,-8.803983495374236,3.5666300679953746
WMT,D1,momentum,1,"{'N': 48, 'k_atr': 2.0, 'R': 2.0, 'H': 96}",0.690652066845586,0.3643516434109411,116,39,PASS,19,20,1.7496334442371277,1.709791262134336,0.5676132110755061,5.7208129923727755,63.610928499046,0.060063570657333594,0.38442740730109126,0.014800787079138874,0.36962662022195236,14.992668884742558,14.415438188656143,0.4952188290993611,272.09121645128977,0.48717948717948717,0.48717948717948717,17,20,2,1837,0,1.150002506555486,0.021230266739248774,26,13,1.5372263776357302,2.1130941235455603,3.129153255254151,5.49489265802665,4.895169234721214,0.33957824733856107,8,6,3.9748466208683073,-1.1063739823258525,-0.09336756926216072,0.9170249765637695,2.9760905554077186,0.9730059583884829,1.8790423942946637,4.895169234721214
WMT,D1,momentum,2,"{'N': 12, 'k_atr': 1.5, 'R': 1.5, 'H': 24}",0.690652066845586,0.3643516434109411,264,118,PASS,52,66,1.1591395318605664,1.1174402913934272,0.20355964650344457,1.683318165415753,18.443139184685485,0.07904412930893814,0.08004690949613184,0.019675295048104256,0.06037161444802758,9.445535320543557,7.123850504867254,0.360637961428381,208.42892751676007,0.4491525423728814,0.4491525423728814,40,58,20,1981,0,1.0655335238187953,0.05956587582029278,89,29,1.1425731622270274,1.0390945002809142,0.9978137877595233,0.2832529426056721,6.512459237236884,0.9141768532042257,8,5,-4.767909964653919,3.334056065694832,6.512459237236884,3.4172685195128567,0.07967512001093557,-2.0276748053926212,-1.7395231207135904,2.3154994531718773
WMT,D1,macross,0,"{'fast': 10, 'slow': 30, 'ema_trend': 200, 'k_atr': 2.0, 'R': 2.0, 'H': 48}",0.690652066845586,0.3643516434109411,32,26,PASS,21,5,1.2845196321593864,1.251898607258692,0.20401866579871386,5.843365322774061,100.75000769527587,0.05122768713763111,0.15320287885505415,0.015426870561582635,0.13777600829347153,3.983274850231408,3.5821762156302595,0.4816086222367417,259.2761204580889,0.46153846153846156,0.46153846153846156,7,14,5,1695,0,1.0341144790545738,0.015339233038348082,19,7,1.0791698606033395,1.8867120574897651,0.5464848727616968,4.365639162418236,4.4730135114444085,1.2486860618210573,7,4,,0.48715785063686545,-0.05103268020167384,-4.065374591599477,4.133514941604729,0.3807725547163071,-1.775875370970899,4.4730135114444085
WMT,D1,macross,1,"{'fast': 20, 'slow': 50, 'ema_trend': 200, 'k_atr': 2.0, 'R': 2.0, 'H': 96}",0.690652066845586,0.3643516434109411,26,24,PASS,16,8,1.6673862688866001,1.6274029417916023,0.4093616783904348,7.261918797204985,106.21151092949606,0.03016214620927711,0.3494657170669117,0.015682038129524817,0.33378367893738686,8.38717720960588,8.010808294497284,0.4585738640004964,260.89778609400935,0.4583333333333333,0.4583333333333333,10,12,2,1823,0,1.0805634146218617,0.013165112452002194,17,7,1.426417844693423,2.271151143867296,2.5778328423940606,5.8049535657660245,4.939671693819362,0.6166258774676306,7,4,-2.030890118717477,2.9085653447194306,1.9855957773797237,-1.058515815507163,2.3444181035458227,,-1.0780366907424148,4.939671693819362
WMT,D1,macross,2,"{'fast': 10, 'slow': 30, 'ema_trend': 100, 'k_atr': 1.5, 'R': 3.0, 'H': 48}",0.690652066845586,0.3643516434109411,39,36,PASS,23,13,1.0050484141557792,0.9748362187448593,-0.02429571250931359,7.884915760686274,129.65965102675466,0.11060749563484847,0.003365609437186063,0.02048808480004069,-0.017122475362854644,0.12116193973869827,-0.6164091130627671,0.3365017443872329,194.63672876770147,0.3333333333333333,0.3333333333333333,6,24,6,1890,0,0.9896475471900689,0.01904761904761905,29,7,0.8432153021050002,1.8983696343148855,-1.1646896988463278,4.014872832297052,4.112927306596239,,8,4,-2.039847854393619,0.8699816392584268,-0.08323147325324687,-5.103378232760646,2.4872765898295395,0.5076967396217437,-1.3678338279612028,4.112927306596239
CAT,D1,trend,0,"{'ema_trend': 200, 'ema_fast': 50, 'ema_pull': 20, 'swing': 5, 'k_atr': 0.5, 'R': 2.0, 'H': 24}",0.7074281801758013,0.44632488290527683,123,72,PASS,41,31,1.445273031335236,1.4144939638518488,0.47739741533441393,4.155541869748375,41.71396034122751,0.1065804410383248,0.21703065327615445,0.012137062765248445,0.20489359051090597,15.62620703588312,14.75233851678523,2.4322986057687572,357.5202674181456,0.4583333333333333,0.4583333333333333,20,33,19,1934,0,1.1518201846726008,0.03722854188210962,51,21,1.307550680466905,1.7403417338135805,1.9334456103155566,3.825488571281523,8.48892602885977,0.5754291781740948,8,5,8.48892602885977,5.120014683691997,-5.827460021927082,-3.2978810744310287,1.7873268064177872,1.97037559411925,-0.4493382233997294,6.960374723454267
CAT,D1,trend,1,"{'ema_trend': 200, 'ema_fast': 50, 'ema_pull': 20, 'swing': 10, 'k_atr': 0.5, 'R': 1.5, 'H': 48}",0.7074281801758013,0.44632488290527683,123,61,PASS,36,25,1.553166989750347,1.52515354905805,0.5625338386438228,3.222974911465159,35.67396550750481,0.0996733530669647,0.2533953094774677,0.010375140285081273,0.24302016919238636,15.457113878125528,14.824230320735568,2.862435956708282,451.17991567023694,0.5081967213114754,0.5081967213114754,28,26,7,1932,0,1.1545737157971032,0.03157349896480331,43,18,1.4863394397115561,1.618705274690106,2.990228782253414,3.60185329100262,6.456594502124446,0.43554332079509106,8,5,6.456594502124446,3.936245905094726,-5.396540783091737,-4.476819375862131,5.509939181876332,3.673473485686544,-1.1255812517643815,6.2469186566717685
CAT,D1,trend,2,"{'ema_trend': 100, 'ema_fast': 30, 'ema_pull': 10, 'swing': 5, 'k_atr': 1.0, 'R': 3.0, 'H': 48}",0.7074281801758013,0.44632488290527683,219,62,PASS,40,22,2.018096917967588,1.9868325004009042,0.797245914975977,6.704855768291648,70.10981469015627,0.0584183008598351,0.445693883702743,0.009100616808425556,0.4365932668943174,27.633020789570065,27.06878254744768,3.198669762217129,500.3936008134733,0.5,0.5,8,25,29,1932,0,1.301149496008907,0.032091097308488616,48,14,1.4130290975015651,10.284437823021518,2.3694775239603345,13.173186353249616,12.755917565363056,0.47124090427797294,8,5,4.418289869633578,3.20031378240483,-0.16955867766008814,-0.4547546582798905,-1.2347221978607892,4.837021429876196,3.716275433970786,12.755917565363056
CAT,D1,breakout,0,"{'N': 20, 'k_atr': 1.0, 'R': 2.0, 'H': 24}",0.7074281801758013,0.44632488290527683,161,105,PASS,62,43,1.3393534402521163,1.3049237109981784,0.44912689222829455,3.2126800095196977,25.987905924747185,0.07870430305001455,0.18145289149624924,0.01578658939621886,0.1656663021000304,19.05255360710617,17.39496172050319,1.7457326143646412,286.6301585199948,0.4380952380952381,0.4380952380952381,29,55,21,1965,0,1.178677216244479,0.05343511450381679,81,24,1.2026756674421129,1.7239378333921014,1.3499816706533436,3.919210077094587,8.011615203859352,0.46057101663041755,8,6,2.1949601033234325,-3.6606663978966822,-1.2105741215150851,6.338738335880601,2.359607111312471,3.2720137403552165,0.08926774518388425,8.011615203859352
CAT,D1,breakout,1,"{'N': 50, 'k_atr': 1.0, 'R': 2.0, 'H': 48}",0.7074281801758013,0.44632488290527683,101,67,PASS,45,22,1.2957501381097638,1.2642833466234462,0.322181127161101,4.049727577054282,39.36832126549743,0.08493320973446697,0.17324234214413672,0.01587147595465344,0.15737086618948332,11.60723692365716,10.543848034695381,1.7913483925849647,270.38932485819777,0.3880597014925373,0.3880597014925373,24,39,4,1945,0,1.1035702697877077,0.03444730077120823,50,17,1.1094172294669948,1.8563656082455868,0.766991687138999,4.470319700621448,5.306738021110576,0.5033018309490357,8,6,3.8807088950115984,3.2525277952563325,-5.148876155765982,0.915338165099147,-2.3539033353345316,2.9144469709539234,1.776867678364317,5.306738021110576
CAT,D1,breakout,2,"{'N': 20, 'k_atr': 1.5, 'R': 1.5, 'H': 24}",0.7074281801758013,0.44632488290527683,161,101,PASS,61,40,1.3388462094567064,1.308826955519768,0.45082586920035955,2.1759692971407585,23.181061863899185,0.06322127769034598,0.1504584205611742,0.011538331111004226,0.13892008945016998,15.196300476678594,14.030929034467169,2.3915552942775378,381.4602987435431,0.48514851485148514,0.48514851485148514,31,42,28,1952,0,1.1434824179909622,0.051741803278688527,77,24,1.2011217750185992,1.7507279568095988,1.3538869880096434,4.050477174238623,7.602124065676733,0.5418118819503692,8,4,4.09162319928247,-2.2065341051851015,-0.5407430807618636,3.758082322995671,-0.22307687119566932,2.4675412495905578,-0.9180877459356316,7.602124065676733
CAT,D1,meanrev,0,"{'N': 20, 'k_ext': 2.0, 'swing': 3, 'k_atr': 0.5, 'R': 1.5, 'H': 24}",0.7074281801758013,0.44632488290527683,84,69,PASS,24,45,0.8118350941031636,0.7828654373543867,-0.34733992338393915,1.5442684509627809,32.71051202053597,0.08687306116119196,-0.11156036053193576,0.02013496047091994,-0.13169532100285566,-7.697664876703567,-9.086977149197041,1.5546625695343295,218.68488194430302,0.34782608695652173,0.34782608695652173,21,39,9,1932,0,0.9090781665995655,0.03571428571428571,51,18,0.9621548817026327,0.3609655179744192,-0.291419241509199,-7.427751047903162,2.3301921059640147,,8,3,-3.6061664312536488,-0.38753533724859723,2.3301921059640147,-0.7171501177567503,0.5362956457124564,0.7328922056534537,-0.06433316437190095,-7.9111720558960705
CAT,D1,meanrev,1,"{'N': 20, 'k_ext': 2.5, 'swing': 3, 'k_atr': 0.5, 'R': 1.0, 'H': 12}",0.7074281801758013,0.44632488290527683,38,34,PASS,11,23,1.5107313726689278,1.4354447783788957,0.3793979882835241,0.953284790227481,54.287481173835765,0.04823661944966483,0.18791257177677767,0.023182374938026162,0.16473019683875148,6.389027440410441,5.6008266925175505,1.2123420532574443,187.38183657812863,0.6176470588235294,0.6176470588235294,18,12,4,1784,0,1.0559811896059257,0.01905829596412556,25,9,2.468201088096685,0.14586762464308442,7.266018383454692,-12.88591242425177,3.9406251435373845,0.7035791964071804,8,5,-1.1254018417067564,1.902221366585532,0.8855528546772742,1.9568427547632736,2.926581926656298,3.9406251435373845,-0.9847829637877182,-3.9008125482077363
CAT,D1,meanrev,2,"{'N': 50, 'k_ext': 2.0, 'swing': 5, 'k_atr': 1.0, 'R': 1.5, 'H': 24}",0.7074281801758013,0.44632488290527683,261,127,PASS,39,88,0.813891687617951,0.7951495846563421,-0.43633974238168066,1.2412192501801562,17.154664348695945,0.1591929681208299,-0.10948026866227666,0.012799682956702203,-0.12227995161897881,-13.903994120109136,-15.52955385561031,2.242807309846661,326.71632572356566,0.3543307086614173,0.3543307086614173,38,70,19,1975,0,0.8492841130670503,0.06430379746835443,95,32,0.8796906108841671,0.5621987868526975,-0.9685906794299276,-4.219691100135104,3.8280333870725105,,8,4,-7.035757731425213,-1.1900252451202538,0.5706421609023526,-2.193083243071233,1.1934098553620784,1.9628546379896918,3.8280333870725105,-12.665627677320245
CAT,D1,momentum,0,"{'N': 24, 'k_atr': 2.0, 'R': 2.0, 'H': 48}",0.7074281801758013,0.44632488290527683,161,52,PASS,21,31,0.7791834732725422,0.7662586847075649,-0.3265374349446913,3.1825099309991947,56.90998538528147,0.10167827131075469,-0.14008695822650297,0.00969247017546592,-0.1497794284019689,-7.284521827778154,-7.7885302769023825,2.6060460492215327,441.6422264342555,0.34615384615384615,0.34615384615384615,10,32,10,1842,0,0.9214928284318695,0.02823018458197611,42,10,0.8614702678751753,0.4134744384479267,-1.0846232361415364,-6.255923394238681,2.8348043192538923,,8,3,0.8144734902984936,-2.055959774026127,0.011113327460498201,2.8348043192538923,-2.3824356585603237,-2.8569439828035614,-2.324339447940037,-1.8292425505852161
CAT,D1,momentum,1,"{'N': 48, 'k_atr': 2.0, 'R': 2.0, 'H': 96}",0.7074281801758013,0.44632488290527683,124,43,PASS,20,23,0.703368865804858,0.6932605828908599,-0.4186699363495933,3.6411551737926637,62.50248787270992,0.1043319020488005,-0.2157683879833595,0.009525705108757684,-0.22529409309211718,-9.278040683284459,-9.687646002961039,2.7422084255731534,430.03052679112056,0.2558139534883721,0.2558139534883721,11,31,1,1793,0,0.9042749924105012,0.023982152816508645,32,11,0.7960167911968448,0.4387991910201397,-1.6717831490774713,-6.057593393070439,1.9723238879713076,,8,1,-2.0350171656270275,1.9723238879713076,-3.310084462008549,-0.10524950241464714,-1.0503182538421412,-0.060803329369957027,-0.049314826417672375,-5.049182351252352
CAT,D1,momentum,2,"{'N': 12, 'k_atr': 1.5, 'R': 1.5, 'H': 24}",0.7074281801758013,0.44632488290527683,241,111,PASS,54,57,1.63277309935936,1.5953290264026951,0.8409417934700655,2.234687787679179,17.818490266014713,0.066202582170644,0.28503292763935145,0.013254249508424486,0.271778678130927,31.638654967968012,30.167433272532897,2.057954875947374,315.0941111677035,0.5495495495495496,0.5495495495495496,50,50,11,1953,0,1.3409663852996039,0.05683563748079877,82,29,1.6838191896491446,1.367765697838808,4.018161157321081,2.3642964078052953,8.934128006838986,0.29615141355010166,8,5,5.363052746964782,-0.09679102909670845,6.602413589738357,6.802721986887994,8.901985186408673,-2.623743168072362,8.934128006838986,-3.716334047136825
CAT,D1,macross,0,"{'fast': 10, 'slow': 30, 'ema_trend': 200, 'k_atr': 2.0, 'R': 2.0, 'H': 48}",0.7074281801758013,0.44632488290527683,38,33,PASS,17,16,0.6017591340088227,0.591966035766727,-0.5100587225640005,3.18237359496325,89.25361131097242,0.12551284527587755,-0.27849772779074955,0.009676687439297563,-0.28817441523004705,-9.190425017094736,-9.509755702591553,2.569531144923957,426.5328239033473,0.2727272727272727,0.2727272727272727,6,23,4,1810,0,0.9070925949999518,0.018232044198895028,25,8,0.450420973834764,1.2686918741110873,-5.89407334890817,1.6066725986893242,1.9889638316585672,,8,2,-2.1139738758066136,-1.0079575057259447,-0.3084217068814459,-7.123584933789549,-2.02346306392453,1.9844041223643154,-0.9057225704863533,1.9889638316585672
CAT,D1,macross,1,"{'fast': 20, 'slow': 50, 'ema_trend': 200, 'k_atr': 2.0, 'R': 2.0, 'H': 96}",0.7074281801758013,0.44632488290527683,28,26,PASS,12,14,0.47619047619047583,0.4689938137997319,-0.6593845198755103,2.9674259465905894,103.48714575003716,0.09928337737506138,-0.42307692307692335,0.010054057488138092,-0.4331309805650615,-11.000000000000007,-11.2614054946916,2.56371229893195,388.39833597253653,0.19230769230769232,0.19230769230769232,5,21,0,1786,0,0.8916616263772806,0.014557670772676373,23,3,0.5471593727907519,0.0,-4.491786337712978,-7182.405966161782,2.9707440759068366,,8,1,-2.0260467651423246,-2.014128624716246,-2.0193409779629103,-3.1147349218272087,-2.0282332727777295,2.9707440759068366,-2.018093264878514,-1.011571743293501
CAT,D1,macross,2,"{'fast': 10, 'slow': 30, 'ema_trend': 100, 'k_atr': 1.5, 'R': 3.0, 'H': 48}",0.7074281801758013,0.44632488290527683,41,37,PASS,17,20,0.9220966612839989,0.9062949781403142,-0.09590651640778089,7.941792776117416,118.09173004415563,0.1331303416304878,-0.05706610127150215,0.012460427214308222,-0.06952652848581038,-2.1114457470455794,-2.5724815539749843,2.13892257140094,364.4118640825745,0.24324324324324326,0.24324324324324326,8,27,2,1811,0,0.969798029573917,0.020430701270016567,28,9,0.667038777197572,1.965746005807637,-2.7198684755975693,4.434579528993144,2.9852851088780894,,8,5,-1.1519651677421545,0.9711831355515614,-2.0629642593710953,-9.14811164504349,1.9667563321397354,1.9682982629230095,1.899036678689363,2.9852851088780894
