instrument,timeframe,family,variant,params,bh_sharpe,bh_max_dd,n_cands,n_trades,guard,n_long,n_short,gross_pf,net_pf,sharpe,skew,ekurt,max_dd,gross_R_mean,cost_R_mean,net_R_mean,gross_R_total,net_R_total,risk_med,risk_med_bps,win_rate,gross_win_rate,n_targets,n_stops,n_time,n_obs,n_ruin_days,equity_final,trades_per_day,bars_per_day,is_trades,oos_trades,is_pf,oos_pf,is_sharpe,oos_sharpe,top_year_R,top_year_share,n_years,n_pos_years,yr_2018,yr_2019,yr_2020,yr_2021,yr_2022,yr_2023,yr_2024,yr_2025
NAS100,M1,trend,0,"{'ema_trend': 200, 'ema_fast': 50, 'ema_pull': 20, 'swing': 5, 'k_atr': 0.5, 'R': 2.0, 'H': 24}",0.9347427706235681,0.3554812603204959,61835,26053,PASS,14625,11428,1.019170736577522,0.6800508827842358,-9.96245964067569,-0.21349009871348143,0.17958501783982328,1.0,0.01006048491977427,0.22275580865203934,-0.21269532373226507,262.1058136148791,-5541.351269196702,16.116410714286758,11.613190399855279,0.38640463670210723,0.41227497792960505,4781,12860,8412,1683,0,2.7582774566222344e-26,15.480095068330362,443.14260249554366,15375,10678,0.6594613063496512,0.7120294103265731,-10.606603753433925,-9.068171222503292,-442.95519728754283,,8,0,-442.95519728754283,-1109.9683204057915,-686.5036831643727,-811.6399847799777,-536.8084434277549,-662.2649537924889,-555.2755674047244,-735.9351189340492
NAS100,M1,trend,1,"{'ema_trend': 200, 'ema_fast': 50, 'ema_pull': 20, 'swing': 10, 'k_atr': 0.5, 'R': 1.5, 'H': 48}",0.9347427706235681,0.3554812603204959,61835,21869,PASS,12111,9758,1.0166470720365406,0.7037486588525509,-8.883274611301355,-0.22982666447985026,0.43648956949932805,1.0,0.00899868955797166,0.20524430655110737,-0.19624561699313575,196.79234194328222,-4291.6953980228855,17.753999999998996,12.878395877340274,0.41149572454158856,0.42507659243678264,7205,11460,3204,1683,0,2.0518259176347164e-20,12.994058229352348,443.14260249554366,13032,8837,0.6836831480417908,0.7351301229103497,-9.515808093956208,-7.987135107957507,-380.0856212997401,,8,0,-381.5520324253759,-845.0110582055227,-551.7914876015783,-636.7042292262337,-380.0856212997401,-525.6207777036545,-403.18196804863607,-567.7482235121442
NAS100,M1,trend,2,"{'ema_trend': 100, 'ema_fast': 30, 'ema_pull': 10, 'swing': 5, 'k_atr': 1.0, 'R': 3.0, 'H': 48}",0.9347427706235681,0.3554812603204959,95011,21500,PASS,11809,9691,1.0211198515629205,0.7473258798255713,-6.840938715735644,0.12196080065341587,0.022561131983122706,1.0,0.01239415527888242,0.19408043307694345,-0.181686277798061,266.474338495972,-3906.254972658312,19.111928571428507,13.868345110094774,0.34632558139534886,0.36511627906976746,2403,12100,6997,1683,0,5.307020007736226e-19,12.77480689245395,443.14260249554366,12835,8665,0.7138508566461487,0.8013832511491692,-8.010105917572593,-5.176222056615049,-332.33687413759264,,8,0,-355.0897581565526,-761.821571650309,-541.8000371003652,-650.3079040576382,-422.9662270704957,-441.8688189886785,-332.33687413759264,-400.06378149668035
NAS100,M1,breakout,0,"{'N': 20, 'k_atr': 1.0, 'R': 2.0, 'H': 24}",0.9347427706235681,0.3554812603204959,63547,38928,PASS,19971,18957,0.9810881913487264,0.6095023386435554,-15.438801353232169,-0.2988690873016936,0.3769036668695813,1.0,-0.011570409450574793,0.30647115042521794,-0.3180415598757927,-450.41289909197553,-12380.721842844858,11.250607142857916,8.204637722804373,0.34445643238799833,0.3626438553226469,10307,23292,5329,1683,0,4.428465948879514e-59,23.1301247771836,443.14260249554366,22895,16033,0.5835818179090869,0.6482424049160639,-16.224183499758446,-14.491457546426531,-1212.649819830008,,8,0,-1282.5081751455803,-1968.521507321017,-1447.839985312339,-1998.5068475512028,-1212.649819830008,-1521.4920416081284,-1380.233343032319,-1568.970123044265
NAS100,M1,breakout,1,"{'N': 50, 'k_atr': 1.0, 'R': 2.0, 'H': 48}",0.9347427706235681,0.3554812603204959,39325,23242,PASS,12336,10906,0.9799129594192649,0.6431745691139342,-11.571843461882157,-0.1613844527761524,0.5067356375114684,1.0,-0.012950387301913564,0.28541035870747006,-0.29836074600938367,-300.99290167107506,-6934.500458750095,11.862303571428129,8.674190119050595,0.33633078048360726,0.3433869718612856,6985,14829,1428,1683,0,9.125180883347567e-33,13.809863339275104,443.14260249554366,13626,9616,0.6251785257832667,0.6696725974530198,-12.06782452329257,-10.894279467599956,-608.6214552567768,,8,0,-700.6115173754965,-1048.3720626745019,-841.1219130491179,-1139.330080166353,-608.6214552567768,-870.0531708061824,-771.8578749745026,-954.5323844471636
NAS100,M1,breakout,2,"{'N': 20, 'k_atr': 1.5, 'R': 1.5, 'H': 24}",0.9347427706235681,0.3554812603204959,63547,36066,PASS,18503,17563,0.9844219558137527,0.6506912261313945,-13.599586664029337,-0.1705887589932658,0.22363073994017402,1.0,-0.008184906355508018,0.22195659793828756,-0.23014150429379565,-295.1968326177522,-8300.283493860034,15.451071428571595,11.247169845964109,0.40201297621028115,0.42599678367437477,10789,17974,7303,1683,0,4.745301061830762e-39,21.429590017825312,443.14260249554366,21262,14804,0.627469529271052,0.6853261028833417,-14.509479267141453,-12.397184727820287,-759.702129726998,,8,0,-843.022508004747,-1321.116019336707,-972.0288541265603,-1403.279952050427,-759.702129726998,-1035.1344953338287,-942.3284342185186,-1023.6711010622461
NAS100,M1,meanrev,0,"{'N': 20, 'k_ext': 2.0, 'swing': 3, 'k_atr': 0.5, 'R': 1.5, 'H': 24}",0.9347427706235681,0.3554812603204959,24309,17645,PASS,7955,9690,0.9440057006638988,0.48240301030312455,-13.363429535316298,-1.1460346535294967,3.456331301405198,1.0,-0.03278558366168448,0.39998248900681443,-0.43276807266849887,-578.5016237104226,-7636.192642235663,9.87558928571434,7.34890593717746,0.37183338056106546,0.3964862567299518,6192,10169,1284,1683,0,6.779793566631718e-36,10.48425430778372,443.14260249554366,10786,6859,0.45853020452028515,0.522656466587586,-13.948903041369439,-12.813033268259488,-753.0259562429079,,8,0,-899.100662261564,-1314.1575188791096,-971.8089567679773,-1076.3951837110094,-753.0259562429079,-922.1838019234606,-879.1152311625813,-820.4053312870528
NAS100,M1,meanrev,1,"{'N': 20, 'k_ext': 2.5, 'swing': 3, 'k_atr': 0.5, 'R': 1.0, 'H': 12}",0.9347427706235681,0.3554812603204959,12500,9256,PASS,4036,5220,0.9089132346390063,0.30077914021269164,-12.690827351943193,-1.7810028473898514,6.340826729393227,1.0,-0.043576551542755616,0.5064638293521947,-0.5500403808949503,-403.344561079746,-5091.173765563661,9.38583928571461,6.943822125438153,0.38807260155574763,0.47904062229904926,3786,4221,1249,1683,0,9.15034102300357e-24,5.499702911467617,443.14260249554366,5651,3605,0.2620207355707607,0.3734074836616066,-13.514058535294561,-12.484305257189769,-476.0489790728805,,8,0,-729.2221645754212,-906.4212780148588,-609.9125194228825,-782.0418436047017,-476.0489790728805,-583.7068652625045,-511.56215513401924,-492.25796047639284
NAS100,M1,meanrev,2,"{'N': 50, 'k_ext': 2.0, 'swing': 5, 'k_atr': 1.0, 'R': 1.5, 'H': 24}",0.9347427706235681,0.3554812603204959,75905,31602,PASS,14029,17573,0.9749856040165293,0.6182574621896476,-12.811230069935505,-0.7622918054907999,1.517992007734489,1.0,-0.013353416987063329,0.24714321328909208,-0.2604966302761554,-421.9946836251753,-8232.214509987063,14.622428571428827,10.724380481128671,0.3961141699892412,0.42250490475286373,9610,16146,5846,1683,0,6.26209536812134e-39,18.777183600713013,443.14260249554366,18950,12652,0.5982942673078988,0.6498680392533877,-13.294635808290272,-12.283647594880895,-799.238523055208,,8,0,-945.4931197988435,-1393.4560797163315,-1019.125475160465,-1152.2363789617696,-799.238523055208,-1163.3168036090794,-932.8933325849094,-826.4547971004567
NAS100,M1,momentum,0,"{'N': 24, 'k_atr': 2.0, 'R': 2.0, 'H': 48}",0.9347427706235681,0.3554812603204959,66352,21509,PASS,10745,10764,0.991828439831567,0.7005488565237405,-8.83638167344122,-0.21282890647884506,0.1125158767788168,1.0,-0.005017561348851958,0.2220448130230363,-0.22706237437188828,-107.92272705245676,-4883.884610364945,15.90142857142746,11.319332987364353,0.3502719791715096,0.3618950206890139,5788,12944,2777,1683,0,2.569868583943377e-23,12.780154486036839,443.14260249554366,12664,8845,0.6833721442399892,0.726159098754701,-9.449730683737197,-7.978988789080419,-461.78613547790417,,8,0,-461.78613547790417,-845.0331270898408,-494.15674742038664,-803.2828346386976,-486.68310905402046,-624.8566587658594,-535.0453491366735,-633.0406487815616
NAS100,M1,momentum,1,"{'N': 48, 'k_atr': 2.0, 'R': 2.0, 'H': 96}",0.9347427706235681,0.3554812603204959,45428,14754,PASS,7320,7434,1.0179839280769085,0.7490467051357959,-6.191321219585008,-0.3800672357019899,0.1919427734601733,0.9999999999999272,0.011392165274037467,0.20370044896892558,-0.19230828369488814,168.0800064531488,-2837.31641763438,16.544357142856825,11.801835647177281,0.34688897925986173,0.35258235054900366,4520,9230,1004,1683,0,7.185748954244583e-14,8.766488413547236,443.14260249554366,8646,6108,0.7367318285150537,0.7670488988643974,-6.4132086594289195,-5.871916111253916,-252.75988285715513,,8,0,-265.86557576053235,-435.0808542341684,-385.8603634340355,-427.9007779195507,-252.75988285715513,-323.5877756218394,-333.5321060782554,-412.7290817288426
NAS100,M1,momentum,2,"{'N': 12, 'k_atr': 1.5, 'R': 1.5, 'H': 24}",0.9347427706235681,0.3554812603204959,97075,42209,PASS,21174,21035,0.9924787009438372,0.6080908397259842,-14.881651096215576,-0.6764487040488345,1.1750512244876452,1.0,-0.004274546027275211,0.28682284276093895,-0.2910973887882141,-180.4243132652594,-12286.92968336173,12.048535714286118,8.657081636071714,0.39370750313914094,0.41095500959511005,15020,23545,3644,1683,0,7.409837286387844e-59,25.07961972667855,443.14260249554366,25109,17100,0.5888729998889695,0.6380464512519701,-15.216143101254962,-14.674512966138591,-1178.3921086248276,,8,0,-1212.6466922278994,-2227.025119401196,-1466.1833249850374,-1767.7738206635045,-1178.3921086248276,-1590.5309632704814,-1362.2075122633098,-1482.1701419254746
NAS100,M1,macross,0,"{'fast': 10, 'slow': 30, 'ema_trend': 200, 'k_atr': 2.0, 'R': 2.0, 'H': 48}",0.9347427706235681,0.3554812603204959,14074,11650,PASS,6360,5290,1.015697687714807,0.7372637728847622,-5.735638887218402,-0.31358080460095994,0.15940729833853506,0.999999999946994,0.009433566922934133,0.20143085508023378,-0.1919972881572997,109.90105465218264,-2236.7684070325413,16.431714285714406,11.732945446428014,0.3593991416309013,0.3727896995708154,3074,6833,1743,1683,0,5.1052102666845324e-11,6.922162804515746,443.14260249554366,6842,4808,0.7409393001505221,0.7319265136670683,-5.849118690002507,-5.588491004370664,-154.7878457135025,,8,0,-154.7878457135025,-431.89589532798,-155.46476095291516,-380.4026744526397,-183.5048534483155,-248.35551173276596,-349.70769950950984,-332.6491658949126
NAS100,M1,macross,1,"{'fast': 20, 'slow': 50, 'ema_trend': 200, 'k_atr': 2.0, 'R': 2.0, 'H': 96}",0.9347427706235681,0.3554812603204959,8752,7913,PASS,4219,3694,1.0123580549976732,0.7543146758657856,-4.36094513353649,-0.38306046459280724,0.2030745033415542,0.9999998559150782,0.007780281232329657,0.19312430717733695,-0.1853440259450073,61.56536539142458,-1466.6272773028427,16.823142857141647,12.156336556011901,0.34727663338809556,0.3552382155945912,2365,4918,630,1683,0,1.678420596434383e-07,4.7017231134878195,443.14260249554366,4626,3287,0.7811039026335379,0.7172146829277941,-3.8519206928406584,-5.142028596228443,-33.03286021628309,,8,0,-33.03286021628309,-239.3033416365277,-186.01778886750796,-210.71845424598393,-89.72315652513059,-191.1337791412502,-242.84722841244243,-273.8506682577168
NAS100,M1,macross,2,"{'fast': 10, 'slow': 30, 'ema_trend': 100, 'k_atr': 1.5, 'R': 3.0, 'H': 48}",0.9347427706235681,0.3554812603204959,16777,14438,PASS,7628,6810,1.0157714471586428,0.7085378086573364,-6.520234092612918,-0.3746622057222401,0.46681741022935297,1.0,0.010865678429788238,0.2678316147950968,-0.25696593636530857,156.87866516928258,-3710.0741892423252,12.275919642856934,8.75235286508535,0.2859814378722815,0.2962321651198227,2807,9821,1810,1683,0,3.853746589571266e-18,8.578728461081402,443.14260249554366,8443,5995,0.688110837905893,0.7389639261037316,-7.1362547546519615,-5.6668134174029685,-312.633648968441,,8,0,-326.67179904772433,-681.3681085371508,-312.633648968441,-712.8235654392666,-341.8651676587635,-365.0476404679138,-509.1048279307344,-460.55943119233103
US30,M1,trend,0,"{'ema_trend': 200, 'ema_fast': 50, 'ema_pull': 20, 'swing': 5, 'k_atr': 0.5, 'R': 2.0, 'H': 24}",0.6156876339125823,0.3439804549947158,59150,24837,PASS,13542,11295,1.0186084499095516,0.6701904097416637,-10.994673429952176,-0.01575861236775016,-0.13275341442226551,1.0,0.00973932316210831,0.22922736091794438,-0.2194880377558361,241.8955693772841,-5451.424393741701,27.205999999998312,8.03919569399424,0.3831380601521923,0.41261021862543784,4632,12177,8028,1606,0,1.0299395473289886e-25,15.465130759651307,442.0442092154421,13324,11513,0.6737737667884683,0.665967902645145,-10.96368357388852,-11.034716159202548,-361.8732391338576,,8,0,-625.9148469791389,-962.3268296955739,-445.5697480896642,-521.1713712248744,-361.8732391338576,-799.7808206704507,-986.1873478665066,-748.6001900816343
US30,M1,trend,1,"{'ema_trend': 200, 'ema_fast': 50, 'ema_pull': 20, 'swing': 10, 'k_atr': 0.5, 'R': 1.5, 'H': 48}",0.6156876339125823,0.3439804549947158,59150,20679,PASS,11210,9469,1.0001755115910573,0.6851748506312048,-9.998314946747906,-0.021821368061102037,-0.009477455958346592,1.0,9.523312999711216e-05,0.2099708774983358,-0.2098756443683387,1.9693258952102823,-4340.018449892876,30.027089285711554,8.930409783440998,0.40717636249335076,0.42057159437110114,6782,10847,3050,1606,0,1.6293713455148324e-20,12.876089663760897,442.0442092154421,11214,9465,0.6843089282900443,0.6862196265988725,-10.230305800304807,-9.737117256999651,-311.8377878851864,,8,0,-524.7142529522399,-745.6394208425672,-389.7738521161529,-407.69798264151615,-311.8377878851864,-648.1020537619042,-746.2182357221352,-566.0348639711738
US30,M1,trend,2,"{'ema_trend': 100, 'ema_fast': 30, 'ema_pull': 10, 'swing': 5, 'k_atr': 1.0, 'R': 3.0, 'H': 48}",0.6156876339125823,0.3439804549947158,90898,20443,PASS,11036,9407,1.0299087767756387,0.7547285750574989,-6.862610812632011,-0.025360039279482827,0.11598166686815992,1.0,0.017437948094783665,0.19240711360076734,-0.17496916550598368,356.48397290166247,-3576.8946504388246,32.298714285716414,9.563078602088403,0.34500807122242333,0.36496600303282295,2347,11398,6698,1606,0,2.0766795624859802e-17,12.729140722291406,442.0442092154421,10949,9494,0.7674760064393515,0.7398872724676082,-6.377496588662373,-7.465372103740296,-136.44450282773207,,8,0,-382.98622670420826,-581.5227580994951,-375.8538818463839,-347.37064220897935,-136.44450282773207,-616.9826951069817,-600.9468374613917,-534.787106183652
US30,M1,breakout,0,"{'N': 20, 'k_atr': 1.0, 'R': 2.0, 'H': 24}",0.6156876339125823,0.3439804549947158,59035,36712,PASS,18818,17894,1.0020633218566868,0.6166914709399351,-16.060141112504176,-0.020561932312369788,0.0015768891488341374,1.0,0.0012589042709096677,0.3132718662940572,-0.31201296202314754,46.21689359363572,-11454.619861793792,19.11903571428411,5.651217227091176,0.34876879494443236,0.36325996949226413,10033,21889,4790,1606,0,2.2993542584976095e-54,22.859277708592778,442.0442092154421,19550,17162,0.6096661234183205,0.6246619523218802,-16.46123989120918,-15.607296869362735,-752.3381034382609,,8,0,-1297.2840210951852,-2028.9535343938485,-990.2649197542025,-1131.0284893736973,-752.3381034382609,-1722.4208151171447,-1858.6875860664093,-1673.6423925550428
US30,M1,breakout,1,"{'N': 50, 'k_atr': 1.0, 'R': 2.0, 'H': 48}",0.6156876339125823,0.3439804549947158,36607,22120,PASS,11565,10555,1.0105175264252761,0.652605510502519,-11.823105021508388,0.06297927799617113,0.11259042487263438,1.0,0.006725497518420553,0.29667203436211403,-0.28994653684369354,148.76800510746264,-6413.617394982501,19.958071428571202,5.886026116831203,0.3438517179023508,0.3487341772151899,6829,14007,1284,1606,0,3.0527517913251243e-30,13.7733499377335,442.0442092154421,11666,10454,0.6575205605471995,0.647174568205049,-11.473262265818365,-12.221704719574074,-377.1495059591983,,8,0,-624.6514895322143,-1043.5887106008126,-594.8606212520772,-678.8292356409097,-377.1495059591983,-1018.829526669463,-1070.265439009871,-1005.4428663179547
US30,M1,breakout,2,"{'N': 20, 'k_atr': 1.5, 'R': 1.5, 'H': 24}",0.6156876339125823,0.3439804549947158,59035,34093,PASS,17485,16608,0.9902079106883986,0.6484235797322958,-13.791470148303945,-0.025727065937540095,0.006859650667006445,1.0,-0.0051525886545403495,0.22727224298098286,-0.23242483163552324,-175.66720499924412,-7924.059784949894,26.23464285713999,7.729095081264501,0.4033379286070454,0.42469128560114977,10391,17041,6661,1606,0,2.8597302822678166e-37,21.228518057285182,442.0442092154421,18180,15913,0.6421148264166718,0.6556160899837551,-14.121897031577868,-13.414983520294843,-499.0352557919973,,8,0,-896.4129274487143,-1425.0647492728936,-697.6353457663806,-778.9747174467899,-499.0352557919973,-1199.9761079075827,-1232.7152985530563,-1194.2453827624784
US30,M1,meanrev,0,"{'N': 20, 'k_ext': 2.0, 'swing': 3, 'k_atr': 0.5, 'R': 1.5, 'H': 24}",0.6156876339125823,0.3439804549947158,22965,16805,PASS,7812,8993,0.9800348585565442,0.5104158993911477,-13.651373014826614,-0.576849774558268,0.6121119588331947,1.0,-0.011527761861962946,0.3849677603785261,-0.39649552224048906,-193.7240380902873,-6663.107251251418,17.30542857142791,5.208631479870403,0.3883963106218387,0.40690270752752156,6042,9563,1200,1606,0,3.4726695865906234e-31,10.463885429638854,442.0442092154421,9147,7658,0.5211730711300122,0.4978466878143429,-13.59170875511486,-13.711779310703955,-424.9113014326807,,8,0,-838.6418628914239,-1028.478137288729,-424.9113014326807,-748.8069961222853,-470.62953139925077,-964.7211203861399,-1155.7913448293425,-1031.126956901566
US30,M1,meanrev,1,"{'N': 20, 'k_ext': 2.5, 'swing': 3, 'k_atr': 0.5, 'R': 1.0, 'H': 12}",0.6156876339125823,0.3439804549947158,12013,9048,PASS,4093,4955,0.9472453594469226,0.3463365738959395,-13.28695119169793,-0.9990433824742836,1.7044961523857234,1.0,-0.024920949227544942,0.4499099936802357,-0.47483094290778055,-225.48474861082664,-4296.2703714295985,16.76650000000336,5.090093800906637,0.42064544650751545,0.489500442086649,3823,4084,1141,1606,0,5.0386863329918355e-20,5.63387297633873,442.0442092154421,5129,3919,0.3540630825383486,0.3363654908723565,-13.608597547124559,-13.209280813289755,-289.83897913432867,,8,0,-613.4996936886711,-677.6167284305743,-290.1838868189219,-520.8304840513733,-289.83897913432867,-606.3306573149997,-721.0058845810481,-576.9640574096817
US30,M1,meanrev,2,"{'N': 50, 'k_ext': 2.0, 'swing': 5, 'k_atr': 1.0, 'R': 1.5, 'H': 24}",0.6156876339125823,0.3439804549947158,72255,30312,PASS,13850,16462,0.9774319542500732,0.6204413362541746,-13.40169769824809,-0.32736559847242924,0.16282073357457882,1.0,-0.012001138159413862,0.2452973899638701,-0.25729852812328396,-363.77849988815296,-7799.232984472983,25.306250000005093,7.529616769908575,0.40030351016099236,0.42399049881235157,9110,15425,5777,1606,0,9.542638748349241e-37,18.874221668742216,442.0442092154421,16255,14057,0.62321979042345,0.6172498743180934,-13.176399773333799,-13.659549809646128,-498.5057692138132,,8,0,-998.5779616186708,-1190.7769632085005,-498.5057692138132,-887.676471863878,-563.3397319631179,-1174.5232449843352,-1364.0821577957943,-1121.7506838248732
US30,M1,momentum,0,"{'N': 24, 'k_atr': 2.0, 'R': 2.0, 'H': 48}",0.6156876339125823,0.3439804549947158,65022,21056,PASS,10431,10625,1.0144698197986592,0.7129045686188632,-8.638828369709572,-0.11510648804454485,0.31520472892038764,1.0,0.008833677469018348,0.22602723411167008,-0.21719355664265175,186.00191278765035,-4573.227528667675,26.476071428569412,7.76617348158012,0.3533434650455927,0.3646941489361702,5867,12600,2589,1606,0,6.764549924974549e-22,13.110834371108345,442.0442092154421,11246,9810,0.7108290850827115,0.7153100066287522,-8.514304399524203,-8.802178464084383,-234.63331871944206,,8,0,-690.6427807832775,-843.0232208578374,-292.0781672221894,-412.3597311446415,-234.63331871944206,-796.9483217948391,-659.9674347185739,-643.5745534268743
US30,M1,momentum,1,"{'N': 48, 'k_atr': 2.0, 'R': 2.0, 'H': 96}",0.6156876339125823,0.3439804549947158,44081,14120,PASS,6956,7164,1.0217323625224033,0.7436712795432984,-6.420534090155525,-0.24267538579243106,0.26529801401167363,0.9999999999998737,0.013765528452382316,0.21155044709791215,-0.19778491864552983,194.36926174763832,-2792.723051274881,27.498285714284066,8.059507846917711,0.34575070821529746,0.35191218130311613,4370,8834,916,1606,0,1.23178318487299e-13,8.792029887920298,442.0442092154421,7453,6667,0.7307184400522536,0.7583798966561406,-6.657277693884569,-6.148342316601371,-123.98957508512088,,8,0,-324.88357303174644,-529.8369130335553,-239.92705987132555,-341.3966928878905,-123.98957508512088,-474.74367773873524,-342.59199305458486,-415.3535665719226
US30,M1,momentum,2,"{'N': 12, 'k_atr': 1.5, 'R': 1.5, 'H': 24}",0.6156876339125823,0.3439804549947158,94389,40246,PASS,20038,20208,0.9922552676752203,0.6004116940676102,-16.418139421771894,-0.2806862479373323,0.3407505866928302,1.0,-0.004388489849086159,0.292246887766361,-0.2966353776154471,-176.61916246632154,-11938.387407511285,20.054089285713417,5.918407775584018,0.39633752422601004,0.41059981116135763,14261,22339,3646,1606,0,9.320308803450857e-57,25.05977584059776,442.0442092154421,21746,18500,0.5976561119018944,0.6036676400896155,-16.08396323441469,-16.88385173217286,-835.5712117476199,,8,0,-1351.0354000673076,-2146.542254381086,-908.8594145598399,-1268.6157214870507,-835.5712117476199,-1902.0728870714668,-1891.4383806488277,-1634.2521375480874
US30,M1,macross,0,"{'fast': 10, 'slow': 30, 'ema_trend': 200, 'k_atr': 2.0, 'R': 2.0, 'H': 48}",0.6156876339125823,0.3439804549947158,13473,11044,PASS,5994,5050,0.994384059547486,0.7110841409494236,-6.399771587699079,-0.2730878727814401,0.27549160578368515,0.9999999999873518,-0.0034098278725959085,0.2117213523670567,-0.2151311802396526,-37.658139024949215,-2375.9087545667235,27.17678571428769,7.928207081101672,0.35005432814197757,0.3614632379572619,2962,6536,1546,1606,0,1.3078097321513866e-11,6.876712328767123,442.0442092154421,5950,5094,0.6993931393055293,0.7249644343824907,-6.875614080028583,-5.882825599811316,-169.62105649574306,,8,0,-275.91353317597657,-431.8076193474551,-175.9998257782559,-288.50554725382773,-169.62105649574306,-367.754125557791,-340.3530277075911,-325.954019250083
US30,M1,macross,1,"{'fast': 20, 'slow': 50, 'ema_trend': 200, 'k_atr': 2.0, 'R': 2.0, 'H': 96}",0.6156876339125823,0.3439804549947158,8194,7385,PASS,3901,3484,1.0134041508885987,0.7448332110180944,-4.5097123077074,-0.5881328881762552,1.081428852238071,0.9999997575453796,0.008461329988136642,0.20378870944110447,-0.1953273794529678,62.486921962389104,-1442.4926972601672,28.044000000001688,8.247035883065353,0.34461746784021663,0.35260663507109,2239,4587,559,1606,0,2.2237501242634005e-07,4.598381070983811,442.0442092154421,3856,3529,0.7284825121190627,0.762912021563592,-4.864998677071256,-4.189854188359511,-90.85908256004377,,8,0,-178.7545068002628,-277.0640678457984,-113.42494397105341,-145.88117577886825,-90.85908256004377,-216.73758344497998,-244.96957805331212,-174.8017588058486
US30,M1,macross,2,"{'fast': 10, 'slow': 30, 'ema_trend': 100, 'k_atr': 1.5, 'R': 3.0, 'H': 48}",0.6156876339125823,0.3439804549947158,16038,13733,PASS,7242,6491,1.01106321298244,0.6950430439046944,-7.032754259726976,-0.3601658673178019,0.5704815039398032,1.0,0.007691894758985913,0.2820024326041321,-0.2743105378451462,105.63279072515354,-3767.1066162273924,20.272714285718394,5.904268578709966,0.28027379305322947,0.2882836962062186,2765,9433,1535,1606,0,2.5187566115397217e-18,8.551058530510586,442.0442092154421,7347,6386,0.6981416345551297,0.6914562586026097,-6.960997283685817,-7.122827852144136,-168.3761110975896,,8,0,-492.1617297761124,-688.0638227409796,-250.22355802514122,-401.7373079170523,-168.3761110975896,-635.85886924051,-524.8749253072177,-605.8102921227896
