instrument,timeframe,family,variant,params,n_trades,guard,gross_pf,net_pf,sharpe,skew,ekurt,max_dd,gross_R_mean,cost_R_mean,net_R_mean,risk_med,win_rate,n_targets,n_stops,n_time,n_obs,is_trades,oos_trades,is_pf,oos_pf,is_sharpe,oos_sharpe,ftmo_pass_rate,ftmo_n_challenges
NAS100,M5,trend,0,"{'ema_trend': 200, 'ema_fast': 50, 'ema_pull': 20, 'swing': 5, 'k_atr': 0.5, 'R': 2.0, 'H': 24}",16324,PASS,0.9976245049096973,0.6173333596174213,-9.13105034641342,-0.36351684396003153,0.47131746689093257,1.0,-0.0012508269634164844,0.26549385384563173,-0.26674468080904823,20.635785714285703,0.37282528791962755,3124,8057,5143,2018,9517,6807,0.5830189762360253,0.6687596017470097,-10.905387276217485,-8.740137830863777,0.02127659574468085,94
NAS100,M5,trend,1,"{'ema_trend': 200, 'ema_fast': 50, 'ema_pull': 20, 'swing': 10, 'k_atr': 0.5, 'R': 1.5, 'H': 48}",13624,PASS,0.993160735236529,0.6470040683131194,-8.214759057006596,-0.4238894110550858,0.6206537933689518,0.9999999999999983,-0.0036809280148753813,0.2363442222938907,-0.24002515030876606,23.494187500001317,0.4083235466823253,4367,7071,2186,2018,7889,5735,0.6185211958669642,0.6882571312553409,-9.68582826787631,-7.949432111487466,0.0425531914893617,94
NAS100,M5,trend,2,"{'ema_trend': 100, 'ema_fast': 30, 'ema_pull': 10, 'swing': 5, 'k_atr': 1.0, 'R': 3.0, 'H': 48}",13367,PASS,1.0303932246611434,0.7377185525716256,-5.268896361336631,-0.01737034474329386,0.30221644771262257,0.9999999999979345,0.017589602029788133,0.20588195274780263,-0.1882923507180145,25.646357142857596,0.34966709059624446,1614,7390,4363,2018,7879,5488,0.7148776456416033,0.7719372992727428,-6.2449476736151,-4.722698134693604,0.10638297872340426,94
NAS100,M5,breakout,0,"{'N': 20, 'k_atr': 1.0, 'R': 2.0, 'H': 24}",22597,PASS,1.0252418979893863,0.5973305915310942,-11.352861803000845,-0.4229240851457049,0.43342380113153656,1.0,0.015012891021761536,0.34423995354371345,-0.32922706252195194,15.346571428570314,0.3560207107138116,6064,13067,3466,2018,13140,9457,0.5924776323702389,0.6041461417603423,-12.721969771979264,-12.157286381504116,0.0,94
NAS100,M5,breakout,1,"{'N': 50, 'k_atr': 1.0, 'R': 2.0, 'H': 48}",13521,PASS,1.0154828277027996,0.6392617725573985,-8.216933974546137,-0.21909189223485498,0.48670321481767287,1.0,0.009738604719033152,0.3099997617763624,-0.3002611570573292,17.077500000001237,0.3493824421270616,4043,8407,1071,2018,7818,5703,0.6479855348623872,0.6274796544326781,-8.80390203202202,-9.272870171486089,0.010638297872340425,94
NAS100,M5,breakout,2,"{'N': 20, 'k_atr': 1.5, 'R': 1.5, 'H': 24}",21274,PASS,1.0179597544892136,0.6342498847489516,-9.95634010729071,-0.4101450386032954,0.29975989729931873,1.0,0.009218622676384496,0.2510090059702541,-0.24179038329386965,20.778250000001208,0.4089498918868102,6493,10318,4463,2018,12387,8887,0.6250677053748328,0.64718120765813,-11.271122926780738,-10.538829852118283,0.031914893617021274,94
NAS100,M5,meanrev,0,"{'N': 20, 'k_ext': 2.0, 'swing': 3, 'k_atr': 0.5, 'R': 1.5, 'H': 24}",9594,PASS,0.9235053303167464,0.4926227492187095,-9.322216849644258,-1.3522131846755583,4.577711507605539,1.0,-0.04432622436192785,0.36670398306299545,-0.4110302074249233,14.019169642856468,0.37825724411090267,3199,5466,929,2018,5840,3754,0.46401755822111646,0.539982005798856,-10.737555776403,-9.479579275914622,0.0,94
NAS100,M5,meanrev,1,"{'N': 20, 'k_ext': 2.5, 'swing': 3, 'k_atr': 0.5, 'R': 1.0, 'H': 12}",4543,PASS,0.9315208683786025,0.41207501984385425,-7.4163625920002465,-1.6938154121949283,5.132567610490675,0.9999999900294765,-0.03219556292271435,0.36628713252215633,-0.3984826954448707,14.208892857142928,0.43649570768214835,1869,2046,628,2018,2800,1743,0.395076508149201,0.44044463035548154,-8.773556367949372,-8.689389318557419,0.0,94
NAS100,M5,meanrev,2,"{'N': 50, 'k_ext': 2.0, 'swing': 5, 'k_atr': 1.0, 'R': 1.5, 'H': 24}",18487,PASS,0.9536767548168045,0.5840593865245925,-9.733670632248437,-0.7817436351992022,1.2068095811197357,1.0,-0.024252194050401302,0.25876261015043783,-0.2830148042008392,19.730928571427285,0.3964948342078217,5261,9208,4018,2018,10893,7594,0.5604232822696964,0.6193699541238972,-10.915408494094327,-9.823137936224558,0.0,94
NAS100,M5,momentum,0,"{'N': 24, 'k_atr': 2.0, 'R': 2.0, 'H': 48}",13265,PASS,1.0372617901971013,0.7005340219298585,-6.245097687037666,-0.4179683303815154,0.593509478509783,0.9999999999999766,0.02209452310654221,0.24720448204150625,-0.22510995893496397,20.730714285715294,0.36404070863173765,3573,7666,2026,2018,7738,5527,0.7047255590607949,0.6946078536973299,-6.6462341529552615,-6.942171360330723,0.07446808510638298,94
NAS100,M5,momentum,1,"{'N': 48, 'k_atr': 2.0, 'R': 2.0, 'H': 96}",9244,PASS,1.046789051971103,0.7289416748591733,-4.91246488586185,-0.49707248185839226,0.6941675576959834,0.999999998918851,0.02915251696102744,0.24004008975510271,-0.2108875727940753,21.30289285714207,0.3580700995240156,2823,5695,726,2018,5492,3752,0.7027693563551433,0.7692349852129412,-5.91865508622284,-4.366643103181032,0.06382978723404255,94
NAS100,M5,momentum,2,"{'N': 12, 'k_atr': 1.5, 'R': 1.5, 'H': 24}",25003,PASS,1.0105575827306164,0.5719086376885385,-11.6257091682729,-0.7292079710420573,0.6543918821343553,1.0,0.0057783761088489646,0.3230232377472514,-0.31724486163840243,15.830571428570693,0.4027116745990481,8515,13301,3187,2018,14599,10404,0.554399512082624,0.597434617084203,-12.606365469198662,-12.422651752373056,0.02127659574468085,94
NAS100,M5,macross,0,"{'fast': 10, 'slow': 30, 'ema_trend': 200, 'k_atr': 2.0, 'R': 2.0, 'H': 48}",7027,PASS,1.0560847747413307,0.7251016936562101,-4.287395529446174,-0.46961223921972045,0.7106602223634657,0.9999997662814589,0.03314338831850875,0.237219849358789,-0.20407646104028027,21.690999999999804,0.3657321758929842,1914,4045,1068,2018,4080,2947,0.7149738609782358,0.7394739839239615,-4.853516694269207,-4.428081388192006,0.0851063829787234,94
NAS100,M5,macross,1,"{'fast': 20, 'slow': 50, 'ema_trend': 200, 'k_atr': 2.0, 'R': 2.0, 'H': 96}",4702,PASS,1.050997981965051,0.7652963517203308,-2.9207241511359094,-0.6361871532199379,1.1648379654219476,0.9998918820408902,0.03139424831218514,0.20770424173645208,-0.17630999342426695,24.18342857142943,0.3626116546150574,1404,2861,437,2018,2757,1945,0.7295223889192742,0.8187328928006393,-3.9240628089730163,-2.331135080634996,0.11702127659574468,94
NAS100,M5,macross,2,"{'fast': 10, 'slow': 30, 'ema_trend': 100, 'k_atr': 1.5, 'R': 3.0, 'H': 48}",8741,PASS,1.1092797148106188,0.7359654341728142,-4.3664106409181835,-0.4362602446361113,0.7590467344691021,0.9999999997293737,0.07326838725041405,0.30778867807559024,-0.23452029082517617,16.570607142855806,0.3016817297792015,1826,5781,1134,2018,5087,3654,0.7410408129214586,0.7287802030074182,-4.673928279853426,-4.821000742639387,0.09574468085106383,94
NAS100,M15,trend,0,"{'ema_trend': 200, 'ema_fast': 50, 'ema_pull': 20, 'swing': 5, 'k_atr': 0.5, 'R': 2.0, 'H': 24}",5397,PASS,1.0301931981882582,0.7991015934380165,-2.6370680492329495,0.18515912250309122,0.47316072046213353,0.9992636096857909,0.0158309219030734,0.1385843023883587,-0.1227533804852853,39.17785714285674,0.39633129516397997,1087,2644,1666,2018,3139,2258,0.7804438828754646,0.825751572972545,-3.177832824847314,-2.3744827738880954,0.10638297872340426,94
NAS100,M15,trend,1,"{'ema_trend': 200, 'ema_fast': 50, 'ema_pull': 20, 'swing': 10, 'k_atr': 0.5, 'R': 1.5, 'H': 48}",4711,PASS,0.9990622389894709,0.7935436886350703,-2.6762263451133714,0.05554851688746901,0.3343078458355899,0.9981857566346605,-0.0004917985839872834,0.12278885620397896,-0.12328065478796624,44.998875000001135,0.421142008066228,1458,2353,900,2018,2720,1991,0.7663011931522588,0.8324231142937332,-3.2898507440440055,-2.2191392293721677,0.06382978723404255,94
NAS100,M15,trend,2,"{'ema_trend': 100, 'ema_fast': 30, 'ema_pull': 10, 'swing': 5, 'k_atr': 1.0, 'R': 3.0, 'H': 48}",4873,PASS,1.054206174173552,0.8828574373880338,-1.3999334364501579,0.3904030022550986,0.2771090710601256,0.992775499489067,0.03151660881594922,0.10842000684388155,-0.07690339802793233,49.18514285714264,0.35624871742253233,676,2688,1509,2018,2842,2031,0.8377358376118159,0.9493599459621104,-1.9260392680419036,-0.5830263373137701,0.13829787234042554,94
NAS100,M15,breakout,0,"{'N': 20, 'k_atr': 1.0, 'R': 2.0, 'H': 24}",7762,PASS,1.0335846408596578,0.7681152626238091,-3.866944089340949,0.007054408139105652,0.4318730470261416,0.9999985868270455,0.019763176669571513,0.1833263997299481,-0.16356322306037657,28.67175000000134,0.36962123164132954,2051,4443,1268,2018,4481,3281,0.7900964910178251,0.7389041642888975,-3.6976086638968595,-4.853436417722246,0.0851063829787234,94
NAS100,M15,breakout,1,"{'N': 50, 'k_atr': 1.0, 'R': 2.0, 'H': 48}",4734,PASS,1.0412838577457604,0.8272728151536299,-2.2126025532804907,0.2891190948860445,0.7201595196158173,0.9983159040069121,0.024836994458737747,0.14491089568625848,-0.12007390122752072,34.344214285714315,0.3692437684833122,1326,2799,609,2017,2723,2011,0.8537276108779559,0.7922162926557111,-2.0020296329318614,-2.8567379247345737,0.1276595744680851,94
NAS100,M15,breakout,2,"{'N': 20, 'k_atr': 1.5, 'R': 1.5, 'H': 24}",7364,PASS,1.030986270195391,0.7990733068728566,-3.2170776647183734,-0.09285205885668775,0.40826685349314307,0.9998959324983636,0.015786747294674507,0.1335358253365538,-0.1177490780418793,38.79544642857218,0.42653449212384575,2241,3557,1566,2018,4270,3094,0.807158026680156,0.7881133833368323,-3.313788223969957,-3.710673653445196,0.0851063829787234,94
NAS100,M15,meanrev,0,"{'N': 20, 'k_ext': 2.0, 'swing': 3, 'k_atr': 0.5, 'R': 1.5, 'H': 24}",3649,PASS,0.9399941434208765,0.6552019858857274,-3.8883564428970057,-1.0690528738638825,2.6647530676610773,0.9998883538637823,-0.034368480089732756,0.20525809436249354,-0.23962657445222632,25.11021428571439,0.39216223622910384,1225,2046,378,2018,2164,1485,0.6290298843281424,0.6946019658252282,-5.0690618038626765,-4.083076715465846,0.05319148936170213,94
NAS100,M15,meanrev,1,"{'N': 20, 'k_ext': 2.5, 'swing': 3, 'k_atr': 0.5, 'R': 1.0, 'H': 12}",1937,PASS,0.8651433738473308,0.5321643859400661,-3.940497630564138,-2.0269891325096165,7.162367706160575,0.9956861467263501,-0.0645016701841238,0.2124795612678103,-0.2769812314519341,24.380071428571682,0.4403717088280847,746,876,315,2018,1214,723,0.5133707736220138,0.5643739566272167,-6.148488056310799,-5.072532358184136,0.0,94
NAS100,M15,meanrev,2,"{'N': 50, 'k_ext': 2.0, 'swing': 5, 'k_atr': 1.0, 'R': 1.5, 'H': 24}",6554,PASS,0.9495192624819491,0.7180515927814157,-3.983220091643736,-0.7449981506248038,1.0898343031754707,0.9999915713671084,-0.02629129456375147,0.1451142708351245,-0.17140556539887597,35.37121428571663,0.40311260299054014,1877,3232,1445,2018,3850,2704,0.7211979116060874,0.7136276361024069,-4.3097136758494825,-4.424288405493278,0.031914893617021274,94
NAS100,M15,momentum,0,"{'N': 24, 'k_atr': 2.0, 'R': 2.0, 'H': 48}",4752,PASS,0.9867259678474286,0.801168854641794,-2.466432083550618,-0.37186189519328194,0.7278042940931528,0.9990385557263979,-0.007764351010406993,0.12472073199191079,-0.13248508300231776,40.22507142857194,0.3728956228956229,1161,2693,898,2018,2751,2001,0.7841676241144766,0.8253427361137524,-2.8095148257593863,-2.32127235090699,0.10638297872340426,94
NAS100,M15,momentum,1,"{'N': 48, 'k_atr': 2.0, 'R': 2.0, 'H': 96}",3267,PASS,0.9332962216664076,0.7747893874667887,-2.437778871839478,-0.4190785848283991,0.6534529078433091,0.9974637705819416,-0.043239956627863466,0.12103936506955629,-0.16427932169741974,40.39278571428804,0.33486378940924394,916,2090,261,2017,1876,1391,0.7809910754280035,0.7665150803526112,-2.5561274027456107,-2.796054551522167,0.07446808510638298,94
NAS100,M15,momentum,2,"{'N': 12, 'k_atr': 1.5, 'R': 1.5, 'H': 24}",8745,PASS,1.03109172505072,0.7576301836608434,-4.209950442677518,-0.43973474156023873,0.6399172761978376,0.9999993070232551,0.016562871552303928,0.16971091349032852,-0.15314804193802461,29.579678571428303,0.41726700971983993,2915,4479,1351,2018,5064,3681,0.7502780183595501,0.7679568877066021,-4.638174818667933,-4.420114518537366,0.09574468085106383,94
NAS100,M15,macross,0,"{'fast': 10, 'slow': 30, 'ema_trend': 200, 'k_atr': 2.0, 'R': 2.0, 'H': 48}",2337,PASS,0.9683474397744266,0.7983597106254888,-1.7566248814922203,-0.28834940644972495,0.938853939509618,0.9726806325480549,-0.018333763576358457,0.11333749025268353,-0.13167125382904196,42.249428571429235,0.37441163885323064,538,1305,494,2018,1369,968,0.7691571453838543,0.8405763227737452,-2.4490881064711574,-1.5199775754006095,0.09574468085106383,94
NAS100,M15,macross,1,"{'fast': 20, 'slow': 50, 'ema_trend': 200, 'k_atr': 2.0, 'R': 2.0, 'H': 96}",1415,PASS,1.064445560044352,0.9124302087991358,-0.6295878224541007,-0.20186073685553188,1.6816526109242242,0.6914837800470474,0.03887673056609712,0.09693065203415621,-0.0580539214680591,50.774928571427154,0.3759717314487632,409,843,163,2018,825,590,0.8814161049880701,0.9567045291509948,-1.0976382052398468,-0.38847110332459567,0.07446808510638298,94
NAS100,M15,macross,2,"{'fast': 10, 'slow': 30, 'ema_trend': 100, 'k_atr': 1.5, 'R': 3.0, 'H': 48}",2852,PASS,1.0301891000837844,0.8328542166271171,-1.5753990485438536,-0.20510871213188206,1.1499036814261223,0.9898485234262021,0.01965547826061604,0.14601171077303468,-0.12635623251241865,32.53189285714325,0.3169705469845722,503,1820,529,2018,1668,1184,0.8184765860083284,0.8533500145771669,-1.9457302538019328,-1.4818987535385264,0.19148936170212766,94
NAS100,M30,trend,0,"{'ema_trend': 200, 'ema_fast': 50, 'ema_pull': 20, 'swing': 5, 'k_atr': 0.5, 'R': 2.0, 'H': 24}",2881,PASS,1.0461587340104341,0.8833846642579085,-1.1397860956868902,0.28025839718286005,0.30376376695310414,0.9133570490815576,0.02387041289591416,0.09083515804726025,-0.06696474515134611,59.47916071428517,0.398125650815689,601,1382,898,2018,1647,1234,0.8254304631402394,0.9647564515929739,-1.8129927698434127,-0.35400624170268985,0.11702127659574468,94
NAS100,M30,trend,1,"{'ema_trend': 200, 'ema_fast': 50, 'ema_pull': 20, 'swing': 10, 'k_atr': 0.5, 'R': 1.5, 'H': 48}",2303,PASS,1.0269958305786102,0.8891529053036749,-0.9963429062785563,0.04282067391755858,0.33765286997188815,0.8333337127607209,0.013750653330492541,0.07495303173046863,-0.06120237839997609,70.95871428571445,0.43117672600955276,698,1120,485,2018,1345,958,0.8268018082652826,0.9837851977801478,-1.6912915688921055,-0.14995467188145753,0.0851063829787234,94
NAS100,M30,trend,2,"{'ema_trend': 100, 'ema_fast': 30, 'ema_pull': 10, 'swing': 5, 'k_atr': 1.0, 'R': 3.0, 'H': 48}",2370,PASS,1.1072104524336366,0.9893512553491556,-0.24867740162115093,0.647127700168188,0.2484908000142334,0.6989677678581177,0.0588393399410997,0.06514609427571964,-0.006306754334619958,76.42880357142894,0.37763713080168776,295,1225,850,2018,1400,970,0.9282429269654302,1.081535393579754,-0.6071269156732715,0.6147137269907227,0.2127659574468085,94
NAS100,M30,breakout,0,"{'N': 20, 'k_atr': 1.0, 'R': 2.0, 'H': 24}",4238,PASS,1.026047670682034,0.8501538057861165,-1.7005704109539408,0.24950892815648731,0.44521248275881176,0.991137812663862,0.014938141154046437,0.11150380745592035,-0.09656566630187392,43.81564285714194,0.37848041529023124,1037,2358,843,2018,2444,1794,0.8391840244412734,0.8649571900591415,-1.925628793431553,-1.6669586105479712,0.1702127659574468,94
NAS100,M30,breakout,1,"{'N': 50, 'k_atr': 1.0, 'R': 2.0, 'H': 48}",2141,PASS,1.0798973065648576,0.939258822312143,-0.49243577357140955,0.7868860105996853,1.7164734234936079,0.6769567295052812,0.047053458421848965,0.08611653540810986,-0.03906307698626089,52.39392857142775,0.37365716954694067,619,1238,284,2015,1271,870,0.9334522563759018,0.9475851931306395,-0.6389458923730885,-0.49596774694705814,0.2127659574468085,94
NAS100,M30,breakout,2,"{'N': 20, 'k_atr': 1.5, 'R': 1.5, 'H': 24}",4049,PASS,1.0030750399355062,0.85399667904933,-1.640571115287291,0.05587327136926225,0.17520279782661463,0.9745927461737539,0.0015349956134500056,0.08131153734427776,-0.07977654173082775,59.19132142857052,0.4280069152877254,1140,1893,1016,2018,2339,1710,0.852985558489109,0.8553420602136315,-1.7235965815042917,-1.7737607106840627,0.09574468085106383,94
NAS100,M30,meanrev,0,"{'N': 20, 'k_ext': 2.0, 'swing': 3, 'k_atr': 0.5, 'R': 1.5, 'H': 24}",2084,PASS,0.9681250491886556,0.7637446226625489,-1.9642460859342679,-1.054877663186056,3.076865675262266,0.9631393248224861,-0.017819073275283065,0.13255239840031918,-0.15037147167560225,35.319821428572595,0.3997120921305182,699,1133,252,2018,1247,837,0.7740101200827428,0.7485690063121561,-2.5088325325353362,-2.7413859258376,0.05319148936170213,94
NAS100,M30,meanrev,1,"{'N': 20, 'k_ext': 2.5, 'swing': 3, 'k_atr': 0.5, 'R': 1.0, 'H': 12}",1211,PASS,0.8926337755973959,0.6459206516149142,-2.364922658152003,-1.9855555535184877,8.560329715273529,0.9113618908052987,-0.05159841987428565,0.14461432440138558,-0.19621274427567123,33.67910714285608,0.4640792733278282,491,556,164,2010,727,484,0.6345059346882069,0.6629516071140849,-4.080904114883883,-3.8151806755071984,0.0,94
NAS100,M30,meanrev,2,"{'N': 50, 'k_ext': 2.0, 'swing': 5, 'k_atr': 1.0, 'R': 1.5, 'H': 24}",3544,PASS,0.9245423483121483,0.7708471712513478,-2.425733100265145,-0.8327664941999188,1.4318425981564151,0.9924870051769793,-0.038947992256940935,0.09208019196169728,-0.1310281842186382,52.63166071428577,0.4068848758465011,962,1719,863,2018,2050,1494,0.7917385217441527,0.7431085663695857,-2.4231790161555296,-3.1897650276387233,0.02127659574468085,94
NAS100,M30,momentum,0,"{'N': 24, 'k_atr': 2.0, 'R': 2.0, 'H': 48}",2499,PASS,0.9865648885653623,0.8639503503919402,-1.2469781995989748,-0.16697750120238805,0.6301649104119753,0.9384854135831311,-0.008161549344232398,0.0818018114183335,-0.08996336076256588,57.29671428571237,0.3597438975590236,656,1481,362,2017,1433,1066,0.8209107866784863,0.9230001774958376,-1.7277486945723572,-0.7492340000123031,0.06382978723404255,94
NAS100,M30,momentum,1,"{'N': 48, 'k_atr': 2.0, 'R': 2.0, 'H': 96}",1460,PASS,1.0021458249678743,0.9104366288607043,-0.604902132445911,-0.13552183819098654,1.3123490361956511,0.6772193622783587,0.0012977517729066078,0.05886180448002498,-0.05756405270711838,72.59249999999975,0.36027397260273974,391,861,208,2014,839,621,0.9740007432894952,0.8308799226868703,-0.23151944047238704,-1.5582803910830183,0.1276595744680851,94
NAS100,M30,momentum,2,"{'N': 12, 'k_atr': 1.5, 'R': 1.5, 'H': 24}",4416,PASS,0.9846365195724639,0.8121890267902779,-2.2728281411951907,-0.45844548082020675,1.05238674173428,0.9947814317545283,-0.008139772914380639,0.10262037354225671,-0.11076014645663736,45.725223214285506,0.41417572463768115,1376,2241,799,2018,2551,1865,0.8122072689285537,0.8121637687719392,-2.3894366184107065,-2.5052136061712584,0.1276595744680851,94
NAS100,M30,macross,0,"{'fast': 10, 'slow': 30, 'ema_trend': 200, 'k_atr': 2.0, 'R': 2.0, 'H': 48}",1099,PASS,0.9816806326263618,0.872520236789528,-0.7832322980331963,0.043490015700192,1.5957671309212018,0.7225096747098483,-0.010886058785525184,0.07074307916842983,-0.081629137953955,63.238928571427095,0.3721565059144677,271,637,191,2018,644,455,0.8871009355883752,0.8526332955119332,-0.9432120822850089,-1.3239377997380393,0.02127659574468085,94
NAS100,M30,macross,1,"{'fast': 20, 'slow': 50, 'ema_trend': 200, 'k_atr': 2.0, 'R': 2.0, 'H': 96}",734,PASS,1.0108565572482093,0.9194358057077303,-0.4066272326171994,0.3525987502333149,2.837129903732991,0.4517593812450421,0.006419534820674803,0.057110536716239065,-0.05069100189556427,73.93485714285816,0.3787465940054496,191,428,115,1994,419,315,1.0008964044076003,0.8194251021071715,0.007231974555445417,-1.593356966728882,0.02127659574468085,94
NAS100,M30,macross,2,"{'fast': 10, 'slow': 30, 'ema_trend': 100, 'k_atr': 1.5, 'R': 3.0, 'H': 48}",1357,PASS,0.9874822765281622,0.8656920548545441,-0.8841452959689826,0.18801226205870017,1.8790051724354462,0.8630082139618431,-0.008479704983069993,0.09145683899712295,-0.09993654398019293,49.202678571428805,0.2969786293294031,242,904,211,2018,797,560,0.8523695921153199,0.8849268917656691,-1.2793211586466315,-0.9912930513177526,0.10638297872340426,94
NAS100,H1,trend,0,"{'ema_trend': 200, 'ema_fast': 50, 'ema_pull': 20, 'swing': 5, 'k_atr': 0.5, 'R': 2.0, 'H': 24}",1429,PASS,1.0115179855546073,0.9196038419474537,-0.6625139334835519,0.5828182899638571,1.074316205028853,0.6327467952587361,0.005699418326082441,0.04786921565715181,-0.04216979733106938,92.87185714285442,0.42477256822953113,232,657,540,2014,824,605,0.9113636812905266,0.9306642765782046,-0.7061469261024607,-0.5698976639264208,0.0425531914893617,94
NAS100,H1,trend,1,"{'ema_trend': 200, 'ema_fast': 50, 'ema_pull': 20, 'swing': 10, 'k_atr': 0.5, 'R': 1.5, 'H': 48}",1225,PASS,0.994026722312792,0.911608263819122,-0.623623613130799,0.34590409152001206,0.5857316058005524,0.5468965554216428,-0.002984094341081716,0.043382501248020025,-0.04636659558910175,105.95567857142669,0.4440816326530612,330,579,316,2014,706,519,0.9355574392506024,0.8810793542118789,-0.5229593000351421,-1.009870565082,0.010638297872340425,94
NAS100,H1,trend,2,"{'ema_trend': 100, 'ema_fast': 30, 'ema_pull': 10, 'swing': 5, 'k_atr': 1.0, 'R': 3.0, 'H': 48}",1336,PASS,1.021837482604993,0.944603700648713,-0.502059593278675,1.316619673571896,2.5368875792749543,0.6203510972148943,0.012138634287541875,0.04456739126901428,-0.03242875698147241,106.97698214285629,0.36751497005988026,136,697,503,2017,784,552,0.8935218194535028,1.0154675675935132,-0.8311415984666306,0.11158409765238338,0.10638297872340426,94
NAS100,H1,breakout,0,"{'N': 20, 'k_atr': 1.0, 'R': 2.0, 'H': 24}",1978,PASS,1.0826534817741436,0.975422239565898,-0.2148025014716056,0.5169096919407719,0.7989187039309509,0.4958635050630494,0.04629564798315505,0.060979155384204134,-0.014683507401049078,66.65167857142751,0.38827098078867545,510,1074,394,2017,1143,835,0.9889706318121418,0.9574758454564224,-0.09511865277235097,-0.3971003579953947,0.13829787234042554,94
NAS100,H1,breakout,1,"{'N': 50, 'k_atr': 1.0, 'R': 2.0, 'H': 48}",1248,PASS,1.1038396973155826,0.9976079737346575,-0.04846671358435066,0.9242173128899999,2.1739697681121006,0.39361069958591954,0.06027120268060038,0.06175110344915984,-0.0014799007685594994,65.18960714285822,0.38301282051282054,357,705,186,2014,738,510,0.9442298828194174,1.0785812858218347,-0.4793394562468445,0.6458032356957885,0.09574468085106383,94
NAS100,H1,breakout,2,"{'N': 20, 'k_atr': 1.5, 'R': 1.5, 'H': 24}",1871,PASS,1.0292764875571259,0.941262256947846,-0.4647536381523922,0.30027651356658475,0.6647659109259783,0.5448333202752593,0.01436110318419906,0.04464920214261373,-0.030288098958414663,89.47489285714073,0.4350614644575094,531,870,470,2017,1078,793,0.9907850897505448,0.8796448925501748,-0.07748144832702689,-1.1757319689531327,0.10638297872340426,94
NAS100,H1,meanrev,0,"{'N': 20, 'k_ext': 2.0, 'swing': 3, 'k_atr': 0.5, 'R': 1.5, 'H': 24}",1247,PASS,0.8912288314105231,0.7673413150092336,-1.551824873229925,-0.8973290913847092,3.447362512877585,0.8595284750733495,-0.06325808210720635,0.08420408554526017,-0.14746216765246653,51.60971428571793,0.3913392141138733,402,710,135,2017,759,488,0.7705859062403879,0.7621537639399962,-2.3483671471627434,-2.4088010331844827,0.0,94
NAS100,H1,meanrev,1,"{'N': 20, 'k_ext': 2.5, 'swing': 3, 'k_atr': 0.5, 'R': 1.0, 'H': 12}",692,PASS,0.8711416996174244,0.7130037214981935,-1.3567615082679907,-1.8843892153388737,9.442343903755969,0.6558165593963367,-0.060735737018674185,0.0885889747113987,-0.14932471173007286,49.73648214285822,0.4653179190751445,262,307,123,2009,430,262,0.6869586870472514,0.759523754062077,-3.030312408387627,-2.265818097008596,0.0,94
NAS100,H1,meanrev,2,"{'N': 50, 'k_ext': 2.0, 'swing': 5, 'k_atr': 1.0, 'R': 1.5, 'H': 24}",1894,PASS,0.897506473633148,0.8039287799301112,-1.518416072904316,-0.48382351578936866,0.8832475596059202,0.8869947726550298,-0.053900230205433663,0.055866422101024604,-0.10976665230645828,76.41828571428596,0.4007391763463569,522,928,444,2017,1137,757,0.8062073391589403,0.8005186309816571,-1.866788736341887,-1.9935106366052517,0.031914893617021274,94
NAS100,H1,momentum,0,"{'N': 24, 'k_atr': 2.0, 'R': 2.0, 'H': 48}",1222,PASS,1.0043407756500664,0.9351324616501909,-0.43478482232352883,0.17820996021521582,1.2053092011444866,0.6449131611037714,0.002504572129523908,0.04160574010765032,-0.0391011679781264,90.74582142857162,0.37561374795417346,297,682,243,2014,692,530,1.0165753891091758,0.8403873577844346,0.13096816128573843,-1.3996662200506824,0.07446808510638298,94
NAS100,H1,momentum,1,"{'N': 48, 'k_atr': 2.0, 'R': 2.0, 'H': 96}",782,PASS,1.1307340649044169,1.0634266451810672,0.21154951368571673,0.46878568640878215,1.8281055577170187,0.2366191627182016,0.07989200031729235,0.03955208090060311,0.04033991941668925,92.48107142857134,0.38107416879795397,253,473,56,2007,449,333,1.0907493596037536,1.0273789182943445,0.6879336546872454,0.21279143794784386,0.031914893617021274,94
NAS100,H1,momentum,2,"{'N': 12, 'k_atr': 1.5, 'R': 1.5, 'H': 24}",2391,PASS,0.9821592589423963,0.8746629520065845,-1.1429154222796585,-0.35756728976780583,0.5977958034167026,0.9077883801472298,-0.010040966173442047,0.06527157559519765,-0.0753125417686397,63.312053571429715,0.4098703471350899,816,1321,254,2016,1386,1005,0.8604233746810963,0.894183756804361,-1.4186223756621994,-1.100505208767103,0.0851063829787234,94
NAS100,H1,macross,0,"{'fast': 10, 'slow': 30, 'ema_trend': 200, 'k_atr': 2.0, 'R': 2.0, 'H': 48}",582,PASS,1.1924159706448683,1.1100332431284445,0.3433422949537575,0.870160168705257,3.254194236789701,0.19623616777016964,0.10200835822588128,0.041013308440533434,0.060995049785347824,93.21403571428527,0.4261168384879725,153,299,130,1994,332,250,1.2078587577050652,0.9958689348596781,1.4142145624328,-0.03151705257375299,0.02127659574468085,94
NAS100,H1,macross,1,"{'fast': 20, 'slow': 50, 'ema_trend': 200, 'k_atr': 2.0, 'R': 2.0, 'H': 96}",406,PASS,1.2390918168335732,1.1652094606414154,0.44170260761583086,0.9650406830941638,4.684418473167076,0.14544449129963163,0.14039159388048672,0.039346277682623755,0.10104531619786299,100.91257142857103,0.39901477832512317,139,236,31,1996,232,174,1.256156958291055,1.0564115046057605,1.713900932883483,0.4245453352037997,0.0,94
NAS100,H1,macross,2,"{'fast': 10, 'slow': 30, 'ema_trend': 100, 'k_atr': 1.5, 'R': 3.0, 'H': 48}",702,PASS,1.2271685664230036,1.1315382288670293,0.4498692493209309,1.2671995958280828,3.650548079296366,0.20630186465020695,0.14030449622164895,0.05425517760391663,0.08604931861773234,68.24311607142863,0.35185185185185186,141,425,136,1994,399,303,1.1581445144626712,1.098475170943932,1.083129318933825,0.7002120745716166,0.07446808510638298,94
NAS100,H4,trend,0,"{'ema_trend': 200, 'ema_fast': 50, 'ema_pull': 20, 'swing': 5, 'k_atr': 0.5, 'R': 2.0, 'H': 24}",398,PASS,1.1361897534995393,1.0883896947614615,-0.26378772242409637,1.379445344095048,8.68269662779539,0.1984895213700383,0.060402194446016036,0.020174662864275602,0.04022753158174042,194.31654464285748,0.46733668341708545,47,161,190,1998,237,161,1.0868832317167307,1.0905394668500425,0.5747723641706909,0.6042943161019431,0.0,94
NAS100,H4,trend,1,"{'ema_trend': 200, 'ema_fast': 50, 'ema_pull': 20, 'swing': 10, 'k_atr': 0.5, 'R': 1.5, 'H': 48}",311,PASS,1.1672143045321757,1.13018658609764,0.26356702016618483,1.0291367495161416,6.121965238584306,0.09719354868843282,0.08116851282326842,0.016815017243470818,0.0643534955797976,243.31275000000278,0.48231511254019294,89,144,78,1998,183,128,1.1629818907071041,1.0859070925008096,1.1293707949968692,0.6330758003784395,0.0,94
NAS100,H4,trend,2,"{'ema_trend': 100, 'ema_fast': 30, 'ema_pull': 10, 'swing': 5, 'k_atr': 1.0, 'R': 3.0, 'H': 48}",355,PASS,1.1631964934394499,1.1281544930627179,-0.0900580672155613,2.694954884564078,15.030076144100093,0.22226843383534994,0.08593086405809815,0.017158172766916776,0.06877269129118138,233.54821428571267,0.428169014084507,31,178,146,2008,214,141,1.1258577239967085,1.1316385796075719,0.8057380847985947,0.8236274350852146,0.0,94
NAS100,H4,breakout,0,"{'N': 20, 'k_atr': 1.0, 'R': 2.0, 'H': 24}",580,PASS,1.0468167758733984,0.9951486413251723,-0.4847743197103731,1.5888621163290548,6.093569937697243,0.40250433415808007,0.026198747507692192,0.029001571206813993,-0.002802823699121798,129.06607142857047,0.4017241379310345,134,311,135,2012,344,236,0.9131904769227903,1.1245796167534508,-0.6769617474151549,0.8602659833451202,0.02127659574468085,94
NAS100,H4,breakout,1,"{'N': 50, 'k_atr': 1.0, 'R': 2.0, 'H': 48}",347,PASS,1.155703993612964,1.1036066977423737,0.10170749286355107,2.0012971009168488,9.710397001313883,0.1520506005469178,0.09451647152838932,0.0296806058947061,0.06483586563368321,128.3092857142874,0.38328530259365995,112,210,25,2006,203,144,1.137041551471374,1.0571512993859067,0.9989901673864626,0.4247842373087368,0.010638297872340425,94
NAS100,H4,breakout,2,"{'N': 20, 'k_atr': 1.5, 'R': 1.5, 'H': 24}",547,PASS,1.1197061160524462,1.0711040778243885,-0.20366650649449697,0.9164718135866297,4.474125223418984,0.24587714212581907,0.053942759170839606,0.021093827882832504,0.03284893128800711,175.83612500000163,0.48080438756855576,140,229,178,2012,321,226,0.9982533766109974,1.179546068638843,-0.012517153861810055,1.2076914678784159,0.0,94
NAS100,H4,meanrev,0,"{'N': 20, 'k_ext': 2.0, 'swing': 3, 'k_atr': 0.5, 'R': 1.5, 'H': 24}",408,PASS,0.8044241099528554,0.7310609930568707,-1.0897229349799704,0.18276293908840838,4.865936540602352,0.5442219777038576,-0.11992170467855802,0.0548639942155493,-0.1747856988941073,80.01791071428579,0.3553921568627451,128,246,34,2012,254,154,0.7174121883911758,0.7535764911006675,-2.619796129044831,-2.333803513867291,0.0,94
NAS100,H4,meanrev,1,"{'N': 20, 'k_ext': 2.5, 'swing': 3, 'k_atr': 0.5, 'R': 1.0, 'H': 12}",217,PASS,0.8309067078143202,0.7299485270642001,-0.6976878537001351,-1.1184957092478456,10.991347757931301,0.2786010057014622,-0.08271785756909295,0.05890649943386789,-0.14162435700296083,76.46744642857084,0.45622119815668205,83,99,35,2011,135,82,0.7005637331226944,0.7776427200824515,-2.7435100439266513,-2.1492505882355406,0.0,94
NAS100,H4,meanrev,2,"{'N': 50, 'k_ext': 2.0, 'swing': 5, 'k_atr': 1.0, 'R': 1.5, 'H': 24}",627,PASS,0.9219465235053368,0.8676143289251136,-0.5095494987324992,0.4517766632805316,2.0934624500311214,0.3883336343438522,-0.04171281679162916,0.03164228057440198,-0.07335509736603113,140.10071428571428,0.4019138755980861,181,308,138,2011,370,257,0.8478546307870798,0.8968121732288132,-1.2618817999280023,-0.8534491749996453,0.010638297872340425,94
NAS100,H4,momentum,0,"{'N': 24, 'k_atr': 2.0, 'R': 2.0, 'H': 48}",338,PASS,1.0974869839475212,1.0625081904922566,-0.045575401946757445,1.462601165059711,7.014162803682787,0.18489359228432165,0.05733138937879239,0.019787018289561226,0.03754437108923118,191.18671428571452,0.3905325443786982,88,195,55,2008,200,138,1.0203871201157346,1.1242619366922173,0.14966604589568186,0.8600243788464004,0.0,94
NAS100,H4,momentum,1,"{'N': 48, 'k_atr': 2.0, 'R': 2.0, 'H': 96}",218,PASS,0.928499512227796,0.9020578665818911,-0.2855013957005123,1.7705387213054766,11.633471215239467,0.27566287209762685,-0.047312305982605,0.018760974574359702,-0.06607328055696465,196.86464285714283,0.3256880733944954,65,144,9,2008,125,93,0.869594839348795,0.94770689727244,-1.0370880898491288,-0.39597517203727706,0.0,94
NAS100,H4,momentum,2,"{'N': 12, 'k_atr': 1.5, 'R': 1.5, 'H': 24}",617,PASS,1.084175620025588,1.0328219501824243,0.03536166689394265,0.3464363015277132,1.964591137093802,0.31339370238710146,0.04419369978348917,0.026461330033792776,0.01773236974969641,137.36839285714268,0.44084278768233387,208,314,95,2008,363,254,0.9737461227464808,1.120367637887773,-0.20292651357321154,0.8798357458052489,0.031914893617021274,94
NAS100,H4,macross,0,"{'fast': 10, 'slow': 30, 'ema_trend': 200, 'k_atr': 2.0, 'R': 2.0, 'H': 48}",177,PASS,1.5153670343596095,1.4690292721137477,0.6685644328947276,2.394025838463048,14.687374796566571,0.1370800864990763,0.2671474612039427,0.019318090842937518,0.2478293703610052,208.6639285714282,0.4745762711864407,55,91,31,2004,104,73,1.367015488369421,1.6275619624749353,2.351559847500261,3.5996896243437346,0.0,94
NAS100,H4,macross,1,"{'fast': 20, 'slow': 50, 'ema_trend': 200, 'k_atr': 2.0, 'R': 2.0, 'H': 96}",106,PASS,1.4034874295221396,1.3618745323145567,0.44246586256172743,3.2818841874646036,26.921532239116075,0.06408668296562205,0.21883423238455443,0.018724537699785753,0.20010969468476875,220.44221428571382,0.4528301886792453,37,57,12,1997,61,45,1.1204845538082047,1.7534809273573864,0.8314747309549804,4.108010982019444,0.0,94
NAS100,H4,macross,2,"{'fast': 10, 'slow': 30, 'ema_trend': 100, 'k_atr': 1.5, 'R': 3.0, 'H': 48}",209,PASS,1.4196571720234163,1.368519209415214,0.47505010791714813,3.2974257198385613,18.89320331861984,0.10763345012670048,0.25902375809528977,0.02562013873535667,0.2334036193599331,156.4979464285716,0.37799043062200954,45,128,36,2004,119,90,1.3815067297166652,1.3514964012925679,2.258738277774706,2.0846088189694942,0.0,94
US30,M5,trend,0,"{'ema_trend': 200, 'ema_fast': 50, 'ema_pull': 20, 'swing': 5, 'k_atr': 0.5, 'R': 2.0, 'H': 24}",15553,PASS,0.9884456995521274,0.632902478282129,-8.745848108297245,-0.2384704932250789,0.26669748694675244,1.0,-0.006096461080844457,0.24528139796087745,-0.2513778590417219,35.11235714286158,0.36867485372596925,2960,7636,4957,1922,8193,7360,0.6732634348632234,0.5904660506679313,-8.030304939436073,-11.336282651910178,0.06382978723404255,94
US30,M5,trend,1,"{'ema_trend': 200, 'ema_fast': 50, 'ema_pull': 20, 'swing': 10, 'k_atr': 0.5, 'R': 1.5, 'H': 48}",12917,PASS,0.9926158622201285,0.6676793996821165,-7.436739263522974,-0.19039555176254822,0.44172241074160246,0.9999999999998769,-0.003955059809831743,0.2171550908465597,-0.2211101506563915,39.93249999999534,0.40620887202910894,4137,6646,2134,1922,6822,6095,0.6970835019275116,0.6359200600962345,-7.133890313727747,-9.104131394841232,0.05319148936170213,94
US30,M5,trend,2,"{'ema_trend': 100, 'ema_fast': 30, 'ema_pull': 10, 'swing': 5, 'k_atr': 1.0, 'R': 3.0, 'H': 48}",12674,PASS,1.0139864350275605,0.7408957351187192,-4.999909501501536,0.04634136779776816,0.5040299180162902,0.999999999989838,0.008102567267326229,0.19165676733833728,-0.18355420007101103,44.10644642857005,0.3422755246962285,1534,6969,4171,1922,6666,6008,0.7781167409264682,0.7020340370328002,-4.140284091081131,-6.738896401651867,0.06382978723404255,94
US30,M5,breakout,0,"{'N': 20, 'k_atr': 1.0, 'R': 2.0, 'H': 24}",21457,PASS,0.9906843583066027,0.591762064843981,-11.50386342827805,-0.4788510569772019,0.2668304839889535,1.0,-0.005638863299046339,0.3314064546689496,-0.33704531796799597,25.928785714288097,0.34846437060166846,5726,12620,3111,1922,11095,10362,0.6527234148364329,0.5339084897505421,-10.524187177879258,-15.583358705188004,0.031914893617021274,94
US30,M5,breakout,1,"{'N': 50, 'k_atr': 1.0, 'R': 2.0, 'H': 48}",12673,PASS,1.014414721841327,0.6503104111192708,-8.129662653103669,-0.2584184354771797,0.7338862533738459,1.0,0.009104659144037295,0.29997564835841406,-0.2908709892143767,28.803214285711874,0.34900970567347905,3815,7899,959,1922,6557,6116,0.7065887476499125,0.5958680149962039,-7.11565229830341,-11.043816108882249,0.02127659574468085,94
US30,M5,breakout,2,"{'N': 20, 'k_atr': 1.5, 'R': 1.5, 'H': 24}",20108,PASS,0.9949750682343488,0.6349933037132963,-9.918742909632837,-0.41277563783678634,0.16734390885775818,1.0,-0.0026118539105061604,0.2397772002146924,-0.2423890541251986,35.370624999997744,0.4022777004177442,6105,9855,4148,1922,10415,9693,0.68955735083478,0.5820614173532775,-8.949328397721738,-13.38046420632325,0.02127659574468085,94
US30,M5,meanrev,0,"{'N': 20, 'k_ext': 2.0, 'swing': 3, 'k_atr': 0.5, 'R': 1.5, 'H': 24}",8643,PASS,0.9701273758032513,0.5370304494150778,-8.270716115339823,-0.8784966150639364,1.4454695334261354,0.9999999999999896,-0.016953797233536894,0.34171388218128246,-0.35866767941481936,25.691714285712806,0.391877820201319,2976,4807,860,1922,4752,3891,0.5724560572578787,0.49749539175725016,-8.56980770925955,-9.651431030469439,0.010638297872340425,94
US30,M5,meanrev,1,"{'N': 20, 'k_ext': 2.5, 'swing': 3, 'k_atr': 0.5, 'R': 1.0, 'H': 12}",4051,PASS,0.9780832022114881,0.47033157664004177,-6.761794373992227,-1.3222154499777847,2.631926132896999,0.999999138771049,-0.010140882682310769,0.32669072136317745,-0.3368316040454883,26.507500000006985,0.45741792150086397,1721,1796,534,1922,2291,1760,0.5117108089982979,0.422645347329145,-7.779666906336267,-8.281068018976567,0.0,94
US30,M5,meanrev,2,"{'N': 50, 'k_ext': 2.0, 'swing': 5, 'k_atr': 1.0, 'R': 1.5, 'H': 24}",17096,PASS,0.9829082396358174,0.6187577625381077,-9.084072051930828,-0.6007995703363154,0.5514016245442885,1.0,-0.008835068369645144,0.24323527680637053,-0.2520703451760157,34.75650000000314,0.4051824988301357,4978,8391,3727,1922,9043,8053,0.6534990844426425,0.5827057078363614,-8.668486195913932,-11.105617178691503,0.010638297872340425,94
US30,M5,momentum,0,"{'N': 24, 'k_atr': 2.0, 'R': 2.0, 'H': 48}",12808,PASS,0.988384421147375,0.6833596896360359,-7.010479620477878,-0.5068650415721494,0.7619678727699228,0.9999999999999897,-0.007007460914328877,0.23205911205450694,-0.23906657296883585,35.28653571428731,0.35399750156152404,3368,7518,1922,1922,6634,6174,0.7397846143717081,0.6275180707388422,-5.918452060558426,-9.497231293534618,0.07446808510638298,94
US30,M5,momentum,1,"{'N': 48, 'k_atr': 2.0, 'R': 2.0, 'H': 96}",8895,PASS,1.00977503798773,0.7226558841511032,-4.96830328887729,-0.46207604619151094,0.8617021157210023,0.9999999986009755,0.006154486827696372,0.22140892599010917,-0.21525443916241283,36.66678571428565,0.3497470489038786,2670,5530,695,1922,4601,4294,0.7716030587510023,0.6735304422331879,-4.277418981782516,-6.511580331910772,0.0851063829787234,94
US30,M5,momentum,2,"{'N': 12, 'k_atr': 1.5, 'R': 1.5, 'H': 24}",23949,PASS,0.9783227508103093,0.5742828951673999,-12.088809154644771,-0.6266784847834634,0.7112671922185503,1.0,-0.012041690730840366,0.30198645830489446,-0.3140281490357348,26.89328571428632,0.3952983423107437,8051,12892,3006,1922,12435,11514,0.6221165687009251,0.526450576053497,-10.911909194968985,-15.811597024018326,0.0425531914893617,94
US30,M5,macross,0,"{'fast': 10, 'slow': 30, 'ema_trend': 200, 'k_atr': 2.0, 'R': 2.0, 'H': 48}",6868,PASS,1.002443123095369,0.7056136476392063,-4.658268777829815,-0.5050037492213878,0.6155771878410419,0.9999999033284882,0.0014810139587028797,0.22284201146553093,-0.22136099750682803,37.16678571428747,0.3523587652882935,1860,4059,949,1922,3501,3367,0.7486644763197221,0.6640965316866894,-4.064662543556753,-6.1970265153061925,0.0851063829787234,94
US30,M5,macross,1,"{'fast': 20, 'slow': 50, 'ema_trend': 200, 'k_atr': 2.0, 'R': 2.0, 'H': 96}",4522,PASS,1.0356451254653283,0.7667048313199207,-2.906465137502919,-0.6915252902485143,1.2510575186556556,0.9998016247393736,0.022033534721223064,0.19559554642038787,-0.17356201169916483,41.89371428571394,0.35758513931888547,1354,2754,414,1922,2276,2246,0.8638868526052221,0.6775592988413228,-1.7835198703084871,-4.788759369589577,0.09574468085106383,94
US30,M5,macross,2,"{'fast': 10, 'slow': 30, 'ema_trend': 100, 'k_atr': 1.5, 'R': 3.0, 'H': 48}",8539,PASS,1.0179514201380173,0.6882101573961441,-5.1951218229073755,-0.6035537755006912,0.927601828205824,0.9999999999953965,0.012423781230519394,0.2951316498456604,-0.2827078686151411,27.67564285714616,0.2828200023421946,1736,5835,968,1922,4354,4185,0.7476965971159479,0.6315287685728386,-4.363185319387925,-7.072630442026394,0.0851063829787234,94
US30,M15,trend,0,"{'ema_trend': 200, 'ema_fast': 50, 'ema_pull': 20, 'swing': 5, 'k_atr': 0.5, 'R': 2.0, 'H': 24}",5234,PASS,1.0330175864476108,0.8112309169000723,-2.413747282245585,0.12136241114173617,0.3554616279995959,0.998665180936537,0.01722960948180812,0.1313884048236134,-0.11415879534180527,66.49942857143105,0.38956820787160873,1084,2535,1615,1922,2665,2569,0.8442400271634084,0.7793289618005106,-2.0980341752629683,-3.1564470973594303,0.1595744680851064,94
US30,M15,trend,1,"{'ema_trend': 200, 'ema_fast': 50, 'ema_pull': 20, 'swing': 10, 'k_atr': 0.5, 'R': 1.5, 'H': 48}",4498,PASS,1.0086419945928546,0.8135479392225503,-2.330983659969957,-0.0373500630278398,0.4780910377220957,0.9953081726903501,0.0044891200100479894,0.1139396142080928,-0.1094504941980448,78.75325000000157,0.4195197865718097,1396,2206,896,1922,2279,2219,0.8461822757382009,0.7814438823156685,-1.9989891482520485,-3.057232922890388,0.09574468085106383,94
US30,M15,trend,2,"{'ema_trend': 100, 'ema_fast': 30, 'ema_pull': 10, 'swing': 5, 'k_atr': 1.0, 'R': 3.0, 'H': 48}",4589,PASS,1.0093791506986565,0.8555787960543644,-1.6694109972862916,0.46799401028434134,0.5315930409234961,0.9954336061719172,0.005468093956883341,0.09980525440807851,-0.09433716045119517,82.99100000000908,0.3458269775550229,612,2523,1454,1922,2375,2214,0.8797011973791219,0.830544103246213,-1.3337932040953646,-2.059668820187862,0.14893617021276595,94
US30,M15,breakout,0,"{'N': 20, 'k_atr': 1.0, 'R': 2.0, 'H': 24}",7362,PASS,0.9937937333934291,0.7494412987796013,-4.127318453270315,-0.07393131170798493,0.3839674580436627,0.9999992899736616,-0.003727236712959091,0.17596458015432723,-0.1796918168672863,47.98453571429127,0.3576473784297745,1949,4300,1113,1922,3765,3597,0.8264866015669875,0.6768947223314058,-2.8780767856260345,-6.297754559997188,0.11702127659574468,94
US30,M15,breakout,1,"{'N': 50, 'k_atr': 1.0, 'R': 2.0, 'H': 48}",4334,PASS,0.975134619229648,0.7901581271216565,-2.732638822607096,0.21804885826310558,0.6012840333111682,0.9992321618121793,-0.015349746061257908,0.13311898041017872,-0.14846872647143664,58.390178571427896,0.3553299492385787,1176,2620,538,1921,2249,2085,0.8706622740670283,0.7097351632663091,-1.7717861936207453,-4.268197370983744,0.11702127659574468,94
US30,M15,breakout,2,"{'N': 20, 'k_atr': 1.5, 'R': 1.5, 'H': 24}",6974,PASS,0.9927133597538063,0.7814062460290114,-3.4181057074049117,-0.11476688615180623,0.3509505627697713,0.9999492822351012,-0.003810155056695624,0.1271484307700385,-0.13095858582673414,65.51549107143,0.41439632922282765,2143,3461,1370,1922,3583,3391,0.8410850851980826,0.7238578020650841,-2.554972249360917,-5.006087780831215,0.07446808510638298,94
US30,M15,meanrev,0,"{'N': 20, 'k_ext': 2.0, 'swing': 3, 'k_atr': 0.5, 'R': 1.5, 'H': 24}",3186,PASS,0.9770152132064337,0.705409124956761,-3.2274207010884797,-1.0060535545955351,3.400298740279865,0.9984940268846457,-0.012754712881864728,0.1826600930145506,-0.19541480589641536,47.01493750000009,0.40709353421217825,1071,1712,403,1921,1796,1390,0.7257167039707068,0.6806139345153271,-3.6704674013139487,-4.115416262895092,0.031914893617021274,94
US30,M15,meanrev,1,"{'N': 20, 'k_ext': 2.5, 'swing': 3, 'k_atr': 0.5, 'R': 1.0, 'H': 12}",1663,PASS,0.9724584854326792,0.6327316872399172,-2.909610131569675,-2.0259318227639707,9.692577843163981,0.9697362982263233,-0.012363813553963746,0.18888622775382863,-0.20125004130779237,47.359285714279395,0.4750450992182802,670,698,295,1917,990,673,0.6393474645184537,0.6236072138595307,-4.336245178611573,-4.133205041002661,0.0,94
US30,M15,meanrev,2,"{'N': 50, 'k_ext': 2.0, 'swing': 5, 'k_atr': 1.0, 'R': 1.5, 'H': 24}",6095,PASS,1.0349372625145987,0.8002180160342546,-2.7517918058414286,-0.6680927841613754,0.9753789350786546,0.9994908609948586,0.01752521869318515,0.1332249780179944,-0.11569975932480922,62.5109999999986,0.4280557834290402,1814,2890,1391,1922,3267,2828,0.8014786331538082,0.7987793539248373,-2.8987806450781477,-3.044584443518518,0.06382978723404255,94
US30,M15,momentum,0,"{'N': 24, 'k_atr': 2.0, 'R': 2.0, 'H': 48}",4519,PASS,1.0237974175707385,0.8437802926012677,-1.8936524554636878,-0.29445509687843224,0.6651237465964508,0.9953996202093899,0.013727784310449163,0.11532501515766341,-0.10159723084721423,68.34500000000116,0.3753042708563842,1139,2507,873,1922,2330,2189,0.8763732128389444,0.8099907502791491,-1.511094333179375,-2.5638215389542345,0.1276595744680851,94
US30,M15,momentum,1,"{'N': 48, 'k_atr': 2.0, 'R': 2.0, 'H': 96}",3158,PASS,0.9641167153821469,0.803964564962658,-2.0537247075038034,-0.45277584987401226,0.8298085290068444,0.9926447227011921,-0.022948559936234677,0.11816718855301316,-0.14111574848924782,67.22400000000198,0.34230525649145027,918,1999,241,1921,1605,1553,0.8525937798593181,0.757530553038412,-1.630454098810989,-2.924438453798814,0.1276595744680851,94
US30,M15,momentum,2,"{'N': 12, 'k_atr': 1.5, 'R': 1.5, 'H': 24}",8373,PASS,1.0263107738639208,0.7718206738606487,-3.8017805312832103,-0.49923679587500047,0.6593405389679412,0.9999972187320741,0.013957082851714068,0.1559317331829382,-0.14197465033122414,50.39464285714348,0.41765197659142483,2754,4266,1353,1922,4275,4098,0.8283350442791071,0.716298702896626,-2.9109459154318507,-5.395288172689669,0.14893617021276595,94
US30,M15,macross,0,"{'fast': 10, 'slow': 30, 'ema_trend': 200, 'k_atr': 2.0, 'R': 2.0, 'H': 48}",2281,PASS,0.9907385000538409,0.8284000381355034,-1.4810423758974323,-0.29964396665041215,1.144033998255149,0.9476090155736107,-0.0053731144064916424,0.10579104748034099,-0.11116416188683262,72.57164285714316,0.3704515563349408,553,1257,471,1922,1151,1130,0.8394710203919759,0.8172233457108008,-1.6164357221225798,-1.918754178542755,0.07446808510638298,94
US30,M15,macross,1,"{'fast': 20, 'slow': 50, 'ema_trend': 200, 'k_atr': 2.0, 'R': 2.0, 'H': 96}",1424,PASS,0.9683314436780508,0.8354668195484205,-1.1617415459343639,-0.16788985366405532,1.2685763150952285,0.8461667547895461,-0.019727616297644003,0.09293864463970787,-0.11266626093735187,82.3537499999984,0.34691011235955055,398,868,158,1920,717,707,0.792943196551656,0.8790571979257782,-1.9923619063623652,-1.1502457450028996,0.0851063829787234,94
US30,M15,macross,2,"{'fast': 10, 'slow': 30, 'ema_trend': 100, 'k_atr': 1.5, 'R': 3.0, 'H': 48}",2801,PASS,1.0245332351349388,0.8400556284476621,-1.4674690084589392,-0.08430101165862987,1.2648712113533493,0.9822203261281379,0.016067056324728223,0.13621967150761505,-0.12015261518288685,55.92407142856973,0.3170296322741878,493,1797,511,1922,1415,1386,0.8569109601900792,0.8230195783271009,-1.4885216074321759,-1.9186746602083462,0.10638297872340426,94
US30,M30,trend,0,"{'ema_trend': 200, 'ema_fast': 50, 'ema_pull': 20, 'swing': 5, 'k_atr': 0.5, 'R': 2.0, 'H': 24}",2795,PASS,1.0242128515067757,0.8746957178461187,-1.1651228397209683,0.3096586322825686,0.500321137784081,0.9083339245065037,0.012383167734456751,0.08304885109752899,-0.07066568336307225,99.69703571428909,0.40178890876565293,556,1313,926,1921,1385,1410,0.8859098758099724,0.8638593283770502,-1.1045900964573385,-1.4457057436724416,0.07446808510638298,94
US30,M30,trend,1,"{'ema_trend': 200, 'ema_fast': 50, 'ema_pull': 20, 'swing': 10, 'k_atr': 0.5, 'R': 1.5, 'H': 48}",2167,PASS,0.9847402545285501,0.8648405402670429,-1.1297614901586317,0.17787412259537067,0.3703184995906219,0.8550035495735855,-0.00788040920482438,0.06747418182222019,-0.07535459102704457,120.53385714285832,0.4259344716197508,633,1056,478,1921,1132,1035,0.8664918703626523,0.8630205434360922,-1.2809257398882306,-1.3142345846559687,0.07446808510638298,94
US30,M30,trend,2,"{'ema_trend': 100, 'ema_fast': 30, 'ema_pull': 10, 'swing': 5, 'k_atr': 1.0, 'R': 3.0, 'H': 48}",2232,PASS,1.0579291999133291,0.9520288905367386,-0.46340746526257987,0.7873204191974036,0.7844892496721472,0.7225990618606679,0.031849642932791765,0.060134815115647486,-0.028285172182855704,132.00746428571802,0.38082437275985664,247,1148,837,1922,1202,1030,0.9001453113293968,1.013320562435889,-0.8331101003250103,0.10446702829331875,0.2127659574468085,94
US30,M30,breakout,0,"{'N': 20, 'k_atr': 1.0, 'R': 2.0, 'H': 24}",3907,PASS,1.006475804845593,0.8449646375575806,-1.8591927861201918,0.18729065019997468,0.4239008703561602,0.9914998548550539,0.003757806741410575,0.10431086713728668,-0.10055306039587611,73.07214285714508,0.37906321986178654,961,2193,753,1921,1976,1931,0.884719912015689,0.8067703211784008,-1.3783376063683688,-2.545565145877203,0.14893617021276595,94
US30,M30,breakout,1,"{'N': 50, 'k_atr': 1.0, 'R': 2.0, 'H': 48}",1951,PASS,1.027434759882413,0.9000609702413926,-0.8638884580417678,0.6124209126978419,1.1856931866998073,0.8561414344744805,0.016535541646270198,0.08222446071413105,-0.06568891906786084,88.6112857142798,0.36340338288057406,536,1148,267,1920,1080,871,0.9122534662655266,0.8851978374194774,-0.8598493072379487,-1.1253306913391101,0.1595744680851064,94
US30,M30,breakout,2,"{'N': 20, 'k_atr': 1.5, 'R': 1.5, 'H': 24}",3740,PASS,0.9947107449809202,0.8567779669267539,-1.6422087141015036,0.0836836880595825,0.2625934256118905,0.9711170930105272,-0.0026832746627378458,0.07642092310924904,-0.07910419777198689,99.31887499999903,0.43155080213903746,1069,1788,883,1921,1896,1844,0.8837299751726004,0.8304868926973784,-1.3546167669831581,-2.154895801426254,0.0851063829787234,94
US30,M30,meanrev,0,"{'N': 20, 'k_ext': 2.0, 'swing': 3, 'k_atr': 0.5, 'R': 1.5, 'H': 24}",1805,PASS,1.0236178498567212,0.8291544260983392,-1.393520464582229,-1.0250122909976678,4.086909964175321,0.8884081416243153,0.012819033077024242,0.11734501830099492,-0.10452598522397068,66.58710714285917,0.41717451523545707,618,950,237,1921,1027,778,0.8235045031131109,0.8365884243236082,-1.9196043158197988,-1.72142324820576,0.0425531914893617,94
US30,M30,meanrev,1,"{'N': 20, 'k_ext': 2.5, 'swing': 3, 'k_atr': 0.5, 'R': 1.0, 'H': 12}",1009,PASS,0.9835793168355005,0.7476531530103055,-1.5590503391329933,-1.889400509057961,9.655297047249778,0.7610224604048492,-0.007405429639305826,0.12254043804911853,-0.12994586768842434,65.72521428571054,0.48562933597621405,423,429,157,1914,600,409,0.8136828824662992,0.6634724312217363,-1.9021423477043042,-3.837536805749459,0.0,94
US30,M30,meanrev,2,"{'N': 50, 'k_ext': 2.0, 'swing': 5, 'k_atr': 1.0, 'R': 1.5, 'H': 24}",3256,PASS,0.9209849049014895,0.7811048842922582,-2.2633755088790473,-0.7137959849466392,0.9340212929073219,0.9873751584005155,-0.04041492689309443,0.08272127560343175,-0.12313620249652617,94.54882142857423,0.40264127764127766,865,1540,851,1922,1757,1499,0.7822604379501771,0.7797640848580336,-2.4870904594838894,-2.6337730078002353,0.0425531914893617,94
US30,M30,momentum,0,"{'N': 24, 'k_atr': 2.0, 'R': 2.0, 'H': 48}",2364,PASS,0.9801815522357344,0.8614560934214586,-1.2114237163715122,-0.14291351383570874,0.47240371655896674,0.9199424845623486,-0.01194720596820581,0.07881206899097618,-0.09075927495918198,95.07742857142694,0.36252115059221657,614,1393,357,1921,1201,1163,0.8964599352037014,0.8283870415242169,-0.9596170530161924,-1.7560348167549202,0.06382978723404255,94
US30,M30,momentum,1,"{'N': 48, 'k_atr': 2.0, 'R': 2.0, 'H': 96}",1402,PASS,0.9784300355974694,0.8931958870457083,-0.7251244911222019,-0.14777887352548874,1.4432246124421515,0.7451397769325857,-0.013164659204596191,0.05595417987577493,-0.06911883908037113,121.28328571428574,0.3587731811697575,375,838,189,1916,740,662,0.9695252651522759,0.8148732438973353,-0.2640912802748397,-1.7480343253855832,0.09574468085106383,94
US30,M30,momentum,2,"{'N': 12, 'k_atr': 1.5, 'R': 1.5, 'H': 24}",4219,PASS,0.975051416378831,0.8146842866295194,-2.1596897602666627,-0.5592707986928696,1.0374865343556525,0.9937598512593476,-0.013145077716466516,0.09489635982943437,-0.1080414375459009,77.77392857142695,0.41360511969661057,1290,2108,821,1922,2188,2031,0.8071525423071411,0.822961766409675,-2.3720198090652045,-2.299404767436938,0.14893617021276595,94
US30,M30,macross,0,"{'fast': 10, 'slow': 30, 'ema_trend': 200, 'k_atr': 2.0, 'R': 2.0, 'H': 48}",1069,PASS,0.966812097611366,0.8668126069965661,-0.7776642567497523,-0.006651697501224091,1.6710788632052163,0.6798352870176021,-0.01939745267519854,0.06402154223159912,-0.08341899490679766,112.08857142856868,0.362956033676333,257,603,209,1915,541,528,0.8458795181264566,0.8871090361193988,-1.3171147404169476,-0.9559871730808831,0.0425531914893617,94
US30,M30,macross,1,"{'fast': 20, 'slow': 50, 'ema_trend': 200, 'k_atr': 2.0, 'R': 2.0, 'H': 96}",705,PASS,1.100817878058448,0.9999299213708096,-0.02822379249113019,0.2999763338547507,2.196565720988145,0.2755633179636814,0.05905183108861342,0.05909544302188709,-4.361193327366684e-05,120.1048571428546,0.37872340425531914,202,402,101,1911,358,347,0.9926822003110204,1.0072383976590293,-0.0589299468549789,0.05694351283474379,0.02127659574468085,94
US30,M30,macross,2,"{'fast': 10, 'slow': 30, 'ema_trend': 100, 'k_atr': 1.5, 'R': 3.0, 'H': 48}",1311,PASS,1.0070266015400189,0.889316449541836,-0.6916865012876618,0.28175017732970725,1.166387644584558,0.7746060299250391,0.004713108338776362,0.08585201639273299,-0.08113890805395663,83.7846428571429,0.2967200610221205,243,867,201,1916,674,637,0.9056287854883875,0.8726664468582298,-0.7986963855472105,-1.0845468654400638,0.11702127659574468,94
US30,H1,trend,0,"{'ema_trend': 200, 'ema_fast': 50, 'ema_pull': 20, 'swing': 5, 'k_atr': 0.5, 'R': 2.0, 'H': 24}",1341,PASS,1.022779754616389,0.9311062235092411,-0.43619814587978,0.6076303553178188,0.771530162076989,0.4703489108439234,0.011144065065505472,0.0468498040959662,-0.03570573903046073,159.17921428571572,0.4123788217747949,227,597,517,1914,684,657,0.9155252024789494,0.9465881980768274,-0.6772152804836703,-0.4245512520181983,0.02127659574468085,94
US30,H1,trend,1,"{'ema_trend': 200, 'ema_fast': 50, 'ema_pull': 20, 'swing': 10, 'k_atr': 0.5, 'R': 1.5, 'H': 48}",1150,PASS,1.0178927719934907,0.937085747646372,-0.40233058000180727,0.3552958832019512,0.4975570777131568,0.4176726808492887,0.008883614637757518,0.04166875502584175,-0.03278514038808423,179.65099999999438,0.43217391304347824,326,541,283,1914,582,568,0.8715474314165617,1.0030881133945033,-1.0688241513693055,0.024821537702483108,0.031914893617021274,94
US30,H1,trend,2,"{'ema_trend': 100, 'ema_fast': 30, 'ema_pull': 10, 'swing': 5, 'k_atr': 1.0, 'R': 3.0, 'H': 48}",1246,PASS,1.0837532069600373,1.009136607617236,-0.10779343884119058,1.355792696072405,2.763828458042344,0.4994475042693034,0.04424882287369957,0.03919740472605505,0.005051418147644524,187.97389285714598,0.3900481540930979,132,618,496,1920,672,574,0.9204668864085372,1.1127981629676316,-0.5793222700314407,0.7682944781857692,0.09574468085106383,94
US30,H1,breakout,0,"{'N': 20, 'k_atr': 1.0, 'R': 2.0, 'H': 24}",1827,PASS,1.0708089362552557,0.966450390165479,-0.3337438363213031,0.6615766970115482,0.8619657339207927,0.6938231016857399,0.03993313529351545,0.060105209870532,-0.020172074577016565,110.78571428571377,0.38752052545155996,458,994,375,1920,984,843,0.9711344546995879,0.9611021424181095,-0.24435334791844385,-0.3374915274502401,0.13829787234042554,94
US30,H1,breakout,1,"{'N': 50, 'k_atr': 1.0, 'R': 2.0, 'H': 48}",1091,PASS,1.0489731616194604,0.9526347984663759,-0.3625061677996283,1.0319924102558586,2.7973328491391496,0.5144685102112255,0.02886830619932057,0.05854208238466382,-0.02967377618534326,111.50857142857421,0.384051329055912,292,633,166,1919,598,493,0.977821722645377,0.9231603862543425,-0.18649331837254332,-0.6472653497274609,0.07446808510638298,94
US30,H1,breakout,2,"{'N': 20, 'k_atr': 1.5, 'R': 1.5, 'H': 24}",1754,PASS,1.0479863531553641,0.9601470229593136,-0.35929603995307496,0.3316160169081312,0.48460891660382543,0.6093969546510065,0.0236495086224862,0.04428402799787879,-0.020634519375392592,149.7348928571464,0.4378563283922463,502,809,443,1920,942,812,0.9439348600978891,0.978624309950685,-0.4785283490715294,-0.18324688272284614,0.0851063829787234,94
US30,H1,meanrev,0,"{'N': 20, 'k_ext': 2.0, 'swing': 3, 'k_atr': 0.5, 'R': 1.5, 'H': 24}",1024,PASS,0.9821712319846013,0.8635320294240413,-0.8047509113765774,-0.8285308601544111,3.6565369237991905,0.6357918938159413,-0.009841850276237189,0.07135534114471853,-0.08119719142095572,94.94733035714489,0.40234375,349,546,129,1916,610,414,0.8838174990525881,0.8335985942298996,-1.1368807683442776,-1.526649579895408,0.010638297872340425,94
US30,H1,meanrev,1,"{'N': 20, 'k_ext': 2.5, 'swing': 3, 'k_atr': 0.5, 'R': 1.0, 'H': 12}",593,PASS,0.9762633170949594,0.8274111320811119,-0.7687545806181416,-1.8137556002253534,10.688628857826401,0.4416221008524718,-0.0104835453588348,0.07225134400823033,-0.08273488936706513,94.33292857142806,0.47386172006745364,238,243,112,1914,354,239,0.8499433654528793,0.7921494635274317,-1.4558829147512422,-1.8490488935056426,0.0,94
US30,H1,meanrev,2,"{'N': 50, 'k_ext': 2.0, 'swing': 5, 'k_atr': 1.0, 'R': 1.5, 'H': 24}",1670,PASS,0.9217036988715537,0.8375080051284155,-1.2301959122393806,-0.42345061832085185,0.6622629128578366,0.8314539322616034,-0.04049357907735599,0.04825512948547468,-0.08874870856283067,140.46707142857122,0.40718562874251496,446,807,417,1920,927,743,0.8531230229667351,0.8186810556621317,-1.3878226173945631,-1.6613434103969815,0.0,94
US30,H1,momentum,0,"{'N': 24, 'k_atr': 2.0, 'R': 2.0, 'H': 48}",1174,PASS,0.9849782547239097,0.9160686452730457,-0.527659088530875,0.3159254654044432,0.9792140753553027,0.6097249409010362,-0.008633265435353943,0.04181947728462915,-0.0504527427199831,148.242000000002,0.3730834752981261,279,653,242,1914,605,569,0.9587548100722788,0.8755712159412622,-0.3315120649007165,-1.1103402125739175,0.0425531914893617,94
US30,H1,momentum,1,"{'N': 48, 'k_atr': 2.0, 'R': 2.0, 'H': 96}",798,PASS,1.125987104733105,1.056196225385079,0.17440866981919662,0.5047983672603226,2.331472593884384,0.2632149426905687,0.0754045214867873,0.04033687583495847,0.03506764565182881,155.90178571428442,0.38471177944862156,249,472,77,1909,393,405,1.1449682212981143,0.9802895654472337,1.0447143741928504,-0.16071784219615293,0.031914893617021274,94
US30,H1,momentum,2,"{'N': 12, 'k_atr': 1.5, 'R': 1.5, 'H': 24}",2255,PASS,1.0090264753621012,0.9020239672732904,-0.8497797806773179,-0.37914088507955684,0.4024712861571942,0.816052608744841,0.004999813356529255,0.06293295060871594,-0.057933137252186705,106.04528571428091,0.412860310421286,789,1217,249,1921,1155,1100,0.9087359322027774,0.8953244328811616,-0.8723098542216549,-1.036786252258026,0.06382978723404255,94
US30,H1,macross,0,"{'fast': 10, 'slow': 30, 'ema_trend': 200, 'k_atr': 2.0, 'R': 2.0, 'H': 48}",567,PASS,1.0821560969370536,1.0035912107118459,-0.02856764577727759,0.828669531772383,3.7747014708173774,0.23167000789738004,0.04535720629835301,0.04327840833989262,0.0020787979584604203,150.00035714285696,0.3862433862433862,142,301,124,1910,296,271,1.083248325935002,0.9291569372887462,0.6084292789947549,-0.5575979438723309,0.010638297872340425,94
US30,H1,macross,1,"{'fast': 20, 'slow': 50, 'ema_trend': 200, 'k_atr': 2.0, 'R': 2.0, 'H': 96}",373,PASS,1.2731196315374769,1.1973979123852807,0.5096141768386798,1.1274383931348222,5.3071626414263555,0.1844550699840093,0.15371004883399256,0.038105882019709034,0.11560416681428354,166.000214285712,0.4101876675603217,120,206,47,1913,210,163,1.1574025669280226,1.2482596941840685,1.0827816742315544,1.6748737794574717,0.0,94
US30,H1,macross,2,"{'fast': 10, 'slow': 30, 'ema_trend': 100, 'k_atr': 1.5, 'R': 3.0, 'H': 48}",710,PASS,1.0875681554055843,1.0007494524733018,-0.13926673614475996,1.0214652093069718,3.792998726596476,0.4675312831325414,0.05689168810375034,0.05637523745093251,0.0005164506528178386,113.30432142857171,0.3126760563380282,137,452,121,1910,362,348,1.1736585314170618,0.8477638179450923,1.2138685963888685,-1.1696906684329773,0.0851063829787234,94
US30,H4,trend,0,"{'ema_trend': 200, 'ema_fast': 50, 'ema_pull': 20, 'swing': 5, 'k_atr': 0.5, 'R': 2.0, 'H': 24}",389,PASS,1.220394127476639,1.1675068853352732,-0.040723850085973526,1.3666325697165935,8.605663270865005,0.1891301152459405,0.09279442742433441,0.020398954467292396,0.072395472957042,326.94982142857043,0.4884318766066838,48,150,191,1906,215,174,1.0693703015028562,1.2964732718424499,0.4606655093715387,1.7921887731883979,0.0,94
US30,H4,trend,1,"{'ema_trend': 200, 'ema_fast': 50, 'ema_pull': 20, 'swing': 10, 'k_atr': 0.5, 'R': 1.5, 'H': 48}",298,PASS,1.2016525295135636,1.1605360726253475,0.2907300219495994,1.0157462672433728,6.195968746023864,0.16038605841079548,0.09466312512316802,0.017725439778811976,0.07693768534435606,387.34576785713944,0.4697986577181208,91,129,78,1907,164,134,1.0130801437884334,1.3629785570059412,0.09571751674145539,2.2974274034449866,0.0,94
US30,H4,trend,2,"{'ema_trend': 100, 'ema_fast': 30, 'ema_pull': 10, 'swing': 5, 'k_atr': 1.0, 'R': 3.0, 'H': 48}",323,PASS,1.1453582116350924,1.113020044656551,-0.29925571116433364,2.825181205156616,16.392007811186936,0.2614763578202747,0.07662667848102549,0.015979072350131265,0.06064760613089423,386.84896428571665,0.4024767801857585,29,156,138,1909,178,145,1.0593160266144606,1.1800739765682222,0.377653856911463,1.112176573836998,0.0,94
US30,H4,breakout,0,"{'N': 20, 'k_atr': 1.0, 'R': 2.0, 'H': 24}",510,PASS,1.1743449499288734,1.1202718803361407,0.20699613540119444,1.4813334173665131,5.033824510202809,0.34879944427736287,0.09136804225891464,0.026441418113251926,0.06492662414566272,229.50221428571604,0.4235294117647059,120,249,141,1916,291,219,1.092320857744153,1.1587040161506161,0.6284261839163988,1.0488187645911369,0.0,94
US30,H4,breakout,1,"{'N': 50, 'k_atr': 1.0, 'R': 2.0, 'H': 48}",320,PASS,0.9865871233724848,0.9467796097298581,-0.2524382175469318,1.6865902344563497,8.005436738846223,0.3830279427322107,-0.00833529317168441,0.025609519823186815,-0.03394481299487122,247.296928571428,0.353125,89,196,35,1899,187,133,0.7633015000421443,1.2504753490494958,-1.9995176146592806,1.6886163495051594,0.02127659574468085,94
US30,H4,breakout,2,"{'N': 20, 'k_atr': 1.5, 'R': 1.5, 'H': 24}",484,PASS,1.231666063536375,1.1828685365228173,0.3998473243178564,0.9342455275294683,3.8217091797979053,0.24139588039427895,0.10051581854102967,0.019297701443466524,0.08121811709756316,313.3346428571458,0.4793388429752066,133,184,167,1916,278,206,1.1565259243393635,1.2194863950271138,1.0839636187918413,1.428612160059955,0.0,94
US30,H4,meanrev,0,"{'N': 20, 'k_ext': 2.0, 'swing': 3, 'k_atr': 0.5, 'R': 1.5, 'H': 24}",344,PASS,0.9220535042201129,0.8495243564870647,-0.5255734524337575,0.4863772200320351,4.59745066017194,0.4104724782588963,-0.04570825400019033,0.046861549429948496,-0.09256980343013883,152.55960714285902,0.3866279069767442,121,199,24,1917,192,152,0.9382980129274284,0.751098777327259,-0.5006644871060103,-2.25451688346225,0.0,94
US30,H4,meanrev,1,"{'N': 20, 'k_ext': 2.5, 'swing': 3, 'k_atr': 0.5, 'R': 1.0, 'H': 12}",182,PASS,1.03116119882042,0.92607273083771,-0.08261463096576324,-0.7118977545489225,12.112253552784813,0.1366844522055268,0.013313504236379867,0.046681728720701116,-0.033368224484321266,154.52871428571598,0.5,76,74,32,1915,101,81,1.054810608907276,0.7847196603416717,0.4018646918399046,-1.8238377467889448,0.0,94
US30,H4,meanrev,2,"{'N': 50, 'k_ext': 2.0, 'swing': 5, 'k_atr': 1.0, 'R': 1.5, 'H': 24}",557,PASS,0.8115070911323448,0.768316100286218,-1.01023019719656,0.3955249833035909,2.5958055481780447,0.5655014147138175,-0.10244183633840272,0.027562907535467078,-0.1300047438738698,258.00428571428347,0.3734290843806104,141,278,138,1917,309,248,0.7724549574869088,0.7635417152422393,-1.8998551399368444,-2.06709610247804,0.0,94
US30,H4,momentum,0,"{'N': 24, 'k_atr': 2.0, 'R': 2.0, 'H': 48}",311,PASS,1.18754937747787,1.1512012411402963,0.17723891728213076,1.6192025043322746,7.386950883556178,0.19006918972020717,0.10629134330981752,0.018868798607728245,0.0874225447020893,313.75,0.41479099678456594,90,172,49,1899,170,141,1.051498097903336,1.27288361785537,0.3631341531274798,1.7836361400016953,0.0,94
US30,H4,momentum,1,"{'N': 48, 'k_atr': 2.0, 'R': 2.0, 'H': 96}",220,PASS,1.1504060560426368,1.1200372477902745,0.2214763252925513,1.8382649181381971,10.599646583986097,0.19561675330657646,0.09246811210938982,0.017390156118031706,0.07507795599135816,332.6092499999995,0.37727272727272726,74,135,11,1897,112,108,1.3743329630161907,0.9045119037678511,2.391005163598698,-0.7444139528780059,0.0,94
US30,H4,momentum,2,"{'N': 12, 'k_atr': 1.5, 'R': 1.5, 'H': 24}",631,PASS,1.0931960158546343,1.0407759938463668,0.13350656485887105,0.376198869045239,1.8944170072409636,0.2030630581184473,0.04737879445280901,0.026039925451001516,0.021338869001807485,227.9112857142827,0.43898573692551507,210,308,113,1916,340,291,1.1499645103823721,0.9321025513533256,1.0509426483924238,-0.5484111122926411,0.0,94
US30,H4,macross,0,"{'fast': 10, 'slow': 30, 'ema_trend': 200, 'k_atr': 2.0, 'R': 2.0, 'H': 48}",151,PASS,1.325459318573827,1.284888397984051,0.3264677412176411,2.4654514325081327,17.6036527147055,0.13893953448670054,0.17563450095090824,0.01893838704387375,0.1566961139070345,322.7860714285707,0.4370860927152318,44,79,28,1884,86,65,1.2113722369570823,1.3730826263228877,1.376273911349729,2.3726408584272303,0.0,94
US30,H4,macross,1,"{'fast': 20, 'slow': 50, 'ema_trend': 200, 'k_atr': 2.0, 'R': 2.0, 'H': 96}",112,PASS,1.3456281199056743,1.3068168009216787,0.3910383539810704,3.1214846893941823,22.728679367990047,0.11142536000830927,0.1957884558168639,0.018629407521920206,0.17715904829494372,357.00885714285687,0.41964285714285715,40,63,9,1885,58,54,1.4649751542858611,1.1641855765968194,2.7840007112883245,1.1272511662853504,0.0,94
US30,H4,macross,2,"{'fast': 10, 'slow': 30, 'ema_trend': 100, 'k_atr': 1.5, 'R': 3.0, 'H': 48}",190,PASS,1.5146209862653552,1.4609888066803185,0.5591463865075629,3.4015821067509595,20.191883209857114,0.1247456118467946,0.30548320818173785,0.024929011720521952,0.2805541964612158,243.05724107143033,0.38421052631578945,45,110,35,1884,113,77,1.4029402843813743,1.5391139125607207,2.301221561810492,2.9963734487092823,0.0,94
