instrument,timeframe,family,variant,params,bh_sharpe,bh_max_dd,n_cands,n_trades,guard,n_long,n_short,gross_pf,net_pf,sharpe,skew,ekurt,max_dd,gross_R_mean,cost_R_mean,net_R_mean,gross_R_total,net_R_total,risk_med,risk_med_bps,win_rate,gross_win_rate,n_targets,n_stops,n_time,n_obs,n_ruin_days,equity_final,trades_per_day,is_trades,oos_trades,is_pf,oos_pf,is_sharpe,oos_sharpe,top_year_R,top_year_share,n_years,n_pos_years,yr_2018,yr_2019,yr_2020,yr_2021,yr_2022,yr_2023,yr_2024,yr_2025,yr_2026
AAPL,D1,trend,0,"{'ema_trend': 200, 'ema_fast': 50, 'ema_pull': 20, 'swing': 5, 'k_atr': 0.5, 'R': 2.0, 'H': 24}",0.9394588548008013,0.38515913353537373,115,70,PASS,57,13,1.7471190601742403,1.7176678144214488,0.6853486393828572,4.596971831657502,47.91630776870121,0.05247646253507184,0.3034657671686306,0.00937279238665604,0.29409297478197455,21.242603701804143,20.58650823473822,7.689710638281635,490.52271195326944,0.5571428571428572,0.5571428571428572,16,28,26,2034,0,1.2217796228249294,0.0344149459193707,40,30,1.7258367275545523,1.7065044145068808,3.7867529549213153,3.680389915577621,12.090973922725649,0.587325144451793,9,6,-1.860384367369308,4.420143005494543,0.7159263123143514,12.090973922725649,-3.3437148658334834,4.525999253537473,-1.3591362428278118,3.968477110087547,1.428224106609255
AAPL,D1,trend,1,"{'ema_trend': 200, 'ema_fast': 50, 'ema_pull': 20, 'swing': 10, 'k_atr': 0.5, 'R': 1.5, 'H': 48}",0.9394588548008013,0.38515913353537373,115,57,PASS,46,11,1.3764864726080877,1.3558816925203054,0.3786216859611377,3.2384801611339786,43.249268983379146,0.059035258292447455,0.17497014526596655,0.00827465204083783,0.16669549322512875,9.973298280160094,9.501643113832339,8.469191991641026,569.9063443293144,0.5087719298245614,0.5087719298245614,23,25,9,2030,0,1.0954045335757414,0.02807881773399015,30,27,1.371778378012656,1.3382537395086884,2.344749107720208,2.128953914978463,5.727927277966926,0.6028354474425904,9,6,-1.5311839302938473,3.4673463066359274,1.7237370691611056,5.727927277966926,-4.168494090333682,2.912055480041495,-1.678066780015991,1.4818782343430694,1.5664435463273345
AAPL,D1,trend,2,"{'ema_trend': 100, 'ema_fast': 30, 'ema_pull': 10, 'swing': 5, 'k_atr': 1.0, 'R': 3.0, 'H': 48}",0.9394588548008013,0.38515913353537373,207,74,PASS,53,21,1.3783211550256609,1.3620509074486962,0.38611029172861067,6.377279340975225,68.68656124369458,0.07132170360012643,0.21241689980469633,0.007528965268969495,0.20488793453572682,15.718850585547528,15.161707155643784,8.540699049745896,578.3212927941022,0.40540540540540543,0.40540540540540543,12,40,22,2120,0,1.1532273530545272,0.03490566037735849,41,33,1.3454823438543164,1.3822288598276562,1.9881824293182524,2.1371352450739702,6.108728448752734,0.4029050545590326,9,6,-0.06412118779230536,6.108728448752734,1.4473374571962143,5.068475096668646,-4.615944042035544,2.699353778189165,1.7922941776746406,2.9775741094774952,-0.2519906824872592
AAPL,D1,breakout,0,"{'N': 20, 'k_atr': 1.0, 'R': 2.0, 'H': 24}",0.9394588548008013,0.38515913353537373,197,123,PASS,80,43,1.5396912273403867,1.5043039490287058,0.7102016651480215,3.2965773783388053,23.16726906653028,0.07789630988395888,0.2757338411864336,0.014216197206203469,0.2615176439802302,33.915262465931335,32.166670209568316,3.928387443893655,292.53332331028605,0.4715447154471545,0.4715447154471545,42,61,20,2126,0,1.3628557838504625,0.057855126999059266,74,49,1.6199514457873183,1.340804739102046,3.529343292967172,2.131268079423005,15.694927236557831,0.4879251453229128,9,7,-3.69788865862689,15.694927236557831,8.78125511110452,1.2349801841471213,1.1475798922648583,2.8755907054088663,-0.8079217951361031,3.0365268945571593,3.901620639290952
AAPL,D1,breakout,1,"{'N': 50, 'k_atr': 1.0, 'R': 2.0, 'H': 48}",0.9394588548008013,0.38515913353537373,135,74,PASS,54,20,1.5832673655837444,1.5484970934819007,0.6153999164253868,4.1825597127368415,35.335876264012406,0.08442046694595579,0.32316164849910173,0.014749180607275559,0.30841246789182614,23.91396198893353,22.822522623995134,3.776020174417326,269.95099724404776,0.44594594594594594,0.44594594594594594,32,41,1,2051,0,1.2458717515428477,0.03607996099463676,43,31,1.8216544123145346,1.232988172156622,4.5098993130484795,1.550766863740917,9.879033789951892,0.43286335838989487,9,6,3.875539160795329,9.879033789951892,8.851250677353812,-2.126128967464926,-2.1556635071474632,-1.2181629436016341,2.8302813189843476,0.951555841629222,1.93481725349456
AAPL,D1,breakout,2,"{'N': 20, 'k_atr': 1.5, 'R': 1.5, 'H': 24}",0.9394588548008013,0.38515913353537373,197,112,PASS,73,39,1.56850630318394,1.5385041870872105,0.7296198022139029,2.3797976109221475,21.397457855404127,0.07487131437939716,0.24212345505535549,0.010229089901815357,0.23189436515354017,27.117826966199814,25.9721688971965,5.336327339371593,398.37486744124374,0.5446428571428571,0.5446428571428571,41,45,26,2125,0,1.2868904697517967,0.05270588235294118,66,46,1.8393463389991338,1.1979864917236016,4.540853462595753,1.3518532820596698,10.966493379166437,0.422240184197716,9,7,-1.8787718665230106,10.966493379166437,8.549052936314515,2.1761201038117495,1.6801655280235528,2.4831331714192904,-1.4696072731462786,1.2295986356155029,2.2359842825147367
AAPL,D1,meanrev,0,"{'N': 20, 'k_ext': 2.0, 'swing': 3, 'k_atr': 0.5, 'R': 1.5, 'H': 24}",0.9394588548008013,0.38515913353537373,111,98,PASS,23,75,0.6138526339633621,0.5948217743079344,-0.8549474643857894,0.7072887318803847,22.455129771146414,0.24700267816133548,-0.2673138072917775,0.01828752680611046,-0.28560133409788796,-26.196753114594195,-27.98893074159302,3.0306210330002443,231.0683854658465,0.29591836734693877,0.29591836734693877,27,66,5,2091,0,0.750993857654882,0.0468675274988044,65,33,0.5055794801146964,0.7935222562644667,-5.334266422854383,-1.7770931373415413,3.3072543275797273,,9,3,-6.221243963390951,-7.963519373020948,-6.781516338655779,-5.909338225380661,3.3072543275797273,2.513734860585167,-5.2054012132039755,0.8616942005612924,-2.5905950166668914
AAPL,D1,meanrev,1,"{'N': 20, 'k_ext': 2.5, 'swing': 3, 'k_atr': 0.5, 'R': 1.0, 'H': 12}",0.9394588548008013,0.38515913353537373,51,46,PASS,6,40,0.4058299696316949,0.38894567444430045,-1.0394823991683393,-3.0540365294165537,42.83108656532262,0.17825683721474153,-0.4038815295325405,0.02030971226999511,-0.4241912418025356,-18.578550358496862,-19.512797122916638,2.766671147588056,205.63033866243129,0.30434782608695654,0.30434782608695654,12,30,4,2024,0,0.8209139133745221,0.022727272727272728,29,17,0.4671656493130953,0.2740922953235808,-5.950457422629029,-10.555565781709708,-0.06442597663246663,,9,0,-1.0514152785764397,-2.222753876717371,-5.763102683794989,-0.06442597663246663,-1.019999775942136,-3.1354579850804596,-2.4964432260957605,-1.720045169245154,-2.039153150831863
AAPL,D1,meanrev,2,"{'N': 50, 'k_ext': 2.0, 'swing': 5, 'k_atr': 1.0, 'R': 1.5, 'H': 24}",0.9394588548008013,0.38515913353537373,269,144,PASS,34,110,0.8237009559663305,0.8066904157311243,-0.42205742263963536,1.179846838629684,15.721024939004922,0.27956641583806524,-0.10546501449754153,0.011630163379501878,-0.11709517787704339,-15.18696208764598,-16.861705614294248,5.080951500146128,346.52304216417025,0.3611111111111111,0.3611111111111111,44,84,16,2134,0,0.8369226921714443,0.06747891283973759,83,61,0.6452807615670859,1.0639878860311647,-3.3190346882910076,0.46862517733708786,9.548568043418394,,9,3,0.043961028758794596,-12.79975320932169,-8.769646739976732,-3.2225296087682342,5.73464557869082,-5.718062562537609,-0.07710308561268397,9.548568043418394,-1.6017850589453058
AAPL,D1,momentum,0,"{'N': 24, 'k_atr': 2.0, 'R': 2.0, 'H': 48}",0.9394588548008013,0.38515913353537373,147,58,PASS,28,30,1.2613941568608928,1.2439793259640208,0.26345655775581056,4.74505963949161,53.50367118454148,0.09386511683181618,0.14967371925696407,0.008668676189215175,0.1410050430677489,8.681075716903916,8.178292497929435,7.605305365714386,466.38766946129215,0.39655172413793105,0.39655172413793105,20,32,6,2116,0,1.0790573339240677,0.027410207939508508,32,26,1.8953505161371023,0.6781054226373713,4.70337874977297,-2.7786996302192515,4.92869488809189,0.6026557364315019,9,6,1.9238217912742526,1.9694561048800816,4.633575691864297,0.49670422154454896,4.92869488809189,-3.0585329256871443,-2.6811471872966566,2.1872357831905695,-2.2215158699324036
AAPL,D1,momentum,1,"{'N': 48, 'k_atr': 2.0, 'R': 2.0, 'H': 96}",0.9394588548008013,0.38515913353537373,116,47,PASS,24,23,1.6270597602074686,1.6061372846097,0.5223840114747673,5.512526613459106,59.24928681157751,0.04950994060529471,0.34439501780042986,0.008623775763345476,0.33577124203708447,16.186565836620204,15.781248375742969,7.063907373625398,466.87307360161634,0.44680851063829785,0.44680851063829785,21,25,1,2104,0,1.1646135873124985,0.022338403041825095,25,22,1.5520774503404282,1.670174474017062,3.25583057895016,3.788780480577363,5.959005377395755,0.37760037960971576,9,7,1.9643498757830138,1.9647581863510055,0.9700616417291397,-3.064116338381388,5.959005377395755,0.9480270291613453,4.961334839158105,-1.0548013859321326,3.1326291504781256
AAPL,D1,momentum,2,"{'N': 12, 'k_atr': 1.5, 'R': 1.5, 'H': 24}",0.9394588548008013,0.38515913353537373,217,118,PASS,54,64,1.4080630303919943,1.378227783116375,0.566782523397223,2.1752005881707106,19.149856979338466,0.06426171203322285,0.19682981155713014,0.01205456502425664,0.18477524653287364,23.225917763741357,21.80347909087909,5.414533564170505,339.26262054847604,0.4830508474576271,0.4830508474576271,51,56,11,2158,0,1.232967279615189,0.05468025949953661,64,54,1.317961611183948,1.458308280672699,2.1152846444093454,2.8204645422854737,5.0954414225068785,0.23369854880813143,9,8,0.8078214078581503,4.32112825217559,5.0954414225068785,-1.1705239241594592,1.404688483055278,3.2824266884623166,2.6188399910122633,2.9702412197870434,2.473415550181022
AAPL,D1,macross,0,"{'fast': 10, 'slow': 30, 'ema_trend': 200, 'k_atr': 2.0, 'R': 2.0, 'H': 48}",0.9394588548008013,0.38515913353537373,39,36,PASS,29,7,1.5227509210152568,1.5014949104923256,0.37398458339678775,6.48163791911305,90.95788048015537,0.04987687228909233,0.2639331913389179,0.008510826857367142,0.25542236448155076,9.501594888201044,9.195205121335826,7.663777907204704,499.7180943016266,0.4444444444444444,0.4444444444444444,12,18,6,2148,0,1.0924612643540776,0.01675977653631285,21,15,1.7109936666590604,1.2455811737473381,3.813228820088618,1.5216691846891226,3.297982608515075,0.35866329951277504,9,5,1.1929612579769282,3.2076159973435745,2.840558808818269,2.965013869553533,-3.037849721913645,-0.03395678262205171,3.297982608515075,-1.0345631314349917,-0.20255778490086482
AAPL,D1,macross,1,"{'fast': 20, 'slow': 50, 'ema_trend': 200, 'k_atr': 2.0, 'R': 2.0, 'H': 96}",0.9394588548008013,0.38515913353537373,22,22,PASS,16,6,2.3999999999999995,2.3686331655743733,0.6328545371101649,8.682752540216555,120.32388226642966,0.039730761685678934,0.636363636363636,0.008929970241618491,0.6274336661220176,13.999999999999993,13.803540654684387,5.149314720950663,476.38825203756477,0.5454545454545454,0.5454545454545454,12,10,0,2079,0,1.144738886236705,0.010582010582010581,15,7,2.256397422312404,2.6302061351769335,6.05979095763478,6.979997397079074,2.9773432301318192,0.2156941689537767,9,8,-0.0537695195879746,0.9851410954538462,1.9930551550690014,2.9651730775979432,2.9773432301318192,0.9767267157308559,1.991007244303783,0.9854833857034888,0.983380270281623
AAPL,D1,macross,2,"{'fast': 10, 'slow': 30, 'ema_trend': 100, 'k_atr': 1.5, 'R': 3.0, 'H': 48}",0.9394588548008013,0.38515913353537373,49,43,PASS,29,14,1.543570433179153,1.518511249249542,0.39182570053396193,8.559865004613865,110.20327191352341,0.07793946424761555,0.31899817424028953,0.011294369092168736,0.30770380514812073,13.71692149233245,13.231263621369191,5.733060999890455,367.47833846354195,0.37209302325581395,0.37209302325581395,11,25,7,2148,0,1.133960569973221,0.020018621973929236,24,19,1.098784640128309,2.2444557999008983,0.6183560761152957,5.349593237976985,4.587352130111665,0.34670551969827335,9,7,3.2572816773025752,1.9788826890598994,0.4925919177292082,3.9419314059271877,-8.073426165070579,4.587352130111665,4.380399748983057,2.944651306630845,-0.27840108930466384
JPM,D1,trend,0,"{'ema_trend': 200, 'ema_fast': 50, 'ema_pull': 20, 'swing': 5, 'k_atr': 0.5, 'R': 2.0, 'H': 24}",0.722056637945436,0.4362651894917857,153,79,PASS,59,20,1.2584553716922162,1.231309415248235,0.2796050490929216,3.7213950728946514,46.352672400578214,0.11551193221709753,0.11761413542844054,0.010916387070833105,0.10669774835760741,9.291516698846802,8.429122120250986,5.626494925765087,403.4093251508911,0.46835443037974683,0.46835443037974683,12,34,33,2130,0,1.0821455440298013,0.03708920187793427,43,36,0.7563214751050078,2.2319896934370598,-1.9639651651427485,5.495967350751596,9.177838516887352,1.0888249554289378,9,5,-1.9366041433950827,-3.06257391900228,-5.405352757776573,1.7941624262039697,2.588754447426307,4.280496121326264,9.177838516887352,2.064854311217504,-1.0724528826364754
JPM,D1,trend,1,"{'ema_trend': 200, 'ema_fast': 50, 'ema_pull': 20, 'swing': 10, 'k_atr': 0.5, 'R': 1.5, 'H': 48}",0.722056637945436,0.4362651894917857,153,65,PASS,49,16,1.0886459321874657,1.0682482130795397,0.08601837562846985,2.2249948736858935,41.12670475418579,0.10256161563269565,0.04363753348343525,0.009671044129531355,0.03396648935390388,2.836439676423291,2.2078218080037524,6.189211070747973,485.46004655837584,0.4461538461538462,0.4461538461538462,19,31,15,2115,0,1.0183322373335788,0.030732860520094562,36,29,0.6652887250614679,1.9342565443586583,-3.00725174822514,4.863247837770574,7.497468102987784,3.3958664942107695,9,4,-3.014631329793941,-3.215652203832565,-3.8978192050261686,-0.11267793649617186,2.851289455028284,0.71079825426413,7.497468102987784,2.2266209240015513,-0.8375742531291499
JPM,D1,trend,2,"{'ema_trend': 100, 'ema_fast': 30, 'ema_pull': 10, 'swing': 5, 'k_atr': 1.0, 'R': 3.0, 'H': 48}",0.722056637945436,0.4362651894917857,228,74,PASS,52,22,1.1443981855637106,1.1272840380660323,0.15320145663431195,5.546291690234842,69.60407229346633,0.0782769633514651,0.0795516959732729,0.008714637739619035,0.07083705823365388,5.8868255020221945,5.241942309290387,6.627710095613416,499.4024365209129,0.40540540540540543,0.40540540540540543,6,39,29,2113,0,1.0465571245692267,0.03502129673450071,43,31,1.0622172206975742,1.220999643019598,0.40224997078282915,1.371686671115218,6.217994476843947,1.1862004787469114,9,4,-2.256720143253262,-0.3327101288665255,-1.5834807742955732,6.217994476843947,-0.5327819094330655,0.6287470677506679,1.706778736763721,1.9684731538696798,-0.5743581700892024
JPM,D1,breakout,0,"{'N': 20, 'k_atr': 1.0, 'R': 2.0, 'H': 24}",0.722056637945436,0.4362651894917857,177,113,PASS,69,44,1.222627834515202,1.1920853656102985,0.29830874335949165,3.2175870742553787,25.404003139131213,0.11516960600459986,0.13068776348645367,0.016142012816430955,0.11454575067002269,14.767717273969264,12.943669825712565,3.6187336105264194,249.93698090038922,0.3893805309734513,0.39823008849557523,38,64,11,2129,0,1.125663400638694,0.05307656176608737,60,53,0.790183757747551,1.8232986570803715,-1.7377261690853942,4.429779423420441,7.778545386543919,0.6009536314880236,9,5,-2.7622744988841297,-1.1364221941236075,-2.7903740320039843,2.771536545881383,-4.720795259657882,5.85453103380889,7.778545386543919,5.212824245183353,2.7360985989646247
JPM,D1,breakout,1,"{'N': 50, 'k_atr': 1.0, 'R': 2.0, 'H': 48}",0.722056637945436,0.4362651894917857,117,77,PASS,56,21,0.8970206703428641,0.874419856223213,-0.1945957173728878,3.282744432349681,37.26856484801018,0.15331849433929481,-0.06993005441372649,0.016754305527576823,-0.08668435994130332,-5.38461418985694,-6.674695715480355,3.6844560611502573,231.25572579167755,0.3116883116883117,0.3116883116883117,23,52,2,2045,0,0.9287155873329761,0.03765281173594132,40,37,0.6302710305154048,1.1848046142471784,-3.429476163965279,1.2588104075929496,2.899265838571138,,9,2,-0.4095166548462825,-0.18028527968051655,-3.0464177337657956,-1.12422890772568,-6.238888457769147,-0.1609643612349163,-0.1702680519699702,1.756607892940814,2.899265838571138
JPM,D1,breakout,2,"{'N': 20, 'k_atr': 1.5, 'R': 1.5, 'H': 24}",0.722056637945436,0.4362651894917857,177,105,PASS,66,39,1.10343733696136,1.0788515336338174,0.12454659904503274,2.0056568603893457,24.447020055690068,0.08325249825231139,0.051238980901748096,0.011684220037135495,0.039554760864612605,5.38009299468355,4.153249890784323,4.896076585585604,338.8736853747731,0.4380952380952381,0.45714285714285713,34,48,23,2130,0,1.035597517169876,0.04929577464788732,55,50,0.7868625593546643,1.491085627011704,-1.7604583821024107,2.9397330583130055,4.647837891655562,1.1190845756641525,9,5,-2.5209381084560016,-1.0440407650483363,-1.17306633290953,1.453012904039185,-3.2865707726788984,4.647837891655562,1.8382970063868955,2.4324833128680385,1.8062347549274087
JPM,D1,meanrev,0,"{'N': 20, 'k_ext': 2.0, 'swing': 3, 'k_atr': 0.5, 'R': 1.5, 'H': 24}",0.722056637945436,0.4362651894917857,75,65,PASS,13,52,0.7248077901552223,0.7023560668102214,-0.507541213493806,1.2278507477221683,30.6574975922167,0.16885451173949695,-0.18399688914563705,0.018868725831349242,-0.20286561497698632,-11.95979779446641,-13.18626497350411,3.258737002514664,238.88002061755762,0.3230769230769231,0.3230769230769231,21,43,1,1870,0,0.872488525293375,0.034759358288770054,36,29,0.6405697529746772,0.7856704984808327,-3.4534794803468434,-1.8421136357030234,1.2814742667172598,,8,1,-0.5921049057216459,-3.7534582310079894,-4.099439847902435,-0.09407857425906174,-0.6039449164315387,-5.224236521368615,1.2814742667172598,-0.10047624353008411,
JPM,D1,meanrev,1,"{'N': 20, 'k_ext': 2.5, 'swing': 3, 'k_atr': 0.5, 'R': 1.0, 'H': 12}",0.722056637945436,0.4362651894917857,29,28,PASS,5,23,0.6431844625572899,0.6167782313372109,-0.44911017037329476,-2.2208888260558517,69.00125148546876,0.06080497461089898,-0.2029053581504834,0.02032958548311336,-0.22323494363359675,-5.681350028213536,-6.250578421740709,2.905602853196555,193.3221564619076,0.39285714285714285,0.39285714285714285,10,15,3,1868,0,0.9381784291649623,0.014989293361884369,17,11,0.7565694272930492,0.4396919936738513,-2.1039701253835696,-6.18358428093088,0.9678418043054741,,8,2,-1.0371337155719922,-1.1727727882951395,0.9678418043054741,-1.1589281718911517,0.18208813455749995,-2.919130604436626,-1.0351256548267513,-0.0774174255820218,
JPM,D1,meanrev,2,"{'N': 50, 'k_ext': 2.0, 'swing': 5, 'k_atr': 1.0, 'R': 1.5, 'H': 24}",0.722056637945436,0.4362651894917857,235,115,PASS,29,86,0.8975233766382961,0.8774058851932637,-0.224213799953463,1.5125154897497821,22.374525955009208,0.18347441292274333,-0.05542562827074923,0.011763010766823023,-0.06718863903757225,-6.373947251136162,-7.726693489320808,5.044432959031482,351.4399716054851,0.3826086956521739,0.3826086956521739,33,57,25,2153,0,0.9192488199939032,0.053413841151881095,63,52,1.0416232364937832,0.7052677777854051,0.3019662291533592,-2.5624650616703653,6.101571657855581,,9,3,6.101571657855581,0.901239964373852,-3.2200231239264054,0.14148866403820426,-2.5817024822277106,-0.5713037133778318,-4.390376558176081,-1.847022900900285,-2.260564996980133
JPM,D1,momentum,0,"{'N': 24, 'k_atr': 2.0, 'R': 2.0, 'H': 48}",0.722056637945436,0.4362651894917857,190,64,PASS,30,34,1.0923647584633753,1.0751009825768003,0.09229991849093273,4.02684725456092,50.687698113873154,0.06943372174882517,0.05310754006264892,0.009489256205583087,0.04361828385706584,3.398882564009531,2.791570166852214,5.428741715667023,436.68328763927457,0.390625,0.390625,17,36,11,2096,0,1.0227063673199108,0.030534351145038167,37,27,1.1963086811581989,0.9352803303442323,1.2778579798071739,-0.48606440602548506,2.95897279883806,1.0599671947972598,9,5,1.670076836497121,0.7086570053062182,1.220485764917364,2.8759550896128916,-2.5665310356543456,2.95897279883806,-1.070515305751398,-2.886210172316651,-0.11932081459704658
JPM,D1,momentum,1,"{'N': 48, 'k_atr': 2.0, 'R': 2.0, 'H': 96}",0.722056637945436,0.4362651894917857,133,45,PASS,21,24,1.047995714244288,1.0326637102965583,0.03545298010509156,4.763349381510662,65.86212141640371,0.06186597005081625,0.030930571401874482,0.009670776415986649,0.021259794985887842,1.3918757130843518,0.9566907743649529,5.401659624130346,432.1011918799565,0.35555555555555557,0.35555555555555557,15,29,1,2057,0,1.0051507121577739,0.021876519202722412,27,18,1.0658237015124175,0.9856544553707552,0.4649924669435869,-0.10533488644658921,6.362732453584035,6.650772249588782,9,4,0.9491703393746092,-4.080795990408009,6.362732453584035,-1.041224174206125,-1.0593998788978811,-1.0782058891996518,-1.0391409984834776,0.9604281670883874,0.9831267455130666
JPM,D1,momentum,2,"{'N': 12, 'k_atr': 1.5, 'R': 1.5, 'H': 24}",0.722056637945436,0.4362651894917857,257,128,PASS,65,63,1.173448275533658,1.1466457845574916,0.2559586728823406,1.800573809187223,17.177567187158978,0.09100933409619084,0.09296017933517704,0.013282167303697866,0.0796780120314792,11.898902954902661,10.198785540029338,4.09896131613408,299.9961842454696,0.4453125,0.4453125,51,67,10,2152,0,1.09716196251691,0.05947955390334572,74,54,1.147163194451756,1.145969342172093,1.0416797652095402,1.0465470242840609,11.000290104489833,1.0785882359536496,9,5,-4.341813420544838,11.000290104489833,-0.44885154436785846,0.24911571642363595,-0.6596715128578039,-2.713485569149533,4.115407140753057,1.8338671901073782,1.1639274351754658
JPM,D1,macross,0,"{'fast': 10, 'slow': 30, 'ema_trend': 200, 'k_atr': 2.0, 'R': 2.0, 'H': 48}",0.722056637945436,0.4362651894917857,44,41,PASS,29,12,0.8603450305238447,0.8458484427621317,-0.16928891961033918,4.45480336425485,84.47550900869904,0.1112550303446612,-0.08401795630751889,0.00972566919024935,-0.09374362549776825,-3.4447362086082745,-3.8434886454084984,4.933586652619226,415.3613410652635,0.3170731707317073,0.3170731707317073,9,24,8,2057,0,0.9592771518197544,0.019931939718035974,26,15,0.5023824527951366,2.0097778946798486,-5.079167377677178,4.613386829279381,3.4385962265981327,,9,5,-4.180225660854134,0.9440674973999863,-4.029697164431742,1.7845913209025461,-4.098897534717848,-1.0438925603343434,3.4385962265981327,2.120721173797737,1.2212480562311674
JPM,D1,macross,1,"{'fast': 20, 'slow': 50, 'ema_trend': 200, 'k_atr': 2.0, 'R': 2.0, 'H': 96}",0.722056637945436,0.4362651894917857,26,25,PASS,14,11,0.5000000000000007,0.49285119855176246,-0.5651655345370292,3.4716971425822916,124.66584757477554,0.12454047829331569,-0.3999999999999995,0.009394854559086084,-0.4093948545590857,-9.999999999999988,-10.234871363977142,4.73068684017683,432.0875102925674,0.2,0.2,5,20,0,2060,0,0.900909751064244,0.012135922330097087,18,7,0.24651876633716843,1.478134543652837,-11.062005236665728,2.7312766836714246,1.9916435740993876,,8,1,-5.051827773033518,-1.0408899667025437,-2.0331612753839456,-1.011563445638824,-3.0273673489273527,-0.03301132268275997,,1.9916435740993876,-0.028693805707583175
JPM,D1,macross,2,"{'fast': 10, 'slow': 30, 'ema_trend': 100, 'k_atr': 1.5, 'R': 3.0, 'H': 48}",0.722056637945436,0.4362651894917857,49,44,PASS,27,17,1.1855685657323323,1.1627977022744325,0.14786612577505906,8.156216305384174,117.02567284101357,0.07390831153513126,0.11545982782161891,0.01278722449447408,0.10267260332714484,5.080232424151232,4.517594546394373,3.869975150286237,305.97416379322306,0.3409090909090909,0.3409090909090909,9,27,8,2065,0,1.040346469281416,0.021307506053268765,27,17,0.9709058491378587,1.535954564892591,-0.19668839737365734,2.772271780401461,4.649363275951969,1.0291678963670534,9,5,-0.3116200586159059,2.925423329866649,-4.039596219242322,2.0321107524234057,-1.1394933312778655,-4.054902645607065,4.649363275951969,3.494294898396978,0.9620145444985297
XOM,D1,trend,0,"{'ema_trend': 200, 'ema_fast': 50, 'ema_pull': 20, 'swing': 5, 'k_atr': 0.5, 'R': 2.0, 'H': 24}",0.5349903340046964,0.6100659284529986,177,94,PASS,63,31,1.1212635031818563,1.1000389506477122,0.1401337612228752,3.4410179434430757,39.36330600380514,0.08918655868451551,0.060580904663390986,0.009982227695340998,0.05059867696804999,5.694605038358753,4.756275634996699,3.3903803044112593,420.12244355524956,0.43617021276595747,0.43617021276595747,19,43,32,2147,0,1.0416885748994051,0.043782021425244524,51,43,1.2244107121481218,0.949568174459526,1.433114409139381,-0.35331779496643134,6.514800961148317,1.3697273793832256,9,4,-3.4473676903773,-0.4870607124834855,2.6610804766555525,0.5998492666126729,6.514800961148317,-2.637768864179866,-1.9050376197522898,-1.407505473962285,4.865285291335383
XOM,D1,trend,1,"{'ema_trend': 200, 'ema_fast': 50, 'ema_pull': 20, 'swing': 10, 'k_atr': 0.5, 'R': 1.5, 'H': 48}",0.5349903340046964,0.6100659284529986,177,69,PASS,46,23,1.0532201741180995,1.035908026579905,0.04664167221242203,2.3341119613468826,38.89712225175047,0.08352026823565742,0.026976467957635406,0.00857100227646167,0.01840546568117376,1.861376289076843,1.2699771320009894,3.621602285477003,511.4322973296603,0.4057971014492754,0.4057971014492754,22,34,13,2146,0,1.0083971739081592,0.03215284249767009,40,29,1.1211010985131844,0.9076181704464926,0.8508283493201519,-0.6829178674577041,5.672199914200635,4.466379568003293,9,4,-2.065098311761652,-1.610811267196915,0.6540360800348668,-0.07648601904685304,5.672199914200635,-2.086600309647534,-4.1765119935865265,0.3767967130684722,4.582452325936495
XOM,D1,trend,2,"{'ema_trend': 100, 'ema_fast': 30, 'ema_pull': 10, 'swing': 5, 'k_atr': 1.0, 'R': 3.0, 'H': 48}",0.5349903340046964,0.6100659284529986,230,70,PASS,43,27,1.1770855071682629,1.1593358340641229,0.17121989400359858,6.794546127116669,94.93202538214575,0.06752487509537158,0.08717895465802082,0.007950975846698594,0.07922797881132221,6.102526826061458,5.545958516792554,4.1323532214922984,547.6460154776245,0.4142857142857143,0.4142857142857143,7,31,32,2154,0,1.0506294263789737,0.032497678737233054,41,29,1.393823667861489,0.8414063704725276,2.12631942215329,-1.09457132196415,8.367934931392686,1.5088347498553216,9,5,-7.2935599324718,0.7649645018360571,5.243210772908373,0.8065682321198944,8.367934931392686,-1.689624337478215,-1.7046500583111763,-0.5858508316330735,1.6369652384298092
XOM,D1,breakout,0,"{'N': 20, 'k_atr': 1.0, 'R': 2.0, 'H': 24}",0.5349903340046964,0.6100659284529986,186,126,PASS,76,50,1.063230178889729,1.0384085372935903,0.06662174193023265,2.9247348190401095,24.016584382023904,0.18925965008443094,0.03806764259557931,0.014595342836117837,0.023472299759461423,4.796522967042993,2.9575097696921393,2.1514605821772825,295.950854128664,0.36507936507936506,0.36507936507936506,37,74,15,2152,0,1.0182790677216151,0.05855018587360595,75,51,1.2618649393584491,0.7609705272541906,1.6904292673992283,-1.9840595824991094,7.317925999779086,2.4743539564167985,9,4,-2.4059430032241003,3.829330378359847,7.317925999779086,2.9332631314264748,-0.5060584936740418,-2.80245115412726,-3.3840262441601983,-7.907208311656794,5.882677466969128
XOM,D1,breakout,1,"{'N': 50, 'k_atr': 1.0, 'R': 2.0, 'H': 48}",0.5349903340046964,0.6100659284529986,116,72,PASS,45,27,1.2516865296382427,1.2240850764951265,0.2771414821794995,4.0769632737324155,40.04431218066939,0.0693031056912212,0.15175318401920218,0.01466588392643743,0.13708730009276474,10.926229249382557,9.870285606679062,2.02575295143469,285.0581431653696,0.3888888888888889,0.3888888888888889,27,43,2,2118,0,1.0955019055600155,0.0339943342776204,44,28,1.2920127394222696,1.1224972166224758,1.8945633657084395,0.8457272296986392,9.869704755494988,0.9999411515322636,9,5,-5.151310539497338,-1.1431724766538207,9.869704755494988,0.9042468065716027,3.228695013900001,-3.1281231859369254,3.850426816741823,-4.0485451293658885,5.48836354542462
XOM,D1,breakout,2,"{'N': 20, 'k_atr': 1.5, 'R': 1.5, 'H': 24}",0.5349903340046964,0.6100659284529986,186,114,PASS,66,48,1.207302970717512,1.1835607424637204,0.2846864124023084,2.0245446223214616,22.41628180993629,0.1379038303350006,0.09823617252594546,0.010307099669573994,0.08792907285637143,11.198923667957782,10.023914305626343,3.0128999868283017,408.5952614168488,0.4824561403508772,0.4824561403508772,38,52,24,2153,0,1.0974728392399047,0.05294937296795169,67,47,1.6265443100774775,0.7315329658383124,3.578677955749921,-2.280510886685746,6.194781132765643,0.618000208689789,9,6,3.061829829730108,3.316663182137215,6.194781132765643,3.0529518327848923,1.6538605349546427,-1.2890563375189528,-4.27233883826082,-6.058977720594852,4.364200689628469
XOM,D1,meanrev,0,"{'N': 20, 'k_ext': 2.0, 'swing': 3, 'k_atr': 0.5, 'R': 1.5, 'H': 24}",0.5349903340046964,0.6100659284529986,76,68,PASS,24,44,0.7029026700401894,0.6847574253003798,-0.519329327318587,1.204101901677651,34.10135409784327,0.17661345317724872,-0.19874436126262232,0.015795289556012875,-0.21453965081863524,-13.514616565858319,-14.588696255667196,1.8572299967656676,277.0567320400364,0.3235294117647059,0.3235294117647059,21,45,2,2129,0,0.860231953445067,0.03193987787693753,44,24,0.7705238694623836,0.541516285751209,-2.006906319014216,-4.7205506773711425,0.9462836605478617,,9,3,0.39540664467979014,-2.1458402934321867,-3.6078225434591324,0.8766343487023429,-2.1608089349770125,0.9462836605478617,-6.136088366097967,-0.09874168044847065,-2.657719091182421
XOM,D1,meanrev,1,"{'N': 20, 'k_ext': 2.5, 'swing': 3, 'k_atr': 0.5, 'R': 1.0, 'H': 12}",0.5349903340046964,0.6100659284529986,34,32,PASS,13,19,0.9790373395190941,0.9466198762813028,-0.05542603191278894,-0.5657831917123217,59.26615528562029,0.05433837319060729,-0.010481330240452925,0.016756892746429337,-0.02723822298688225,-0.3354025676944936,-0.871623135580232,1.7941798146381878,233.29931710053307,0.5,0.5,15,16,1,1965,0,0.989750826806775,0.01628498727735369,20,12,1.1870654881426155,0.6402413573965843,1.3281026699404437,-3.3984458178160883,3.9162481583768045,,9,4,0.9760840974837373,-3.0695857788728147,-1.0332634361762452,3.9162481583768045,0.9219246759008755,0.9872087800408134,-2.09903229355595,-0.3730560694164069,-1.098151269361046
XOM,D1,meanrev,2,"{'N': 50, 'k_ext': 2.0, 'swing': 5, 'k_atr': 1.0, 'R': 1.5, 'H': 24}",0.5349903340046964,0.6100659284529986,198,110,PASS,37,73,1.0539685264376075,1.0322846675547994,0.05361437544440076,1.6856270629131425,23.054623362221665,0.12334394429663856,0.027307581451847553,0.010779913963769584,0.016527667488077966,3.003833959703231,1.8180434236885763,2.990734189956896,384.9420377916252,0.4636363636363636,0.4636363636363636,31,52,27,2154,0,1.0115417961611788,0.0510677808727948,69,41,0.918955798596489,1.2480597295549642,-0.6285957272700927,1.6301753225228441,6.191895247027805,3.4058016251697887,9,4,4.204930445952343,2.890052197551088,-3.0808290315981632,-3.5182965850389976,-3.488108302944225,6.191895247027805,-0.26210139148214306,4.51398503876353,-5.6334841945426595
XOM,D1,momentum,0,"{'N': 24, 'k_atr': 2.0, 'R': 2.0, 'H': 48}",0.5349903340046964,0.6100659284529986,191,69,PASS,23,46,0.8523725490318768,0.8390227477736466,-0.23533138634354125,3.3881050302660194,46.10612228941345,0.19293903088919379,-0.09554389436459951,0.009653658431344263,-0.10519755279594373,-6.592528711157366,-7.258631142920117,3.719672901700875,404.3985421557254,0.3333333333333333,0.3333333333333333,17,44,8,2072,0,0.9246495295958974,0.033301158301158304,34,35,1.466593341943698,0.4117729624287381,2.7695013886418685,-6.742283927132607,5.439454687849099,,9,5,3.27495377241981,1.9058947171149012,5.439454687849099,-1.0550353125699317,-1.0434529740301974,-5.038377903591005,0.07607167823632177,-12.124785050470784,1.3066452421216674
XOM,D1,momentum,1,"{'N': 48, 'k_atr': 2.0, 'R': 2.0, 'H': 96}",0.5349903340046964,0.6100659284529986,161,51,PASS,18,33,0.9401428349202547,0.9272665042513223,-0.08884585518057964,4.261163164634792,57.83898639303768,0.1605121195913709,-0.03994864984102895,0.009039200659888162,-0.04898785050091714,-2.0373811418924763,-2.498380375546774,4.103201973062369,453.3049942056027,0.3137254901960784,0.3137254901960784,16,34,1,2032,0,0.9705861322410942,0.025098425196850394,25,26,1.550397667723686,0.49202239452301055,3.248253269752002,-5.219462194564509,4.971707426597884,,9,5,0.9430246026702875,3.933935043773393,-0.022862016096775184,4.971707426597884,-2.050921363048129,-8.107088856962967,0.9171436947779201,-6.062055230617199,2.9787363233588136
XOM,D1,momentum,2,"{'N': 12, 'k_atr': 1.5, 'R': 1.5, 'H': 24}",0.5349903340046964,0.6100659284529986,290,149,PASS,69,80,0.9634631962309238,0.9429094489359268,-0.11859771343730081,1.3604356673268014,14.526437338007836,0.15787092554418342,-0.021150671252394376,0.012325734692152444,-0.03347640594454681,-3.151450016606762,-4.987984485737474,2.799412578572003,321.84506355064144,0.40268456375838924,0.40268456375838924,51,85,13,2155,0,0.9415853058980352,0.0691415313225058,80,69,1.0965488805324843,0.7853828618833166,0.7044362788771086,-1.8415072493940061,4.7093987388535625,,9,5,-0.8178821936818805,2.352470635640055,0.8672335425986839,-2.8408084741943815,4.7093987388535625,2.513514842188769,1.6129097645559134,-11.524240115745501,-1.8605812259526984
XOM,D1,macross,0,"{'fast': 10, 'slow': 30, 'ema_trend': 200, 'k_atr': 2.0, 'R': 2.0, 'H': 48}",0.5349903340046964,0.6100659284529986,42,35,PASS,21,14,1.3052612457760806,1.285121437415443,0.23892314539345902,5.814521679700352,86.09876606479682,0.06852933968447472,0.17443499758633185,0.009881077554667666,0.1645539200316642,6.105224915521615,5.759387201108247,3.8817566748492567,420.9434772996999,0.42857142857142855,0.42857142857142855,11,20,4,2106,0,1.055634833374917,0.016619183285849954,16,19,2.203371186490192,0.78936777111447,5.699749633624517,-1.7433652482857651,4.020541741721161,0.6980849874006578,9,5,-0.3932457892539871,-2.065561257397496,4.020541741721161,3.983238735433229,2.9774182464415793,-1.034956892996179,0.25661647167901647,-2.9674484085455113,0.982784354026434
XOM,D1,macross,1,"{'fast': 20, 'slow': 50, 'ema_trend': 200, 'k_atr': 2.0, 'R': 2.0, 'H': 96}",0.5349903340046964,0.6100659284529986,28,27,PASS,16,11,1.3749999999999996,1.3546712001391084,0.25844428632515637,6.850487672165436,106.01468013231607,0.0779400732747016,0.22222222222222196,0.010043048690253567,0.2121791735319684,5.999999999999993,5.728837685363147,3.737676777669236,420.43202174631483,0.4074074074074074,0.4074074074074074,11,16,0,2069,0,1.0558219998575151,0.01304978250362494,14,13,2.625068784405528,0.5914405049702693,7.25149976625244,-3.8286212144686815,2.977422815932343,0.5197254625557794,9,5,-1.0471753945818072,2.9577862466387073,2.9706951780715936,1.992640388235093,2.977422815932343,0.9823431185723608,-2.0490405134227623,-2.0466960118950492,-1.009138142187332
XOM,D1,macross,2,"{'fast': 10, 'slow': 30, 'ema_trend': 100, 'k_atr': 1.5, 'R': 3.0, 'H': 48}",0.5349903340046964,0.6100659284529986,49,44,PASS,25,19,1.030022257340246,1.0107708854241908,0.010664560609945853,7.733884220336587,110.23484161181956,0.16689113026977842,0.021152044944264148,0.013462144308442602,0.007689900635821554,0.9306899775476225,0.3383556279761484,2.883979782812993,311.67348247159845,0.29545454545454547,0.29545454545454547,9,31,4,2107,0,0.9974423008740049,0.0208827717133365,19,25,2.278246608808677,0.40567183292717107,5.555433602594307,-6.503226425742017,6.027388988961542,17.81376897737433,9,5,3.121066888228178,-3.1205030126414925,6.027388988961542,5.977651647244305,0.9698909952554349,-2.067711924469392,-7.099704263124137,-5.446769496846864,1.9770458053685724
JNJ,D1,trend,0,"{'ema_trend': 200, 'ema_fast': 50, 'ema_pull': 20, 'swing': 5, 'k_atr': 0.5, 'R': 2.0, 'H': 24}",0.6257046445221927,0.27366256174194875,158,86,PASS,61,25,0.635371790796584,0.6162670866464045,-0.6671605213244118,1.7230959964750743,45.291587206045996,0.2136428895411225,-0.205714847385297,0.014483528912870037,-0.22019837629816696,-17.691476875135542,-18.93706036164236,4.2966634384466715,299.7360087609342,0.38372093023255816,0.38372093023255816,8,45,33,2156,0,0.823595883162241,0.039888682745825604,50,36,0.47883036245991356,0.787033737397288,-5.128880569019486,-1.7038165359129696,3.6499103204520367,,9,2,-5.276917727824486,-6.882715267478348,-1.4425089059884173,3.6499103204520367,-4.298208936569777,-0.9337310143901667,-6.394639785844822,2.8595154027748473,-0.21776444677322904
JNJ,D1,trend,1,"{'ema_trend': 200, 'ema_fast': 50, 'ema_pull': 20, 'swing': 10, 'k_atr': 0.5, 'R': 1.5, 'H': 48}",0.6257046445221927,0.27366256174194875,158,68,PASS,46,22,0.8191354470463389,0.7984847750678687,-0.29659734034516905,1.560681475446257,39.502437728644495,0.1752869167217068,-0.1007103145426813,0.01310812998803349,-0.11381844453071477,-6.848301388902328,-7.739654228088604,4.906400914346833,328.2375142350834,0.38235294117647056,0.38235294117647056,17,35,16,2149,0,0.9218422540233201,0.0316426244765007,37,31,0.5817345276580208,1.0907015805807574,-4.003119379400587,0.6398305202344965,3.9491087296715945,,9,3,-1.3516724694739701,-4.944436473305518,-3.2581859210834425,0.7609787609106295,-0.42987546693419443,-0.6357182713679548,-4.098372328434978,2.268519211929226,3.9491087296715945
JNJ,D1,trend,2,"{'ema_trend': 100, 'ema_fast': 30, 'ema_pull': 10, 'swing': 5, 'k_atr': 1.0, 'R': 3.0, 'H': 48}",0.6257046445221927,0.27366256174194875,266,75,PASS,49,26,0.5929468791668943,0.5806111218123078,-0.6850902249418641,3.652703650256519,82.01935327763934,0.23792401021166198,-0.2522060315182749,0.010686312170355147,-0.26289234368863007,-18.91545236387062,-19.716925776647255,5.192016425759732,403.46582943854094,0.3466666666666667,0.3466666666666667,3,45,27,2156,0,0.8171002158649918,0.034786641929499075,46,29,0.40807089269965446,0.9353074525855404,-6.320288025503079,-0.44342120339742686,4.828268307074612,,9,3,-4.069763906879199,-6.876025649539396,-6.353742855015979,1.1995360525225738,-2.621612472718386,-3.3561389634003236,-3.6099727206885373,4.828268307074612,1.1425264319973767
JNJ,D1,breakout,0,"{'N': 20, 'k_atr': 1.0, 'R': 2.0, 'H': 24}",0.6257046445221927,0.27366256174194875,180,118,PASS,68,50,1.1082339839141915,1.0714101810620504,0.11809449143113203,2.8584848739263027,26.895733142233873,0.08861746702535019,0.05986272758887675,0.019542935927208856,0.040319791661667895,7.063801855487457,4.7577354160768115,2.8154663321252116,206.3701290591527,0.4067796610169492,0.4067796610169492,28,64,26,2120,0,1.038720064605182,0.05566037735849057,66,52,0.8736345269473095,1.3653686618654635,-0.9829600220804711,2.2248605935375303,9.332672552851442,1.961578721110785,9,4,-0.025195257039869023,0.6269360218061117,-4.24228756530341,-0.00625728022030736,-1.3861644769670218,9.332672552851442,1.6885470983252073,-2.0742254845918042,0.843709807216463
JNJ,D1,breakout,1,"{'N': 50, 'k_atr': 1.0, 'R': 2.0, 'H': 48}",0.6257046445221927,0.27366256174194875,115,66,PASS,44,22,0.9566859178631983,0.9286445909698494,-0.09920880131461268,3.629626249538466,43.93543746163213,0.15235358518903208,-0.028586594721654594,0.01945384926584107,-0.048040443987495664,-1.8867152516292032,-3.170669303174714,2.849173560512966,211.45243771125158,0.3333333333333333,0.3333333333333333,20,43,3,2054,0,0.9627771596198249,0.03213242453748783,40,26,0.5131631865058919,1.9541645048479097,-5.0181409409255995,4.997193193290396,5.874642965991951,,9,5,-5.173388180357913,-5.155874891968899,-4.189643761504007,2.855596535952797,-3.7319550658635485,0.1582676999530046,5.874642965991951,3.8529963588426996,2.3386890357792014
JNJ,D1,breakout,2,"{'N': 20, 'k_atr': 1.5, 'R': 1.5, 'H': 24}",0.6257046445221927,0.27366256174194875,180,110,PASS,63,47,1.1960441334051346,1.162290119124169,0.250061988497024,1.9363154656654884,24.489618972831913,0.06158149607933736,0.08850807907938932,0.014051106304867283,0.07445697277452203,9.735888698732825,8.190267005197423,3.841247803891733,284.21349496946107,0.4727272727272727,0.4727272727272727,32,46,32,2121,0,1.0784786542505997,0.05186232909005186,60,50,1.1276764209060892,1.203679255662296,0.8720769885287919,1.3440328939075177,5.250743571748931,0.6410955306361665,9,5,1.5729018922790319,-0.6009893582629613,-1.7177903014542946,5.184372929404718,-0.9295768637560189,5.250743571748931,3.0318896191910483,-3.9975940358143074,0.39630955186127803
JNJ,D1,meanrev,0,"{'N': 20, 'k_ext': 2.0, 'swing': 3, 'k_atr': 0.5, 'R': 1.5, 'H': 24}",0.6257046445221927,0.27366256174194875,60,55,PASS,17,38,0.9987296764831727,0.9597686164251505,-0.05076223067279772,2.1605782106603044,43.40398986661168,0.09083105528946273,-0.000720384628564866,0.02262671701461352,-0.023347101643178398,-0.03962115457106763,-1.2840905903748119,2.959780913008956,183.09472405098282,0.41818181818181815,0.41818181818181815,20,31,4,2103,0,0.983475193753035,0.02615311459819306,17,38,1.3101369248912884,0.8345515343057501,1.9958441428835816,-1.3701907961866373,4.8949730756309915,,8,5,-3.2567821297360524,0.8824949277599019,4.8949730756309915,0.08558317070833454,,1.2250756763028783,1.7896856514612192,-5.231320758995692,-1.6738002035063932
JNJ,D1,meanrev,1,"{'N': 20, 'k_ext': 2.5, 'swing': 3, 'k_atr': 0.5, 'R': 1.0, 'H': 12}",0.6257046445221927,0.27366256174194875,22,19,PASS,5,14,1.0078947523081858,0.9609642624113091,-0.0316583129049264,-0.6753500005354492,97.52196972138324,0.03144057558295991,0.0037396195144038537,0.022635633438016497,-0.018896013923612627,0.07105277077367322,-0.3590242645486399,2.9825541218584988,180.59168000493966,0.5263157894736842,0.5263157894736842,9,9,1,1801,0,0.9955201006831847,0.010549694614103275,6,13,0.6543141971068217,1.1151904413226827,-2.843032689247567,0.8316032996611895,1.9537106145430323,,8,3,-1.0119122653039636,-0.010015903715434968,0.9884980826803431,-1.0305089183301224,,1.9101454006502019,1.9537106145430323,-0.08803341868993209,-3.070907856382764
JNJ,D1,meanrev,2,"{'N': 50, 'k_ext': 2.0, 'swing': 5, 'k_atr': 1.0, 'R': 1.5, 'H': 24}",0.6257046445221927,0.27366256174194875,193,101,PASS,32,69,0.8560277950953596,0.8289569058873695,-0.29439846834637723,1.2234551213241796,28.13076323106946,0.137758318935969,-0.0726337469521385,0.015178947093656598,-0.08781269404579509,-7.336008442165989,-8.869082098625304,3.7855527348490625,264.8040587147724,0.42574257425742573,0.42574257425742573,22,48,31,2135,0,0.9102486573145012,0.047306791569086654,50,51,0.9429124386696334,0.7266584424931267,-0.4213600483013584,-2.292247464956765,3.1914517038044554,,9,4,-3.519540347000629,1.1876758735992703,3.1914517038044554,-2.5927323833492784,0.33284998299957147,1.7312597981219608,-1.7551712924770282,-6.76889617843573,-0.6759792558879001
JNJ,D1,momentum,0,"{'N': 24, 'k_atr': 2.0, 'R': 2.0, 'H': 48}",0.6257046445221927,0.27366256174194875,201,74,PASS,40,34,1.034272378128347,1.0135888958973256,0.018653019978604194,3.6576016724070515,41.1835051019394,0.10974975214096908,0.021316379474027435,0.01275312896221778,0.008563250511809634,1.5774120810780303,0.633680537873913,4.361246188877075,320.22910547720466,0.35135135135135137,0.35135135135135137,22,46,6,2113,0,0.9995000314488388,0.03502129673450071,40,34,1.3797984920560107,0.7056236287724621,2.318784146119643,-2.5921939420496267,4.4404991523067086,7.0074728304031595,9,3,-0.07058236578451993,-0.02684797623684987,4.4404991523067086,-0.1324592524641346,3.8797647752883657,-1.110839760120217,0.8824944097587957,-2.1399755927849564,-5.088372852089279
JNJ,D1,momentum,1,"{'N': 48, 'k_atr': 2.0, 'R': 2.0, 'H': 96}",0.6257046445221927,0.27366256174194875,139,45,PASS,19,26,1.1376260599987125,1.115877742368583,0.12082243708463816,5.009014424541341,65.23024338012274,0.061637111834960644,0.08602775893129563,0.01265535598585438,0.07337240294544126,3.8712491519083034,3.301758132544857,4.283959285352381,311.47885466246646,0.35555555555555557,0.35555555555555557,16,27,2,2055,0,1.0288816241972745,0.021897810218978103,28,17,1.1463945296585403,1.068445551920857,0.996390122735312,0.48237275007001673,4.8970605068417505,1.483167545972637,9,4,-1.5662083068542312,-2.096660866751641,-1.6311570506857076,4.8970605068417505,2.93520661078155,-2.1186496583327026,2.9080787641603547,0.9842132303933875,-1.0101250970079048
JNJ,D1,momentum,2,"{'N': 12, 'k_atr': 1.5, 'R': 1.5, 'H': 24}",0.6257046445221927,0.27366256174194875,264,127,PASS,61,66,1.0215818352816743,0.9906779418389053,-0.017240590010065462,1.5657985539771586,18.248456349423314,0.09973201293635053,0.011776984021070443,0.016955367286905568,-0.005178383265835158,1.4956769706759463,-0.657654674761065,3.3290477637062708,240.02095851672092,0.41732283464566927,0.41732283464566927,44,67,16,2148,0,0.9850294459830865,0.059124767225325885,79,48,0.8898042225126709,1.1671197159295816,-0.8742730919608056,1.1695002746649719,8.232105405335233,,9,4,-3.889206767275666,-3.343343648572363,4.026482663336284,3.753945167295651,-5.4941533294328355,8.232105405335233,4.869889248222968,-3.0585734513483818,-5.754799962321954
JNJ,D1,macross,0,"{'fast': 10, 'slow': 30, 'ema_trend': 200, 'k_atr': 2.0, 'R': 2.0, 'H': 48}",0.6257046445221927,0.27366256174194875,43,37,PASS,25,12,1.0255964047662613,1.0054702858520879,0.005380114483176752,4.883319370879801,84.44797428093253,0.07784317347556532,0.01564681744549147,0.012259192613587837,0.0033876248319036155,0.5789322454831844,0.12534211878043378,4.3364096051815295,324.09479429021866,0.3783783783783784,0.3783783783783784,9,22,6,2109,0,0.9980322705470295,0.017543859649122806,22,15,1.283590152267237,0.7125082791674179,1.8073478354903676,-2.470623819066816,3.9782454284553985,31.73909510357183,9,5,3.9782454284553985,-4.554840431020333,1.7291866496993418,2.956751432508055,-0.7759150510566566,-4.0604165778706,-2.0746820198136975,1.949567617545579,0.9774450703333466
JNJ,D1,macross,1,"{'fast': 20, 'slow': 50, 'ema_trend': 200, 'k_atr': 2.0, 'R': 2.0, 'H': 96}",0.6257046445221927,0.27366256174194875,36,31,PASS,18,13,0.6640516322363758,0.6515820137929549,-0.384195316181604,4.1431394973545315,103.70049794693846,0.09889278930183712,-0.23841497067095907,0.011684969585423218,-0.25009994025638227,-7.390864090799731,-7.753098147947851,4.588694508614253,365.9849532677147,0.2903225806451613,0.2903225806451613,7,22,2,2037,0,0.9230796075623625,0.01521845851742759,18,13,0.704525367702565,0.588219726893079,-2.48029230515001,-3.8727876115094797,1.981995019904741,,9,5,0.5080539027353282,-4.076328144249201,0.05902067730771221,1.981995019904741,-2.0547365072934323,-5.070072948455927,0.9700685169260193,0.9391409825444708,-1.0102396473675619
JNJ,D1,macross,2,"{'fast': 10, 'slow': 30, 'ema_trend': 100, 'k_atr': 1.5, 'R': 3.0, 'H': 48}",0.6257046445221927,0.27366256174194875,52,49,PASS,28,21,1.0436357702121843,1.0195306696192654,0.02063188131990087,6.97088605687635,95.2240046902318,0.08983519623985937,0.03012081307471251,0.016410650200623555,0.013710162874088948,1.475919840660913,0.6717979808303585,3.254499465054039,248.70662677069112,0.30612244897959184,0.30612244897959184,8,33,8,2109,0,1.0004571088658145,0.023233760075865337,30,19,1.0008468657398146,1.045915854921249,0.005909935663524495,0.3021809231982227,2.9183403425694916,4.344074298887217,9,7,1.9709939046071983,-5.424961111831527,0.6126483550021895,1.8844738924113187,0.9738986533849983,-4.0805554371608,0.8613298407550574,2.9183403425694916,0.9556295410924331
WMT,D1,trend,0,"{'ema_trend': 200, 'ema_fast': 50, 'ema_pull': 20, 'swing': 5, 'k_atr': 0.5, 'R': 2.0, 'H': 24}",0.7655482218302505,0.2573966396131769,171,88,PASS,76,12,1.4164476553687237,1.381806734200568,0.45760058810257,4.02476928601043,40.06724377766979,0.10625205224542254,0.19341480434979308,0.013420325947632568,0.17999447840216048,17.02050278278179,15.839514099390122,1.4626049406228532,311.61704556217836,0.45454545454545453,0.4659090909090909,23,38,27,2131,0,1.1634122201068897,0.041295166588456125,53,35,0.9746239466430553,2.2524721475379157,-0.17729974114563127,5.772350479911143,6.932539037267721,0.4376737186360185,9,5,-4.409537316845762,6.6607699172686585,4.592596317255646,-0.2477457925265134,-7.31337246481886,3.4740199646917294,6.932539037267721,-0.07361799289913096,6.223862429996635
WMT,D1,trend,1,"{'ema_trend': 200, 'ema_fast': 50, 'ema_pull': 20, 'swing': 10, 'k_atr': 0.5, 'R': 1.5, 'H': 48}",0.7655482218302505,0.2573966396131769,171,69,PASS,60,9,1.2109174758949146,1.1870513309104223,0.23339781052632946,2.5230097984504205,35.33556653340962,0.12155623244972781,0.1072355261658001,0.011012516339506229,0.09622300982629382,7.399251305440207,6.639387678014274,1.910988011982358,406.20396542697944,0.463768115942029,0.463768115942029,25,34,10,2137,0,1.0635801246567569,0.03228825456247075,42,27,0.7528962715595395,2.2799406358194227,-2.1089688992309266,6.4190238991453645,6.412122351288182,0.9657701375868346,9,6,-3.5548645253319178,3.44353290757394,3.6587687572026235,-3.102650729410956,-6.72205982340946,0.4159141042377168,6.412122351288182,0.7754436614738716,5.313180974390277
WMT,D1,trend,2,"{'ema_trend': 100, 'ema_fast': 30, 'ema_pull': 10, 'swing': 5, 'k_atr': 1.0, 'R': 3.0, 'H': 48}",0.7655482218302505,0.2573966396131769,245,78,PASS,56,22,0.9994544437439788,0.9809236128252583,-0.02397385632208087,6.1063550406836535,80.10561542778838,0.17418272839006677,-0.00030121916475357193,0.01035437796961476,-0.010655597134368347,-0.02349509485077861,-0.8311365764807311,1.9355813778881092,402.7386774732255,0.3717948717948718,0.3717948717948718,8,40,30,2124,0,0.9847525898641649,0.03672316384180791,45,33,0.644626816403012,1.5289169518499537,-2.835656649982037,2.7451904554826503,9.280861112754122,,9,5,0.7593740413097865,1.996250320356368,-3.7771378448651967,-7.138911202708874,-1.4344966588238044,-4.030981360738422,9.280861112754122,0.8965565827413725,2.6173484334939183
WMT,D1,breakout,0,"{'N': 20, 'k_atr': 1.0, 'R': 2.0, 'H': 24}",0.7655482218302505,0.2573966396131769,167,112,PASS,72,40,1.1840022683666978,1.1491262999658947,0.23279658365675251,3.184652467074949,27.0393546150769,0.1819457393082339,0.1044573932183994,0.018238845254744927,0.08621854796365448,11.699228040460733,9.656477371929302,1.2035014288932402,221.74873728733868,0.4017857142857143,0.4017857142857143,33,61,18,2125,0,1.0902768206575348,0.05270588235294118,59,53,1.0627400949749715,1.25205606769266,0.4428233900290294,1.6216635701537914,11.446220560061374,1.1853412087242838,9,4,2.723890779708122,10.137346077795714,-4.344800075277632,-3.037463851659893,-3.2701373373710667,-5.144901113502424,11.446220560061374,2.1424831582417534,-0.9961608260666454
WMT,D1,breakout,1,"{'N': 50, 'k_atr': 1.0, 'R': 2.0, 'H': 48}",0.7655482218302505,0.2573966396131769,104,63,PASS,46,17,1.294193369079234,1.2600159713956194,0.2963865560792224,4.286064894903157,45.80538268743323,0.12713520465450304,0.17278023263383566,0.01758124406775833,0.15519898856607733,10.885154655931647,9.777536279662872,1.2785283337382793,238.07727678717785,0.4126984126984127,0.4126984126984127,22,37,4,2119,0,1.0956527291116807,0.02973100519112789,33,30,1.1787925763582248,1.3553095104071626,1.218441776383553,2.2242162513560513,8.222686192932185,0.8409773134808252,9,4,5.885668683855617,8.222686192932185,-5.103661226628718,-5.1526129995378485,-0.2225039870133465,-0.5496704060217952,7.7965955981529085,-2.111003156948999,1.012037580872869
WMT,D1,breakout,2,"{'N': 20, 'k_atr': 1.5, 'R': 1.5, 'H': 24}",0.7655482218302505,0.2573966396131769,167,103,PASS,65,38,1.0803867127495943,1.0536227458851986,0.08561335288348142,1.838493973217136,24.539644363016798,0.1630849996978351,0.04034812106763398,0.013057362319800491,0.0272907587478335,4.1558564699663005,2.8109481510268504,1.5760555504663571,314.5597873808523,0.44660194174757284,0.44660194174757284,31,49,23,2125,0,1.0219771904337343,0.04847058823529412,56,47,1.0664104412459936,1.0385794383458509,0.475511500705887,0.2783315036138924,8.75729069457242,3.1154223500612606,9,4,1.7621506002129323,7.12663470603912,-1.578811572703543,-3.282470939834834,-2.145784404996479,-8.60688078745242,8.75729069457242,1.379047399615065,-0.6002275444254127
WMT,D1,meanrev,0,"{'N': 20, 'k_ext': 2.0, 'swing': 3, 'k_atr': 0.5, 'R': 1.5, 'H': 24}",0.7655482218302505,0.2573966396131769,73,59,PASS,11,48,1.0509820153065825,1.0104872146283075,0.013098285836293909,2.3403773241263575,41.5448665492433,0.12226754491105582,0.02808696990271557,0.022162433007393467,0.005924536895322113,1.6571312242602185,0.34954767682400467,0.9547160760789524,177.76828787429702,0.4067796610169492,0.4067796610169492,22,32,5,2159,0,0.9993537236538894,0.02732746641963872,27,32,1.9567914615575683,0.5690929176728544,4.966663792185047,-4.343539145803393,3.6090638339787633,10.324954429023148,9,6,2.4118324465245524,0.2892971915813125,2.9863575384696093,0.8471196374074794,3.6090638339787633,-1.6160140264410854,-9.34758896486568,2.960601856994838,-1.7911218368257842
WMT,D1,meanrev,1,"{'N': 20, 'k_ext': 2.5, 'swing': 3, 'k_atr': 0.5, 'R': 1.0, 'H': 12}",0.7655482218302505,0.2573966396131769,32,28,PASS,6,22,0.834708178081295,0.7946944499309162,-0.19102392814109612,-1.4907553300273293,92.33038315994504,0.07365151492441702,-0.0735729380171132,0.020332238575011652,-0.09390517659212484,-2.06004226447917,-2.6293449445794956,1.2142826149151986,207.47065807537894,0.4642857142857143,0.4642857142857143,10,12,6,2127,0,0.9729557769440409,0.013164080865068171,12,16,3.175624031953437,0.2798422679197996,8.213977627027164,-9.30907681785812,1.9653550281012029,,7,3,1.7777293280719544,-0.10857462672168372,1.9653550281012029,,1.319392731739849,,-5.259107492680448,-1.0535806304681314,-1.2705592826222392
WMT,D1,meanrev,2,"{'N': 50, 'k_ext': 2.0, 'swing': 5, 'k_atr': 1.0, 'R': 1.5, 'H': 24}",0.7655482218302505,0.2573966396131769,230,106,PASS,22,84,0.8661950800630863,0.8413211451004841,-0.2760806546566844,1.314489094923282,26.710928447590117,0.15382370341870275,-0.06796838189199556,0.013975029317333491,-0.08194341120932906,-7.204648480551529,-8.68600158818888,1.5134451432846738,294.4823831665312,0.4339622641509434,0.4339622641509434,25,51,30,2159,0,0.9115351793468238,0.04909680407596109,50,56,1.3839384810661777,0.5451013796496399,2.2558528208147957,-4.512184812147344,4.349111211957503,,9,5,-0.8615238407592605,3.6314956232676794,-2.7692180130172965,4.349111211957503,3.0717580603621357,0.005894933549067671,-14.344962777584191,2.2112012792521303,-3.9797580652166475
WMT,D1,momentum,0,"{'N': 24, 'k_atr': 2.0, 'R': 2.0, 'H': 48}",0.7655482218302505,0.2573966396131769,177,72,PASS,35,37,0.9654333090741978,0.9473974893261299,-0.07316558574141756,3.603364796813985,44.54874366938601,0.10241275158950439,-0.021512155996156038,0.01163420392645164,-0.03314635992260768,-1.5488752317232346,-2.3865379144277528,1.6187943862368641,352.7183814000674,0.3611111111111111,0.3611111111111111,19,44,9,2130,0,0.9703284278359957,0.03380281690140845,40,32,1.044972750018702,0.833291500699867,0.32054717115533143,-1.3215614438269878,2.948381858858215,,9,4,-0.06868382114650617,-0.43827217754698466,1.0425170844977003,-1.323085526140434,1.8873843144603688,-6.452831881878596,2.2523629692092326,-2.2343107347407485,2.948381858858215
WMT,D1,momentum,1,"{'N': 48, 'k_atr': 2.0, 'R': 2.0, 'H': 96}",0.7655482218302505,0.2573966396131769,122,42,PASS,20,22,0.878457342250658,0.8629257831866205,-0.15706023103769481,4.439384502286783,72.4505116414346,0.09926236320913409,-0.08102843849956134,0.011398902810794146,-0.09242734131035547,-3.4031944169815764,-3.88194833503493,1.6234363491254697,365.6686707955915,0.3333333333333333,0.3333333333333333,12,28,2,2017,0,0.9582822562520363,0.020823004462072386,23,19,0.7434949065879842,1.0220946976531446,-2.142858829476924,0.15796717919126255,2.0622599089756957,,9,3,-0.03441166269241447,-1.050323549101191,2.0622599089756957,-3.0828264496939397,-2.0448830829703146,-3.0774293873482685,1.9436498425212494,1.429129882602067,-0.02711383732781325
WMT,D1,momentum,2,"{'N': 12, 'k_atr': 1.5, 'R': 1.5, 'H': 24}",0.7655482218302505,0.2573966396131769,285,129,PASS,56,73,1.013941029454366,0.986485346057038,-0.025372397301284197,1.512599446650287,18.006118042048932,0.10362903286722562,0.0076120087813646735,0.015105363844697257,-0.007493355063332589,0.9819491327960429,-0.966642803169904,1.2255025020319295,280.5239853942214,0.4263565891472868,0.4263565891472868,42,67,20,2151,0,0.9820220143320407,0.0599721059972106,76,53,0.9635691525939227,1.0192348650785426,-0.28041197056538847,0.14403466964596925,2.6652524390097083,,9,5,-1.6551844657933683,1.199944282430766,-4.0656263846071345,2.6652524390097083,0.3225951921184004,2.5675584704508285,2.482367226818013,-0.9374203929164464,-3.546129170680671
WMT,D1,macross,0,"{'fast': 10, 'slow': 30, 'ema_trend': 200, 'k_atr': 2.0, 'R': 2.0, 'H': 48}",0.7655482218302505,0.2573966396131769,37,32,PASS,28,4,2.722532413703807,2.673197547739301,0.8140851577280768,7.727241693524536,94.07418159259399,0.03885010148979074,0.6459496551389277,0.011184436801593579,0.6347652183373341,20.670388964445685,20.312486986794692,1.6601070790504853,331.71131488483445,0.625,0.625,15,12,5,2136,0,1.2207673064092972,0.0149812734082397,18,14,1.6303164202183136,5.797780735204132,3.4935573238214532,13.019822934305672,5.960197207763426,0.2934252812882143,9,6,1.9930981906370584,4.73010923963768,-0.87043348158102,-0.08494884282053872,-0.030694938504428393,1.9453450891088313,5.960197207763426,5.531884320697098,1.1379302018565842
WMT,D1,macross,1,"{'fast': 20, 'slow': 50, 'ema_trend': 200, 'k_atr': 2.0, 'R': 2.0, 'H': 96}",0.7655482218302505,0.2573966396131769,18,17,PASS,11,6,0.9809556710554416,0.9620454619734645,-0.027428310907961894,6.58691877769517,175.05450491413148,0.056735687952556485,-0.011202546437975539,0.011397600522664406,-0.02260014696063995,-0.19044328944558414,-0.38420249833087916,1.452480804609145,310.3341340646038,0.4117647058823529,0.4117647058823529,4,10,3,1803,0,0.9948082921092071,0.009428729894620078,13,4,0.5959868883914993,4.254700568374235,-3.7370446106353548,9.0317635922065,1.980807763568316,,8,5,1.0561885797177624,-1.0133843298791185,0.3973740481972322,-2.073456834673744,-2.047246299729175,0.9730820863652334,1.980807763568316,0.34243248810261484,
WMT,D1,macross,2,"{'fast': 10, 'slow': 30, 'ema_trend': 100, 'k_atr': 1.5, 'R': 3.0, 'H': 48}",0.7655482218302505,0.2573966396131769,48,45,PASS,27,18,1.4022153587941877,1.3729822323982428,0.31133875237409303,8.161368976450339,107.53680464633193,0.07435314917548412,0.24437502245797396,0.014365032256417673,0.23000999020155632,10.996876010608828,10.350449559070034,1.2931880844995476,279.55106419479074,0.37777777777777777,0.37777777777777777,10,26,9,2144,0,1.101965176733199,0.020988805970149255,27,18,0.9762929841741531,2.180164690376042,-0.16212766965501804,5.202623651136213,6.679813363401916,0.6453645636626902,9,6,-1.7005401426369688,3.8802189993567264,0.9301286862611091,-3.852557968917151,0.30164797966235923,-0.5436195883507458,3.932595156065796,6.679813363401916,0.722763074226992
CAT,D1,trend,0,"{'ema_trend': 200, 'ema_fast': 50, 'ema_pull': 20, 'swing': 5, 'k_atr': 0.5, 'R': 2.0, 'H': 24}",0.8042741082921548,0.4335888134064632,135,73,PASS,52,21,1.1736568707952557,1.155127328926123,0.18977392460384238,4.067588424882417,48.75346579253518,0.07664747705901995,0.08754265404181036,0.008580414680103336,0.07896223936170699,6.390613745052156,5.76424347340461,10.202963903472778,484.3360660530698,0.410958904109589,0.410958904109589,15,31,27,2123,0,1.0535884167834415,0.03438530381535563,44,29,0.9612864627113656,1.4566856404161,-0.27482084651010813,2.690108951913624,4.156108764364893,0.7210154781873076,9,6,-3.13548238277928,-3.9171076117303096,3.262695987140628,1.2713775084209666,1.6428618083208653,-1.0979545774536885,0.3408477895464189,3.240896187574118,4.156108764364893
CAT,D1,trend,1,"{'ema_trend': 200, 'ema_fast': 50, 'ema_pull': 20, 'swing': 10, 'k_atr': 0.5, 'R': 1.5, 'H': 48}",0.8042741082921548,0.4335888134064632,135,65,PASS,48,17,1.0897342247747601,1.0752256176255512,0.0970802943989453,2.5095204795396926,37.40474622289082,0.09004095671355099,0.04847643442706748,0.007530815447548759,0.040945618979518726,3.150968237759386,2.661465233668717,14.244198050552967,608.9958037836051,0.4307692307692308,0.4307692307692308,24,32,9,2107,0,1.0223841628647818,0.030849549121974372,37,28,0.8478602393168899,1.418074594171615,-1.227691476500553,2.672270663432573,4.956405648595789,1.8622845738862397,9,4,-2.8590916019194816,-4.015379347482132,3.235204917834965,-0.10306114065345229,0.5059250655777185,-3.0638963139911386,-0.5693584806978191,4.956405648595789,4.574716486404268
CAT,D1,trend,2,"{'ema_trend': 100, 'ema_fast': 30, 'ema_pull': 10, 'swing': 5, 'k_atr': 1.0, 'R': 3.0, 'H': 48}",0.8042741082921548,0.4335888134064632,217,68,PASS,43,25,1.067614483860075,1.0553163148919538,0.06406051533775288,6.65500121340755,82.10584490318186,0.14514512652955633,0.04113054925080882,0.007208269986101824,0.033922279264706985,2.796877349055,2.306714990000075,12.36073163063557,589.4024036176309,0.3382352941176471,0.3382352941176471,11,38,19,2109,0,1.0155345263126703,0.03224276908487435,38,30,0.5976810134942708,1.743391161087101,-3.5124613055804046,3.640393323321278,9.948451662187253,4.312822219179723,9,4,-4.488601496985927,-8.5307586116737,4.914609509975944,2.999148382658073,-4.970026332433659,-1.5351001568165452,-3.03844137774895,9.948451662187253,7.007433410837587
CAT,D1,breakout,0,"{'N': 20, 'k_atr': 1.0, 'R': 2.0, 'H': 24}",0.8042741082921548,0.4335888134064632,172,111,PASS,72,39,1.5606960790914077,1.5289226921654888,0.6982376743903801,3.5821084565345713,26.467017983946285,0.07820126639156239,0.28342225468608306,0.012511203929776914,0.27091105075630617,31.45987027015522,30.071126633949984,7.029252705038971,343.2618564231531,0.45045045045045046,0.45045045045045046,40,54,17,2122,0,1.3361173141888463,0.05230914231856739,63,48,1.0944526938357437,2.29518667222641,0.6500653819692475,6.158683164019004,11.732083407025161,0.39014445816538723,9,6,-2.321097617724823,-0.3182771544060139,4.732919438646009,1.9792202010059738,-0.6458488688409266,3.4272952171872735,7.558368155094847,11.732083407025161,3.9264638559624805
CAT,D1,breakout,1,"{'N': 50, 'k_atr': 1.0, 'R': 2.0, 'H': 48}",0.8042741082921548,0.4335888134064632,113,64,PASS,47,17,2.1916497271217983,2.1497676939373336,0.9734459403329363,4.859189164217032,40.040949332695696,0.06881939804495331,0.5399662826020649,0.012420210797216346,0.5275460718048486,34.557842086532155,33.76294859551031,7.117515459392891,357.15292472074617,0.546875,0.546875,30,29,5,2006,0,1.3911310883210808,0.031904287138584245,34,30,1.1586556640236154,4.355797530558117,1.0672177846955202,11.744880711518109,9.90859934142166,0.2934755331985215,9,6,-1.049886773419908,-3.0039864837259445,2.1149093966263166,-0.07598327686804174,5.229609172476207,8.843490469390808,9.90859934142166,6.869433467569015,4.926763282040198
CAT,D1,breakout,2,"{'N': 20, 'k_atr': 1.5, 'R': 1.5, 'H': 24}",0.8042741082921548,0.4335888134064632,172,106,PASS,67,39,1.4397776744971418,1.4161112520353631,0.5751188029624514,2.3936311411022637,23.153016959863347,0.06847009484473557,0.19675677358852375,0.00883990068304947,0.18791687290547426,20.856218000383517,19.91918852798027,9.597608806181313,470.71999476156185,0.5,0.5,41,45,20,2123,0,1.2117874465043306,0.04992934526613283,58,48,1.0946810636542814,1.88661135498265,0.6647434238544105,4.8026772302407785,8.29047752936106,0.4162055857705005,9,7,-2.2389018118533737,-1.488887365533731,4.464090863526688,1.2974053426615149,0.6590556430926318,4.19447398427025,2.277409232289404,8.29047752936106,2.464065110165822
CAT,D1,meanrev,0,"{'N': 20, 'k_ext': 2.0, 'swing': 3, 'k_atr': 0.5, 'R': 1.5, 'H': 24}",0.8042741082921548,0.4335888134064632,98,78,PASS,22,56,0.9547959362801808,0.9317818637837332,-0.10708538281124698,1.786149296418221,28.397938830968926,0.16923529406015894,-0.02578413826952077,0.013727639910457121,-0.0395117781799779,-2.01116278502262,-3.081918698038276,7.126619195277854,301.0132465754127,0.3974358974358974,0.3974358974358974,26,43,9,1975,0,0.9645562799727736,0.03949367088607595,36,42,1.7063102276421598,0.4977133685192221,4.113227817877365,-5.298340093603795,4.92943495949426,,9,6,4.763831457839579,0.30097199894074,0.25572973466680704,4.92943495949426,1.210269598611433,-0.37382407887851743,-4.379236893441491,-10.5885167988666,0.7994213235955139
CAT,D1,meanrev,1,"{'N': 20, 'k_ext': 2.5, 'swing': 3, 'k_atr': 0.5, 'R': 1.0, 'H': 12}",0.8042741082921548,0.4335888134064632,41,37,PASS,9,28,0.9034368882977302,0.8765593016783124,-0.13912890123003654,-0.6417028990742846,55.81583450296279,0.08527041163256294,-0.045175733924250214,0.013475597955212712,-0.05865133187946293,-1.671502155197258,-2.1700992795401284,7.9247574614677205,300.3931724573086,0.4594594594594595,0.4594594594594595,15,16,6,1913,0,0.9769657215736107,0.01934134866701516,17,20,2.195712228706688,0.3849196228780386,5.999705499725444,-7.184195040370268,2.266782201230736,,9,4,1.9702381481961855,2.266782201230736,-0.44798231120215604,0.9608450739394074,0.9573566475375526,-0.5754229093682787,-1.0534105482116616,-4.222826126069674,-2.0256794555922397
CAT,D1,meanrev,2,"{'N': 50, 'k_ext': 2.0, 'swing': 5, 'k_atr': 1.0, 'R': 1.5, 'H': 24}",0.8042741082921548,0.4335888134064632,267,125,PASS,34,91,0.7708488715340537,0.7560806127725779,-0.49435843851823896,1.0286186192100095,21.228735949493867,0.26728524600118264,-0.12324152309563312,0.00941326507624446,-0.13265478817187754,-15.40519038695414,-16.58184852148469,10.071504367613784,433.9043485259599,0.376,0.376,26,61,38,2116,0,0.8415488265777468,0.05907372400756144,60,65,1.423555279923505,0.37639747026283327,2.531884174592313,-7.40861471909745,7.078798881297369,,9,4,7.078798881297369,2.430773409139366,-1.476307290449969,1.7605804028314238,0.6462844985657017,-4.289403364867192,-3.7766163772134513,-12.01225514599085,-6.943703534797093
CAT,D1,momentum,0,"{'N': 24, 'k_atr': 2.0, 'R': 2.0, 'H': 48}",0.8042741082921548,0.4335888134064632,163,64,PASS,29,35,1.0409208743504361,1.027914696498144,0.0356521408637911,3.9634320923860087,47.76801871090888,0.056958034919604945,0.025737415770251168,0.008036264474402342,0.017701151295848823,1.6471946092960748,1.1328736829343247,9.446647581005678,500.1518710207776,0.359375,0.359375,19,40,5,2118,0,1.0053761958081682,0.030217186024551465,40,24,0.996389787592085,1.0810241342511957,-0.0264528330120035,0.5740183602270226,4.93962752602093,4.360263284805505,9,4,1.549583417984151,1.9090186312907436,-1.1718219451091572,-2.3103173080921895,-0.06840319631247249,4.93962752602093,-3.8539153921824623,1.9670467709208617,-1.8279448215860798
CAT,D1,momentum,1,"{'N': 48, 'k_atr': 2.0, 'R': 2.0, 'H': 96}",0.8042741082921548,0.4335888134064632,94,40,PASS,22,18,2.378901016915732,2.349437273859218,0.8403335874176847,6.427860440824896,66.28243947794,0.049887550352327614,0.6205054576120792,0.008324512315663052,0.6121809452964161,24.82021830448317,24.487237811856644,8.682933421970475,472.4404303742426,0.55,0.55,21,18,1,2098,0,1.2710067509818204,0.019065776930409915,28,12,1.4815386818499805,9.292416782155438,2.913131096698934,18.888897043812825,7.964351466281626,0.32524499200254064,9,8,3.9608888105168205,0.9276779476465058,2.9708584974158816,-1.0349817410980047,0.9427531216398097,2.9717852976455825,7.964351466281626,4.967507898068023,0.8163965137404033
CAT,D1,momentum,2,"{'N': 12, 'k_atr': 1.5, 'R': 1.5, 'H': 24}",0.8042741082921548,0.4335888134064632,277,131,PASS,61,70,1.1760650580997338,1.1553203465895143,0.27296325690771106,1.8133257689338178,16.692567960215037,0.09384861838306174,0.09422298153493724,0.010228955696493361,0.08399402583844388,12.343210581076779,11.003217384836148,7.45963823814094,383.7879996428338,0.44274809160305345,0.44274809160305345,53,69,9,2147,0,1.105759226114897,0.061015370284117375,81,50,1.2259965877188657,1.0550646945191025,1.538961900230022,0.4135052158443864,7.466490539561269,0.6785733916200779,9,5,-1.6551762618954078,7.466490539561269,-3.287000631165809,0.45327695614716434,6.412699019123713,-2.027932572342217,2.3272379266266445,-1.111900891471997,2.425523300252789
CAT,D1,macross,0,"{'fast': 10, 'slow': 30, 'ema_trend': 200, 'k_atr': 2.0, 'R': 2.0, 'H': 48}",0.8042741082921548,0.4335888134064632,41,32,PASS,18,14,0.9627786508298761,0.951581950707327,-0.045958698777504255,5.4793023822547555,95.83679742517404,0.05033053760217149,-0.024426510392893834,0.007590113060688801,-0.03201662345358261,-0.7816483325726027,-1.0245319505146435,8.972733311704403,532.5365486449329,0.34375,0.34375,10,21,1,2050,0,0.986808244037527,0.015609756097560976,24,8,0.7105277944029968,1.9738904637021912,-2.48343770615522,4.86283104962847,2.9726820920534998,,9,4,-3.0393832512094754,0.9320070944394425,-1.003451342996196,-2.0167062591089264,0.17098907285813758,2.9726820920534998,-0.025329104728577523,-1.0095776836957615,1.9942374318732132
CAT,D1,macross,1,"{'fast': 20, 'slow': 50, 'ema_trend': 200, 'k_atr': 2.0, 'R': 2.0, 'H': 96}",0.8042741082921548,0.4335888134064632,27,26,PASS,15,11,1.4666666666666666,1.4495762303186006,0.3267569688149721,6.765549245692819,97.52040462140036,0.07882594920247424,0.2692307692307692,0.007869119943298506,0.26136164928747063,7.0,6.795402881474237,9.084921628549267,495.6848847494773,0.4230769230769231,0.4230769230769231,11,15,0,1851,0,1.0671950098108574,0.014046461372231226,20,6,1.0648197899236824,3.946634364619673,0.4590256995125421,10.154982744317842,3.979036728473155,0.5855483181609267,7,5,2.9800558708944527,-3.051412475358922,,-3.0251882360716476,3.9454948306354014,3.979036728473155,0.9847234273618253,0.9826927355399733,
CAT,D1,macross,2,"{'fast': 10, 'slow': 30, 'ema_trend': 100, 'k_atr': 1.5, 'R': 3.0, 'H': 48}",0.8042741082921548,0.4335888134064632,49,44,PASS,21,23,0.895273402722483,0.8823876953713434,-0.12465815420601332,7.666497379311219,119.36779896632551,0.10641725187000121,-0.07378464808188699,0.00989187438674033,-0.08367652246862735,-3.2465245156030273,-3.681766988619603,7.194270453573324,404.474413575226,0.29545454545454547,0.29545454545454547,8,31,5,2057,0,0.9587754667609383,0.0213903743315508,31,13,0.548202612166912,2.026034072229766,-4.0589982242308755,4.757876995070315,6.071464446463921,,9,3,-2.8884096547754523,-0.09635140153628674,-3.014908817476572,-2.165598576570825,-2.7796897124987496,6.071464446463921,-2.0659184848967227,0.26532863684013974,2.992316575830945
