instrument,timeframe,family,variant,params,bh_sharpe,bh_max_dd,n_cands,n_trades,guard,n_long,n_short,gross_pf,net_pf,sharpe,skew,ekurt,max_dd,gross_R_mean,cost_R_mean,net_R_mean,gross_R_total,net_R_total,risk_med,risk_med_bps,win_rate,gross_win_rate,n_targets,n_stops,n_time,n_obs,n_ruin_days,equity_final,trades_per_day,is_trades,oos_trades,is_pf,oos_pf,is_sharpe,oos_sharpe,regimeA_trades,regimeB_trades,regimeA_pf,regimeB_pf,regimeA_sharpe,regimeB_sharpe,top_year_R,top_year_share,n_years,n_pos_years,yr_2018,yr_2019,yr_2020,yr_2021,yr_2022,yr_2023,yr_2024,yr_2025,yr_2026,dsr,dsr_cumulative_pool,oos_holds,gross_edge,not_concentrated,regime_holds,beats_bh,SURVIVOR
BTCUSDT,M15,trend,0,"{'ema_trend': 200, 'ema_fast': 50, 'ema_pull': 20, 'swing': 5, 'k_atr': 0.5, 'R': 2.0, 'H': 24}",0.532752356675382,0.8120199929707641,29415,11438,PASS,6009,5429,1.0072260744692816,0.4720438143092344,-9.167199190379671,-0.21890709876753567,0.8384298297741726,1.0,0.00376022602979569,0.4265652423714926,-0.42280501634169704,43.0094653288031,-4836.043776916331,199.5094642857166,66.806041732188,0.3389578597656933,0.40312991781780033,2379,5554,3505,3164,0,2.1691891727257395e-22,3.6150442477876106,6585,4853,0.5496235339362661,0.3872313442067699,-7.650810950744853,-11.25628039702345,5241,6197,0.5686735327279488,0.40595901303035603,-7.184975347828094,-10.880327229222273,-318.0261932690705,,9,0,-364.15661525072017,-453.7368889178626,-468.7059488589059,-318.0261932690705,-549.9542524445684,-874.3606130505868,-544.5719396052509,-780.499358547594,-482.03196697177077,0.0,0.0,False,True,False,False,False,False
BTCUSDT,M15,trend,1,"{'ema_trend': 200, 'ema_fast': 50, 'ema_pull': 20, 'swing': 10, 'k_atr': 0.5, 'R': 1.5, 'H': 48}",0.532752356675382,0.8120199929707641,29415,8964,PASS,4638,4326,1.0067905145158857,0.5266372108823923,-7.51480003259353,-0.38595880591071735,1.6947269236179858,0.999999999999994,0.0036116426016986752,0.35856010283750733,-0.35494846023580867,32.37476428162692,-3181.7579975537888,242.76303571428434,80.12370738585594,0.39067380633645693,0.42057117358322177,2970,4600,1394,3164,0,6.215456273413351e-15,2.8331226295828067,5102,3862,0.6096627230792435,0.4347324816612699,-6.077772820390013,-9.433218831714226,4062,4902,0.6218093184259822,0.45942930445735264,-5.805629993101566,-8.956759027408355,-196.7215052453296,,9,0,-231.3391270920274,-289.2212797363632,-334.8535184377627,-196.7215052453296,-326.2987118824877,-578.7170372535774,-375.39600460986486,-538.6574157905344,-310.55339750584176,0.0,0.0,False,True,False,False,False,False
BTCUSDT,M15,trend,2,"{'ema_trend': 100, 'ema_fast': 30, 'ema_pull': 10, 'swing': 5, 'k_atr': 1.0, 'R': 3.0, 'H': 48}",0.532752356675382,0.8120199929707641,44319,8766,PASS,4595,4171,1.0091405571985053,0.6074534027056165,-5.32478687792984,0.04306075071943687,0.9845903685332824,0.9999999999997536,0.005292441924288849,0.3198971576073177,-0.3146047156830289,46.39354590831605,-2757.824937677431,273.33321428571526,87.77630070587846,0.30971937029431895,0.35341090577230205,1212,4835,2719,3165,0,3.1499938891760064e-13,2.7696682464454976,4983,3783,0.6554325222373442,0.5527652660585596,-4.527131062869476,-6.356080619105088,3956,4810,0.6778077886877067,0.5576017572407793,-4.251409261152582,-6.181644221319192,-186.09452022294374,,9,0,-186.09452022294374,-280.8819994486678,-266.81686522221815,-204.94322055262478,-350.7324719606894,-515.9124834972006,-287.61689523221503,-433.8695382487741,-230.9569432920975,5.62856584211082e-258,0.0,False,True,False,False,False,False
BTCUSDT,M15,breakout,0,"{'N': 20, 'k_atr': 1.0, 'R': 2.0, 'H': 24}",0.532752356675382,0.8120199929707641,18407,13461,PASS,6986,6475,0.9184897092684803,0.39408012932823805,-11.782840457959884,-0.8596127535589468,3.446787372978757,1.0,-0.05033264644174998,0.5559134389015498,-0.6062460853432997,-677.5277537523965,-8160.678554806158,177.79357142857043,52.366715781900574,0.31357254290171604,0.34677958546913307,3469,8085,1907,3164,0,1.5768773149561127e-37,4.254424778761062,7397,6064,0.46271530113095843,0.32672394306734914,-10.851273789700175,-13.542761510469173,5919,7542,0.46084533549398404,0.35055487491035353,-10.978464475061502,-12.776438795642623,-640.0134475137439,,9,0,-667.3803926209001,-753.9339972836257,-804.3529453643747,-640.0134475137439,-718.4324964506933,-1423.9369679830331,-933.954302522207,-1338.2454670247907,-880.4285380427893,0.0,0.0,False,False,False,False,False,False
BTCUSDT,M15,breakout,1,"{'N': 50, 'k_atr': 1.0, 'R': 2.0, 'H': 48}",0.532752356675382,0.8120199929707641,10072,7340,PASS,3848,3492,0.947211819644081,0.47432276880669105,-7.7985074006208475,-0.43654471673758893,2.552370378379381,1.0,-0.033484755790645325,0.4682392905725228,-0.501724046363168,-245.77810750333668,-3682.6545003056535,216.86535714285856,62.86894283113958,0.32615803814713895,0.3415531335149864,2083,4578,679,3164,0,3.2698546441496185e-17,2.319848293299621,3985,3355,0.5552191378832328,0.39605635861105204,-6.634405881636855,-9.800880155661034,3185,4155,0.5585027249785474,0.4197772388336926,-6.673565129201332,-9.113366817388851,-268.9848578864013,,9,0,-308.2509997163431,-281.55817523438503,-357.31565206392327,-268.9848578864013,-316.11269798327857,-525.1016001421979,-546.1267565700687,-687.7380346569445,-391.4657260521118,0.0,0.0,False,False,False,False,False,False
BTCUSDT,M15,breakout,2,"{'N': 20, 'k_atr': 1.5, 'R': 1.5, 'H': 24}",0.532752356675382,0.8120199929707641,18407,12837,PASS,6638,6199,0.9241195333993557,0.4352923544341406,-10.873419560687116,-0.5404771948791833,2.086718078786962,1.0,-0.040449071322962736,0.40310183361090585,-0.4435509049338685,-519.2447285728726,-5693.86296663607,237.86678571428456,71.09807228102643,0.3609877697281296,0.40445586975149955,3823,6438,2576,3165,0,3.5446900253651767e-26,4.055924170616113,7077,5760,0.502651390702999,0.3663359531502247,-9.721645577867006,-12.656085098568486,5664,7173,0.5010907928711985,0.39084909808423773,-9.83283916559393,-11.898937624884843,-451.5890474723193,,9,0,-487.7407380260544,-524.8336624400245,-563.8220861775284,-451.5890474723193,-508.7418516291336,-989.2191190305734,-642.0315317555663,-878.4221212468349,-647.4628088580356,0.0,0.0,False,False,False,False,False,False
BTCUSDT,M15,meanrev,0,"{'N': 20, 'k_ext': 2.0, 'swing': 3, 'k_atr': 0.5, 'R': 1.5, 'H': 24}",0.532752356675382,0.8120199929707641,5051,4228,PASS,1908,2320,0.8840350385090382,0.38557955007133443,-5.908598027236478,-5.116285601099503,87.72721495685617,0.9999999998567557,-0.0639267360267385,0.4562444476434154,-0.5201711836701538,-270.28223992105035,-2199.2837645574104,225.99142857142579,68.49247793935285,0.36281929990539263,0.40610217596972564,1208,2278,742,3165,0,1.4161366724285283e-10,1.3358609794628753,2203,2025,0.483257088492228,0.3063664881821168,-6.6563834849477725,-8.27432963394598,1740,2488,0.48219021838034887,0.33347779644017295,-6.690133156903382,-7.915469071160422,-138.990319128465,,9,0,-172.03432131155554,-138.990319128465,-177.8342216169183,-160.50923860617948,-178.92144331180626,-283.83463665562545,-277.58099001019616,-509.6153020333626,-299.9632918833019,6.859632109024367e-145,0.0,False,False,False,False,False,False
BTCUSDT,M15,meanrev,1,"{'N': 20, 'k_ext': 2.5, 'swing': 3, 'k_atr': 0.5, 'R': 1.0, 'H': 12}",0.532752356675382,0.8120199929707641,2041,1849,PASS,781,1068,0.743711034959546,0.2607645047106056,-4.555511653268341,-11.748163790247354,331.9255003907062,0.9999682828843885,-0.12047848674588464,0.4271637037284937,-0.5476421904743783,-222.7647219931407,-1012.5904101871255,246.0667857142853,73.50100401216096,0.3634396971335857,0.4445646295294754,569,813,467,3163,0,3.156932939134861e-05,0.584571609231742,970,879,0.3123471364437674,0.21705083867898894,-8.865744967715782,-7.534686498407302,771,1078,0.31078904990710093,0.23261443523658587,-8.912281925934083,-7.58435437757454,-65.23531689570491,,9,0,-98.64043206440647,-65.23531689570491,-97.15875287512205,-78.91694101612596,-92.12586193106543,-146.86703432539022,-97.88875901248436,-209.9819103731211,-125.775401693705,1.807059005670706e-55,1.3077035105769789e-221,False,False,False,False,False,False
BTCUSDT,M15,meanrev,2,"{'N': 50, 'k_ext': 2.0, 'swing': 5, 'k_atr': 1.0, 'R': 1.5, 'H': 24}",0.532752356675382,0.8120199929707641,22062,9287,PASS,4320,4967,0.9542661367168457,0.46720132296006506,-7.471319733408486,-1.7386516383434532,10.451883130240386,0.9999999999999998,-0.022267601518924963,0.34995891069876844,-0.37222651221769343,-206.79921530625614,-3456.867618965719,283.6957142857136,84.10679658911471,0.39259179498223323,0.45127597717239154,2231,4325,2731,3165,0,3.2675215521779477e-16,2.9342812006319114,4913,4374,0.5863263548939565,0.3661245855335337,-5.909115890989362,-10.049109009761512,3907,5380,0.5901345319760604,0.3969263979028105,-5.8410928401836735,-9.257865731409339,-204.47943252843305,,9,0,-215.34902978093035,-256.1951921798922,-291.2200802012462,-204.47943252843305,-264.7482287005652,-532.2477970013032,-479.7393630194699,-756.158272420769,-456.73022313310975,0.0,0.0,False,False,False,False,False,False
BTCUSDT,M15,momentum,0,"{'N': 24, 'k_atr': 2.0, 'R': 2.0, 'H': 48}",0.532752356675382,0.8120199929707641,32888,8890,PASS,4427,4463,0.9715629549494484,0.5215967840369935,-7.311514389917899,-1.0865497637676342,7.654059121619876,1.0,-0.017321867364150232,0.39928007850094505,-0.4166019458650952,-153.99140086729557,-3703.5912987406964,211.04785714285936,69.38115070002172,0.3325084364454443,0.3626546681664792,2376,5317,1197,3164,0,2.2699832505194514e-17,2.809734513274336,5006,3884,0.576040990401185,0.4612657379743404,-6.631986612413067,-8.242862953125455,3977,4913,0.5799465446068601,0.48030329397946153,-6.609345294794804,-7.9268443875126335,-279.5278808010622,,9,0,-279.5278808010622,-374.93793386549777,-389.14660380572883,-304.0069046985759,-377.6044440288457,-731.7585390276037,-441.5661115497011,-414.23177596350433,-390.8111050001771,0.0,0.0,False,False,False,False,False,False
BTCUSDT,M15,momentum,1,"{'N': 48, 'k_atr': 2.0, 'R': 2.0, 'H': 96}",0.532752356675382,0.8120199929707641,23182,6164,PASS,3082,3082,1.050699215175681,0.5821751619903258,-5.161157025931919,-0.8363857732266745,1.9249067539094726,0.9999999999678105,0.03225962122828143,0.4090953013761946,-0.3768356801479132,198.84830525112673,-2322.815132431737,203.1107142857145,68.18377056222327,0.34620376378974693,0.3548020765736535,2007,3900,257,3164,0,3.269984769697425e-11,1.9481668773704173,3474,2690,0.6321042429761123,0.5258008286403375,-4.699204121566964,-6.118894557581189,2746,3418,0.6430218977437228,0.5390427432807046,-4.608119674131512,-5.895632594774685,-149.74731271134996,,9,0,-214.7072847190001,-210.04147413535838,-248.73072889483112,-149.74731271134996,-261.39761833461387,-489.02103430646537,-285.8196315677324,-268.72942237205785,-194.62062539032772,0.0,0.0,False,True,False,False,False,False
BTCUSDT,M15,momentum,2,"{'N': 12, 'k_atr': 1.5, 'R': 1.5, 'H': 24}",0.532752356675382,0.8120199929707641,45591,16593,PASS,8401,8192,1.0335602050306387,0.41328939119301866,-11.200885709218614,-1.531610184592644,7.48088301395632,1.0,0.018034844028640692,0.5188235810839643,-0.5007887370553236,299.252166967235,-8309.587513958984,170.67428571428536,54.01927062801606,0.38214909901765803,0.43060326643765445,5688,8702,2203,3164,0,2.383632638144053e-38,5.244310998735777,9236,7357,0.5158703857494736,0.3117279729652786,-10.026370691344939,-13.343791601400994,7313,9280,0.5370956966803352,0.33532215039753865,-9.445500405684538,-12.988392821454788,-506.4686026908555,,9,0,-506.4686026908555,-821.1434107259263,-667.4092870074527,-538.3257036332401,-877.8962323199876,-1569.066420480799,-949.6150538721806,-1458.093762042794,-921.5690411857487,0.0,0.0,False,True,False,False,False,False
BTCUSDT,M15,macross,0,"{'fast': 10, 'slow': 30, 'ema_trend': 200, 'k_atr': 2.0, 'R': 2.0, 'H': 48}",0.532752356675382,0.8120199929707641,6223,4919,PASS,2532,2387,1.038101611300718,0.5456311414795342,-5.170432285975877,-0.728720118110496,1.2959649105044582,0.999999998897897,0.023112259869817197,0.42578460657062184,-0.4026723467008046,113.6892062996308,-1980.745273421258,192.80285714285856,65.3395814926909,0.34234600528562714,0.36572474080097583,1449,2925,545,3164,0,1.2915802959305277e-09,1.5546776232616941,2771,2148,0.6448516407802259,0.44199002757646294,-4.22232565763,-7.373702616975119,2197,2722,0.6728067571505153,0.4615859690597754,-3.8126124507162555,-7.064716243589661,-120.26253910291128,,9,0,-138.15911247501856,-146.0525390332155,-163.0710813428497,-120.26253910291128,-223.42849468399675,-492.27486207753884,-194.60944063486613,-300.7247532517216,-202.16245081913956,0.0,0.0,False,True,False,False,False,False
BTCUSDT,M15,macross,1,"{'fast': 20, 'slow': 50, 'ema_trend': 200, 'k_atr': 2.0, 'R': 2.0, 'H': 96}",0.532752356675382,0.8120199929707641,3713,3241,PASS,1630,1611,1.094413385186792,0.604493263516443,-3.6390542452433836,-0.8570409850785893,1.9044938898779042,0.9999943474847267,0.05926137140866613,0.41345612895088724,-0.3541947575422211,192.06610473548693,-1147.9452091943385,210.56999999999243,68.67105872877995,0.35297747608762725,0.36099969145325517,1087,2020,134,3164,0,6.768410169967674e-06,1.0243362831858407,1846,1395,0.7094678989309868,0.4896302060484037,-3.148988415312911,-6.201766801973984,1475,1766,0.7247243119453064,0.5196328199936201,-3.00425010849517,-5.665248388888507,-22.301473775201273,,9,0,-63.09187853272024,-136.38781860000728,-108.81116762506824,-22.301473775201273,-110.00271224479482,-288.6042773350482,-140.5375619986178,-162.4449629717988,-115.76335611108199,1.2813289299300003e-230,0.0,False,True,False,False,False,False
BTCUSDT,M15,macross,2,"{'fast': 10, 'slow': 30, 'ema_trend': 100, 'k_atr': 1.5, 'R': 3.0, 'H': 48}",0.532752356675382,0.8120199929707641,7484,6268,PASS,3170,3098,1.0309105825096312,0.508240293926497,-5.994827667448818,-1.0397359388143075,3.7950474470560094,0.9999999999999998,0.021644758899548817,0.5726657193071608,-0.5510209604076121,135.669348782372,-3453.799379834912,143.7423214285718,49.232279845282406,0.27074026802807916,0.28637523931078496,1377,4351,540,3164,0,2.0771129776925318e-16,1.9810366624525917,3557,2711,0.5703649250664147,0.44170961185593555,-5.628486104551363,-7.476933216910372,2802,3466,0.5947514477353334,0.4504394005940996,-5.214083373478967,-7.417505277332273,-194.78683901215317,,9,0,-263.2996098838673,-307.2943744840042,-374.60014736904833,-194.78683901215317,-420.4269477648604,-830.7927586082053,-315.42049967234874,-435.79429818548243,-311.383904854942,0.0,0.0,False,True,False,False,False,False
BTCUSDT,H1,trend,0,"{'ema_trend': 200, 'ema_fast': 50, 'ema_pull': 20, 'swing': 5, 'k_atr': 0.5, 'R': 2.0, 'H': 24}",0.532752356675382,0.8120199929707641,6965,2790,PASS,1455,1335,1.0347155412984017,0.7244033796929271,-2.1386908982850015,0.3157110878100906,0.24083671567611864,0.9947119555484227,0.017996538057128746,0.19486659206405077,-0.17687005400692202,50.210341179389204,-493.46745067931244,437.803392857144,147.50589387273962,0.3767025089605735,0.4068100358422939,597,1361,832,3164,0,0.005795582279295104,0.881795195954488,1591,1199,0.7847768053067877,0.6546944404193416,-1.8773494621248419,-3.346611126068099,1268,1522,0.7855690249125389,0.6791483659640037,-1.8471520376632782,-3.0735716683552665,-23.322265319165847,,9,0,-30.62498782703505,-23.322265319165847,-44.58172346234835,-64.74347051951995,-43.23881856608225,-101.28574499497402,-43.5992467447862,-79.7731538000697,-62.298039445331085,9.260755300977072e-128,0.0,False,True,False,False,False,False
BTCUSDT,H1,trend,1,"{'ema_trend': 200, 'ema_fast': 50, 'ema_pull': 20, 'swing': 10, 'k_atr': 0.5, 'R': 1.5, 'H': 48}",0.532752356675382,0.8120199929707641,6965,2169,PASS,1118,1051,1.0019413216789712,0.7489660098373957,-1.7902831832568546,0.1466075316520066,0.14604669296012895,0.9743823186835806,0.0010398202187590572,0.1591270052612368,-0.1580871850424777,2.2553700544883952,-342.89110435713417,546.8967857142852,172.78523204667988,0.41124942369755646,0.4186260949746427,717,1116,336,3164,0,0.027959196107143338,0.6855246523388117,1231,938,0.8008437087425949,0.6865540485929073,-1.767797152128613,-3.0938679621232126,982,1187,0.8220956642503965,0.6932270361602368,-1.536861233698022,-3.0321649067960377,-7.9136388461159966,,9,0,-19.609791276156557,-7.9136388461159966,-23.469315128153138,-54.111917802409955,-43.44737281939777,-68.75646750683276,-27.603884594983196,-55.43862393857119,-42.54009244451367,9.504722813025183e-119,0.0,False,True,False,False,False,False
BTCUSDT,H1,trend,2,"{'ema_trend': 100, 'ema_fast': 30, 'ema_pull': 10, 'swing': 5, 'k_atr': 1.0, 'R': 3.0, 'H': 48}",0.532752356675382,0.8120199929707641,11045,2155,PASS,1108,1047,1.116119267601974,0.8816914300033822,-0.7008680225381277,1.0935224108671564,1.765719088022923,0.8755712598042592,0.06583251923234214,0.14408574907891497,-0.07825322984657283,141.8690789456973,-168.63571031936445,605.3321428571435,183.496922749108,0.3619489559164733,0.38097447795823663,314,1169,672,3163,0,0.1472464805727843,0.6813152070818843,1210,945,0.9668924558136563,0.7848739143823568,-0.24277056302133598,-1.7582845113313617,955,1200,1.0034998129759989,0.7959338401792605,0.02489465426531744,-1.670410877423455,18.4841745098241,,9,2,-16.780775502899044,-2.7937137201378905,18.4841745098241,3.151393464385438,-27.162517391015143,-46.474904117966695,-6.059205880549828,-55.17369669766884,-35.826464983336564,2.1675497343955604e-81,0.0,False,True,False,False,False,False
BTCUSDT,H1,breakout,0,"{'N': 20, 'k_atr': 1.0, 'R': 2.0, 'H': 24}",0.532752356675382,0.8120199929707641,4517,3233,PASS,1680,1553,1.025031735625547,0.7074938166378238,-2.554897786985379,0.3409782391105906,1.3766597936315756,0.999388965582942,0.01461212250619994,0.22848913432702375,-0.2138770118208238,47.24099206254441,-691.4643792167234,416.5092857142881,123.20633902664322,0.3652953912774513,0.37921435199505105,852,1828,553,3164,0,0.0007359834719896179,1.0218078381795197,1804,1429,0.7532442533657902,0.6563684163707634,-2.4475422040057,-3.6038797446634736,1438,1795,0.7737678545419343,0.6604707719127546,-2.232169368477396,-3.53398530343918,-40.38172672676842,,9,0,-40.38172672676842,-60.89243679082124,-78.0773114763294,-42.61178482749295,-85.87549253155821,-100.93977074641974,-65.37862831795111,-154.47065878715128,-62.83656901223109,4.432610020495162e-140,0.0,False,True,False,False,False,False
BTCUSDT,H1,breakout,1,"{'N': 50, 'k_atr': 1.0, 'R': 2.0, 'H': 48}",0.532752356675382,0.8120199929707641,2646,1826,PASS,978,848,1.0367345983402942,0.7665770771768917,-1.5508449548484562,0.7343693501631653,2.4580575702497063,0.9702035096170755,0.022710021640073425,0.19669765301433192,-0.1739876313742585,41.468499514774074,-317.701414889396,477.66857142857316,132.19081764214832,0.359802847754655,0.3647316538882804,548,1115,163,3156,0,0.0352374347362586,0.5785804816223067,1027,799,0.8130530261399322,0.7126677236671157,-1.750388284447781,-2.8774026487852495,827,999,0.8297264193340476,0.7193087753617019,-1.5883057828284344,-2.7813508340969118,6.07897862164266,,9,1,6.07897862164266,-21.04404161568342,-13.670216465386003,-70.57448961365579,-37.43344775152868,-36.826777239825454,-32.61549181401317,-73.7682590666998,-37.84766994424634,2.6803002657936048e-104,0.0,False,True,False,False,False,False
BTCUSDT,H1,breakout,2,"{'N': 20, 'k_atr': 1.5, 'R': 1.5, 'H': 24}",0.532752356675382,0.8120199929707641,4517,3106,PASS,1619,1487,1.0046806008220655,0.7261842710476533,-2.314504236711455,0.11680242662147841,1.0389710880349519,0.9962629489313524,0.002374581081490129,0.16847920631008284,-0.16610462522859276,7.375448839108341,-515.9209659600091,556.3389285714275,164.3578190009104,0.41435930457179654,0.4307791371538957,926,1478,702,3164,0,0.004692667827703634,0.9816687737041719,1734,1372,0.7689405920886042,0.6778199057347958,-2.2266903889970897,-3.2920390804004347,1381,1725,0.7846803342465924,0.683871563817696,-2.0652536092001643,-3.2042051730357257,-20.813597586058684,,9,0,-20.813597586058684,-45.76897047413711,-53.72503199916867,-49.979197233663925,-60.79032571995304,-61.132253303005214,-66.78333926619518,-110.50574232705618,-46.422508050770986,1.1239267699223573e-136,0.0,False,True,False,False,False,False
BTCUSDT,H1,meanrev,0,"{'N': 20, 'k_ext': 2.0, 'swing': 3, 'k_atr': 0.5, 'R': 1.5, 'H': 24}",0.532752356675382,0.8120199929707641,1622,1318,PASS,588,730,0.7115159418605037,0.48856660748632347,-3.196009989462622,-1.2353876993342687,4.49829700478685,0.9943168788150679,-0.1786135065698214,0.20589277814626897,-0.38450628471609033,-235.41260165902457,-506.77928325580706,394.94071428571624,123.15060556093685,0.34446130500758726,0.3550834597875569,354,805,159,3162,0,0.005667406983954381,0.4168247944339026,731,587,0.4260315605197235,0.571264869052859,-6.861611925494877,-4.553599560289106,569,749,0.4181314975192607,0.5444166216096832,-6.906522939238933,-4.984748862988117,-39.06574011776992,,9,0,-80.0289739355014,-61.337993233870435,-68.77068325879337,-44.8538550681552,-68.8615017592279,-39.06574011776992,-53.85971836572387,-48.3521733165629,-41.64864420020209,1.2014196255613908e-216,0.0,False,False,False,False,False,False
BTCUSDT,H1,meanrev,1,"{'N': 20, 'k_ext': 2.5, 'swing': 3, 'k_atr': 0.5, 'R': 1.0, 'H': 12}",0.532752356675382,0.8120199929707641,683,598,PASS,240,358,0.5798659712248039,0.34701530893816784,-3.0367418473521157,-2.8408090372222596,12.75773592725973,0.9229792237309484,-0.22370934104223156,0.20185375219657795,-0.4255630932388095,-133.77818594325447,-254.48672975680807,394.656071428577,124.59263215182554,0.35451505016722407,0.391304347826087,166,304,128,3111,0,0.07618240991177119,0.19222115075538412,316,282,0.25485056974135717,0.4693074908741087,-10.604736917479453,-6.128255657117945,237,361,0.23587713213873945,0.42919662031849803,-10.842243430435813,-6.8983979753779066,-14.828299728010258,,9,0,-31.86654266361219,-27.24258950443072,-44.14495736493938,-23.34272232180153,-39.004640812329406,-25.90270406921691,-25.83061110878154,-22.32366218368615,-14.828299728010258,4.334563709618437e-282,0.0,False,False,False,False,False,False
BTCUSDT,H1,meanrev,2,"{'N': 50, 'k_ext': 2.0, 'swing': 5, 'k_atr': 1.0, 'R': 1.5, 'H': 24}",0.532752356675382,0.8120199929707641,6347,2542,PASS,1182,1360,0.8959244874850599,0.6529576741875831,-2.5928528741645334,-0.7752158836848037,1.7977064243592498,0.9962481215441595,-0.053643517469126566,0.1574111027827982,-0.21105462025192473,-136.36182140651974,-536.5008446803927,567.8832142857145,166.78749826057853,0.4110936270653029,0.4358772619984264,632,1265,645,3163,0,0.003920227016783061,0.8036674043629466,1430,1112,0.685150343658107,0.6149914298947746,-2.9982314995950348,-3.6950369838243855,1144,1398,0.6643557717900431,0.644229577585901,-3.2000696143411598,-3.4039938213234624,-26.926374606246767,,9,0,-56.11749697390106,-57.474269764146676,-84.50388619150603,-26.926374606246767,-38.372028359417214,-49.6010334800401,-101.79548471371938,-73.51242724435521,-48.19784334706032,5.093458049619819e-169,0.0,False,False,False,False,False,False
BTCUSDT,H1,momentum,0,"{'N': 24, 'k_atr': 2.0, 'R': 2.0, 'H': 48}",0.532752356675382,0.8120199929707641,7685,2121,PASS,1046,1075,0.9926401334281589,0.7458949918956674,-1.7440295038944453,0.07156135221297538,0.5067207233775699,0.9871997572486941,-0.004453109459927112,0.17854432250793517,-0.18299743196786228,-9.445045164505405,-388.13755320383586,479.75714285714275,147.38342948091537,0.3564356435643564,0.36775106082036774,562,1258,301,3164,0,0.016884491945521413,0.6703539823008849,1186,935,0.7598405393740066,0.7292794206475859,-2.1521193287541545,-2.652453926034562,944,1177,0.7547253318781012,0.7391320377637626,-2.2268068094035236,-2.4838861130154073,12.481894681965057,,9,1,-41.46565747142049,-23.97637551259693,-54.89554432296991,-42.15132598333203,-36.95380718392766,-84.67679768577767,-50.15129337117935,-66.34864635459695,12.481894681965057,5.084022939307096e-118,0.0,False,False,False,False,False,False
BTCUSDT,H1,momentum,1,"{'N': 48, 'k_atr': 2.0, 'R': 2.0, 'H': 96}",0.532752356675382,0.8120199929707641,5249,1444,PASS,691,753,1.0423513273181337,0.8019093460907522,-1.1149843320485908,0.04826553437338022,1.319611526282567,0.9083014369582271,0.027201401989949036,0.17674143944073054,-0.1495400374507815,39.27882447348641,-215.9358140789285,479.9342857142856,148.6946186758978,0.3511080332409972,0.35318559556786705,470,924,50,3161,0,0.09928678991479162,0.45681746282821895,800,644,0.8781887554301256,0.7177868665650766,-1.0459017009544753,-2.7468513115181414,629,815,0.8886221455579233,0.7414082744883151,-0.9529831634156922,-2.4590276359003056,-2.4622707021436696,,9,0,-2.4622707021436696,-13.34557948270171,-21.0389030922705,-13.0501823086921,-19.741765203700975,-41.13830437225529,-32.95237308023837,-56.10468745432322,-16.10174838260268,1.5480109458847327e-97,0.0,False,True,False,False,False,False
BTCUSDT,H1,momentum,2,"{'N': 12, 'k_atr': 1.5, 'R': 1.5, 'H': 24}",0.532752356675382,0.8120199929707641,11200,4120,PASS,2021,2099,1.086486149247204,0.7182275579701443,-2.830642130150015,-0.40067198674828514,0.2695552447016287,0.9996839640112626,0.04556182809245863,0.23103327520312206,-0.18547144711066343,187.71473174092955,-764.1423620959333,361.11375000000226,114.65290383805926,0.4186893203883495,0.43980582524271844,1484,2119,517,3164,0,0.00035501992226633685,1.302149178255373,2316,1804,0.7750346145039153,0.6512781315685163,-2.3889889976065874,-3.9935424967316484,1823,2297,0.7865022236754795,0.6684973527278962,-2.2297693930756095,-3.783613626371471,-22.022620108238847,,9,0,-57.572699655338624,-41.10076366151669,-123.30369614552814,-22.022620108238847,-86.04309627824486,-160.69562619729032,-83.10074185236597,-114.38491096541627,-75.91820723199353,5.809484703245713e-171,0.0,False,True,False,False,False,False
BTCUSDT,H1,macross,0,"{'fast': 10, 'slow': 30, 'ema_trend': 200, 'k_atr': 2.0, 'R': 2.0, 'H': 48}",0.532752356675382,0.8120199929707641,1410,1163,PASS,573,590,1.1497547239731878,0.8555339468906282,-0.7025373408118757,0.18851758261985466,1.9724205723162642,0.7659302518941743,0.08866960630823795,0.191916564219919,-0.10324695791168105,103.12275213648073,-120.07621205128507,448.9871428571423,140.16785019395314,0.3766122098022356,0.38521066208082544,371,675,117,3163,0,0.2678551208648405,0.3676889029402466,650,513,0.9423339727279209,0.7583712235622978,-0.46049408503647743,-2.1578387170835445,513,650,1.0034658209828513,0.7534515806933292,0.026777242852045736,-2.209011696220447,22.16062566330649,,9,2,-4.327112792945744,-1.194266047517529,-15.463041121284972,22.16062566330649,-26.491384095825243,-34.71688548509081,-5.346764152860572,-55.627975109260795,0.9305910901941086,1.459427909083804e-84,0.0,False,True,False,False,False,False
BTCUSDT,H1,macross,1,"{'fast': 20, 'slow': 50, 'ema_trend': 200, 'k_atr': 2.0, 'R': 2.0, 'H': 96}",0.532752356675382,0.8120199929707641,833,734,PASS,352,382,1.0973006767723978,0.844686331812272,-0.6083196471118474,0.299214568710663,4.213665511624031,0.7125470889163675,0.061183636054133114,0.17602132919378863,-0.11483769313965554,44.908788863733704,-84.29086676450717,525.7435714285712,148.89158593634312,0.36239782016348776,0.3651226158038147,247,460,27,3163,0,0.39874685422087547,0.2320581726209295,399,335,0.9628903127935039,0.7207659794796187,-0.29360876427876875,-2.6048870741645778,309,425,1.0658746758949456,0.7079341688251746,0.49300605062136815,-2.7472752337258037,17.45687293688952,,9,3,13.191088713913569,-8.172363780406648,17.45687293688952,-8.816793354413518,-23.966517996746038,-26.666813281192837,-22.403431767501893,-34.627658277636804,9.714750042587468,1.6765278994677199e-81,0.0,False,True,False,False,False,False
BTCUSDT,H1,macross,2,"{'fast': 10, 'slow': 30, 'ema_trend': 100, 'k_atr': 1.5, 'R': 3.0, 'H': 48}",0.532752356675382,0.8120199929707641,1688,1433,PASS,725,708,1.0821737330936185,0.7759935351856515,-1.2067843048590476,0.5052680891643566,2.1861712334990395,0.958732841524586,0.056592510597919136,0.25100064949183426,-0.19440813889391514,81.09706768681812,-278.5868630349804,334.36392857143073,105.29456285192848,0.28960223307745986,0.29658060013956733,321,977,135,3163,0,0.04983992009629314,0.4530509010433133,810,623,0.8686826781824247,0.6706216465060645,-1.1105477633762109,-3.0730442112375522,628,805,0.9553941257529576,0.656133255564298,-0.35551565683149966,-3.2904325190872292,25.287544327508797,,9,1,-24.262948436717092,-0.0671105999159225,-23.1761261263439,25.287544327508797,-64.66696329298247,-75.67729354561034,-20.721253667617454,-66.31613932307182,-28.9865723702302,4.321149693367367e-97,0.0,False,True,False,False,False,False
BTCUSDT,H4,trend,0,"{'ema_trend': 200, 'ema_fast': 50, 'ema_pull': 20, 'swing': 5, 'k_atr': 0.5, 'R': 2.0, 'H': 24}",0.532752356675382,0.8120199929707641,1604,660,PASS,324,336,0.995149756859633,0.8471999397079865,-0.5318523518006688,1.0005706866568331,5.68126810905523,0.4585389222344614,-0.0024909498680227337,0.08399969789718635,-0.08649064776520908,-1.6440269128950042,-57.083827525038,1033.3485714285716,320.87883552779914,0.4015151515151515,0.40606060606060607,122,315,223,3158,0,0.5397254408111053,0.20899303356554783,372,288,0.8684239163043054,0.821199064390263,-1.0010923080513272,-1.4035593639339974,290,370,0.9615787057846137,0.7635454924665228,-0.28060002915477394,-1.9067279715551684,9.81656503025814,,9,3,-19.016323153921405,8.542832916019433,-5.406423548530924,9.81656503025814,-21.0001461382182,-14.854198916891592,4.5110783568866655,-13.627281676998068,-6.049930393642056,1.5736309254258896e-77,0.0,False,False,False,False,False,False
BTCUSDT,H4,trend,1,"{'ema_trend': 200, 'ema_fast': 50, 'ema_pull': 20, 'swing': 10, 'k_atr': 0.5, 'R': 1.5, 'H': 48}",0.532752356675382,0.8120199929707641,1604,509,PASS,254,255,1.0607334245268485,0.9314919666456242,-0.21569260197234102,0.5572223907208408,4.805475049475477,0.24881624413026898,0.031915170336516856,0.0707856084933709,-0.038870438156854044,16.24482170128708,-19.78505302183871,1246.1157142857137,368.8815450931692,0.444007858546169,0.449901768172888,169,261,79,3161,0,0.7934738362457671,0.1610249920911104,287,222,0.9833193551642594,0.8693021242770743,-0.12725188671734883,-1.0691456566964432,231,278,1.0064560467350372,0.8731497139731903,0.048900988633519174,-1.0298136523699624,8.655142935953526,,9,3,-9.770497393623874,7.563358936896808,-5.631995765980858,8.655142935953526,-3.4435982285959064,-1.6401532269570775,6.689137974880234,-8.252192520284874,-13.954255734126686,8.705289729101944e-71,0.0,False,True,False,False,False,False
BTCUSDT,H4,trend,2,"{'ema_trend': 100, 'ema_fast': 30, 'ema_pull': 10, 'swing': 5, 'k_atr': 1.0, 'R': 3.0, 'H': 48}",0.532752356675382,0.8120199929707641,2673,529,PASS,275,254,1.287029003080413,1.149382660822533,0.38237002946466914,2.598013367127249,12.134847156302548,0.14252524827565632,0.1547748595133235,0.06791798032362949,0.08685687918969405,81.87590068254814,45.94728909134815,1240.3321428571435,389.73515403528205,0.3988657844990548,0.40264650283553877,77,271,181,3158,0,1.4954828647525584,0.16751108296390121,302,227,1.1031770783062504,1.2094320435805774,0.6563554803767999,1.2910231508337005,240,289,1.1123238579329795,1.1793687278548137,0.7139885332115588,1.113295000823067,13.668082245907716,0.2974730939780605,9,7,-3.637919025901869,4.962340008597072,7.426150144484298,6.701463353350258,2.4830010639822686,11.871736955477742,13.668082245907716,2.7073394717042563,-0.2349051262535985,2.903136009330784e-59,0.0,True,True,True,True,False,False
BTCUSDT,H4,breakout,0,"{'N': 20, 'k_atr': 1.0, 'R': 2.0, 'H': 24}",0.532752356675382,0.8120199929707641,1248,839,PASS,457,382,1.0866113390579548,0.9211003885452146,-0.3151807935866534,1.0892443036137256,4.0879710028603204,0.5167238679943157,0.05066708131876372,0.10179465890501761,-0.0511275775862539,42.50968122644276,-42.896037594867025,836.075714285711,250.62602990482165,0.37902264600715135,0.38617401668653156,235,478,126,3157,0,0.6049802820482495,0.26575863161229013,477,362,0.9667526636473116,0.8646109356111127,-0.2596849102073927,-1.1036185694539724,381,458,0.967774028824186,0.8851214354095981,-0.2480233442644412,-0.9390211119314283,14.19188022524671,,9,3,-0.8127879147807895,3.2357344324420554,14.19188022524671,-24.241591739185697,-2.370088732903338,-5.189437292724036,3.812670984145589,-15.37239902520906,-16.150018531898457,1.9465097251934038e-72,0.0,False,True,False,False,False,False
BTCUSDT,H4,breakout,1,"{'N': 50, 'k_atr': 1.0, 'R': 2.0, 'H': 48}",0.532752356675382,0.8120199929707641,752,487,PASS,270,217,1.0627359394781453,0.9196096565396997,-0.246960188799289,1.7283473885242042,9.20159296645832,0.4207589217751248,0.03925415697906903,0.09455669821796116,-0.055302541238892174,19.11677444880662,-26.932337583340487,836.5107142857123,257.51272634127594,0.35523613963039014,0.3593429158110883,155,302,30,3127,0,0.7283646806491056,0.15574032619123762,283,204,1.0489009281455501,0.7608342797480955,0.3616872505455196,-2.06962587426175,228,259,0.9933698768173272,0.8590424280918008,-0.050284994764785144,-1.151149031342897,10.031317317342538,,9,4,9.931738676503556,2.356598596331632,-1.0726674138812382,-12.217201552722473,10.031317317342538,0.06534477019934415,-1.154803291552694,-20.112909528181525,-14.759755157379608,1.405990614575183e-69,0.0,False,True,False,False,False,False
BTCUSDT,H4,breakout,2,"{'N': 20, 'k_atr': 1.5, 'R': 1.5, 'H': 24}",0.532752356675382,0.8120199929707641,1248,803,PASS,437,366,1.1003841058626045,0.9545400624391179,-0.17662951990608575,0.642273238649498,3.2203884101891047,0.39921695592515233,0.05070121654538765,0.07556351438996654,-0.0248622978445789,40.713076885946286,-19.964425169196854,1116.2882142857125,332.90425631422835,0.43711083437110837,0.44582814445828145,265,384,154,3157,0,0.7784023654294862,0.25435540069686413,455,348,1.007464872134482,0.8904393416938635,0.057100609002079424,-0.8894299421689332,363,440,1.0235472725366612,0.9027631239759545,0.1759004450946818,-0.7944636198973329,8.65644251068277,,9,5,8.65644251068277,4.363197715595751,5.679417995671319,-14.266085991332629,-2.6372769435917807,1.0014490563664185,7.239352758987007,-20.880907509295167,-9.12001476228054,1.1172016483206581e-69,0.0,False,True,False,False,False,False
BTCUSDT,H4,meanrev,0,"{'N': 20, 'k_ext': 2.0, 'swing': 3, 'k_atr': 0.5, 'R': 1.5, 'H': 24}",0.532752356675382,0.8120199929707641,457,391,PASS,157,234,0.7235129239547695,0.5982583798208517,-1.3444301231130127,-0.4515539368449651,8.494554424934414,0.6717552596437476,-0.1743362892573183,0.10627811006550668,-0.280614399322825,-68.16548909961146,-109.72023013522458,709.9078571428581,224.1617354336461,0.34271099744245526,0.3452685421994885,114,242,35,3123,0,0.3248754775298416,0.12520012808197245,229,162,0.4907150556103148,0.772984967771205,-5.642887176296467,-1.9674409401017008,182,209,0.42954034885776204,0.7715943079239933,-6.793719863133001,-1.9822395070424152,-1.674803804186862,,9,0,-26.497621947641925,-23.83477567733631,-17.5564325216355,-11.062378671402957,-7.14720068769906,-4.0639688105680305,-4.414641784722788,-1.674803804186862,-13.46840623003114,1.3241125516407632e-106,0.0,False,False,False,False,False,False
BTCUSDT,H4,meanrev,1,"{'N': 20, 'k_ext': 2.5, 'swing': 3, 'k_atr': 0.5, 'R': 1.0, 'H': 12}",0.532752356675382,0.8120199929707641,205,189,PASS,62,127,0.5599884052699025,0.44017815352977974,-1.4127135950826146,-3.244343791029875,26.481602809832424,0.4937607240247586,-0.25030524247738667,0.10549693277742483,-0.35580217525481156,-47.30769082822608,-67.24661112315938,679.7942857142916,224.70862265990525,0.35978835978835977,0.37037037037037035,58,103,28,3055,0,0.505636477951074,0.0618657937806874,106,83,0.3747848379715723,0.5310438924554993,-7.680536241892774,-4.632687216475199,87,102,0.34854131662032606,0.522206163400644,-8.291911892142874,-4.8108515710504705,-3.3384910001544275,,9,0,-8.833160179559016,-14.118799327797717,-8.37459580817172,-5.635634709488539,-6.7100062125559115,-7.7905941674619115,-3.3384910001544275,-3.6109828717205987,-8.834346846249533,1.523155019123477e-135,0.0,False,False,False,False,False,False
BTCUSDT,H4,meanrev,2,"{'N': 50, 'k_ext': 2.0, 'swing': 5, 'k_atr': 1.0, 'R': 1.5, 'H': 24}",0.532752356675382,0.8120199929707641,1759,743,PASS,327,416,0.8628832457580975,0.742524250043426,-1.0539287900593612,0.005336028450837546,3.7455349297886533,0.711104574711199,-0.07430721592825319,0.07700298457697156,-0.15131020050522473,-55.21026143469212,-112.42347897538198,1032.3242857142905,308.638347063931,0.39703903095558546,0.4037685060565276,202,383,158,3159,0,0.31041617752696204,0.23520101297879076,435,308,0.6669648772638345,0.8596824659488859,-3.0635166960350304,-1.1372428336279183,352,391,0.6227437505089536,0.8628628182993792,-3.576663109849403,-1.1129886701857639,-2.1318502164461233,,9,0,-18.185486262304366,-22.370428107968483,-24.41837827027576,-17.579175503280428,-5.848538454740485,-2.1318502164461233,-14.14761003270718,-4.375540564456989,-3.3664715632021887,1.3400595809807353e-95,0.0,False,False,False,False,False,False
BTCUSDT,H4,momentum,0,"{'N': 24, 'k_atr': 2.0, 'R': 2.0, 'H': 48}",0.532752356675382,0.8120199929707641,1809,518,PASS,251,267,1.0269129552749656,0.9041435198892114,-0.29850393276014814,1.0958728784612113,7.0913773909440625,0.4360065561467445,0.01609612281366285,0.07811560605616666,-0.06201948324250384,8.337791617477356,-32.12609231961699,1099.749285714286,310.23613647987514,0.35714285714285715,0.36293436293436293,146,303,69,3150,0,0.6925139979403815,0.16444444444444445,277,241,0.8625921413631453,0.9493092696976115,-1.0840265287520956,-0.39233740404550704,217,301,0.8185966687119101,0.9650679005457085,-1.468089675578998,-0.2667943099321234,17.857296683950644,,9,4,17.857296683950644,-14.269785175402188,-13.400435481683745,-15.475424803378726,1.3026522801856508,-8.734257898520891,12.927783026520009,6.559269819761548,-18.893190771049287,6.990225040921911e-72,0.0,False,True,False,False,False,False
BTCUSDT,H4,momentum,1,"{'N': 48, 'k_atr': 2.0, 'R': 2.0, 'H': 96}",0.532752356675382,0.8120199929707641,1172,359,PASS,172,187,1.0770312583931627,0.9576887794760964,-0.10975590059604956,1.4902056417469423,9.59487760476953,0.3015934362688991,0.04905906801532033,0.07810672174057141,-0.02904765372525108,17.6122054175,-10.428107687365138,1085.9242857142854,302.2465833886328,0.35376044568245124,0.35376044568245124,121,227,11,3150,0,0.8691702586511266,0.11396825396825397,198,161,0.8855937186539398,1.0528393087307757,-0.9302238568346688,0.38783742048801106,147,212,0.8538618825252452,1.034525122873617,-1.1990850793737682,0.25818019252354224,14.557061107500127,,9,3,14.557061107500127,-11.456394412681806,-18.409089110823565,-0.00987001089869155,-0.7236279614017562,12.267381713369698,-12.85103627653206,9.339707016789383,-3.1422397526864625,1.563983707116777e-67,0.0,False,True,False,False,False,False
BTCUSDT,H4,momentum,2,"{'N': 12, 'k_atr': 1.5, 'R': 1.5, 'H': 24}",0.532752356675382,0.8120199929707641,2688,998,PASS,490,508,0.9922621209433166,0.8273547809037718,-0.7921636872071386,0.13596007569170304,2.7824617208518605,0.6983228454800569,-0.004269894432715753,0.10109754542938287,-0.10536743986209861,-4.261354643850321,-105.15670498237441,801.7162499999986,243.0223210549331,0.40480961923847697,0.41282565130260523,344,533,121,3161,0,0.32563634635493766,0.3157228725086998,560,438,0.8752333365357664,0.7715133647099023,-1.017792773540398,-2.0420431294635906,438,560,0.8683632742252996,0.7968889112857555,-1.074674761643622,-1.7798984957119661,0.3096118105056185,,9,1,0.3096118105056185,-6.88055124963147,-14.868694645989235,-12.736487058947176,-6.738167807737504,-16.954229225674354,-11.503099264391274,-24.34699397166261,-11.438093568846417,2.996118585235208e-87,0.0,False,False,False,False,False,False
BTCUSDT,H4,macross,0,"{'fast': 10, 'slow': 30, 'ema_trend': 200, 'k_atr': 2.0, 'R': 2.0, 'H': 48}",0.532752356675382,0.8120199929707641,337,272,PASS,126,146,1.3903813751968694,1.2166741274474702,0.42467897062832394,1.8053708071350472,13.741262377045357,0.11734537011273227,0.21357698376327588,0.08432631049668893,0.12925067326658699,58.09293958361104,35.15618312851166,1130.6728571428575,294.331081720004,0.4338235294117647,0.4411764705882353,93,147,32,3137,0,1.382876854700715,0.08670704494740197,150,122,1.3352787874179375,1.0893121149535545,2.136722566297788,0.6394472462716819,114,158,1.4821481060133992,1.0556096682773608,2.9242933587838356,0.4020274278230776,14.983422563740255,0.4261959413787644,9,6,1.9719090476793342,14.983422563740255,7.2506530618816285,5.33443571945247,-1.3718772671808408,-2.2459690850997065,10.107842026639338,0.8572556511989571,-1.7314885897997851,6.296723325376844e-57,0.0,True,True,True,True,False,False
BTCUSDT,H4,macross,1,"{'fast': 20, 'slow': 50, 'ema_trend': 200, 'k_atr': 2.0, 'R': 2.0, 'H': 96}",0.532752356675382,0.8120199929707641,205,184,PASS,84,100,1.475733337209045,1.3024445887791054,0.4777375568838204,2.5309033490027093,19.996188294866926,0.126578844739746,0.2671438725744099,0.08298868187250089,0.18415519070190908,49.15447255369143,33.88455508915127,958.0742857142905,302.1535971876401,0.42934782608695654,0.43478260869565216,75,103,6,3137,0,1.3754092037405161,0.058654765699713104,111,73,1.3737186819175455,1.1998273747719153,2.4003108639359585,1.3601308486805672,90,94,1.4082975277607432,1.2060306344976854,2.587784868003465,1.402820828513674,17.06972163485044,0.503761126269461,9,7,1.510500485956375,6.867712286777823,-3.643350150023644,17.06972163485044,2.903730489729427,4.17590914385501,4.669478559919603,-0.009303516476743878,0.3401561545629761,4.3180708563362694e-57,0.0,True,True,True,True,False,False
BTCUSDT,H4,macross,2,"{'fast': 10, 'slow': 30, 'ema_trend': 100, 'k_atr': 1.5, 'R': 3.0, 'H': 48}",0.532752356675382,0.8120199929707641,414,349,PASS,176,173,1.2836887460379494,1.1019755718963804,0.222672866660665,2.655835327789548,15.354673278814728,0.3217864752655794,0.18435238305833274,0.11061473276555794,0.0737376502927748,64.33898168735813,25.73443995217841,906.744642857142,226.36896618788447,0.332378223495702,0.34097421203438394,87,225,37,3137,0,1.2266052901131053,0.11125278928912974,189,160,1.2966168482273086,0.901306421978268,1.806912142902408,-0.7323060775570855,140,209,1.4589213186292431,0.8991183705228076,2.639691832154946,-0.7454330912826933,20.757291757212922,0.8065958223993066,9,5,7.465870035073555,20.757291757212922,15.608774853434165,-1.864537745634407,-3.969749645718382,3.6414738289484903,-1.2682334518106497,-22.593970162008862,7.95752048268158,1.6047838704978755e-61,0.0,False,True,False,False,False,False
ETHUSDT,M15,trend,0,"{'ema_trend': 200, 'ema_fast': 50, 'ema_pull': 20, 'swing': 5, 'k_atr': 0.5, 'R': 2.0, 'H': 24}",0.4860464650272021,0.9395372378886481,28490,11287,PASS,5897,5390,1.0699300867520354,0.6090919294178304,-6.450303299710599,-0.019811591012532596,0.6212831366200766,0.999999999999995,0.03622073746392145,0.31753746294728874,-0.2813167254833673,408.8234637552814,-3175.2218805307666,12.361785714285816,88.58845024413871,0.36546469389563213,0.40772570213519976,2536,5470,3281,3164,0,5.15707093075875e-15,3.5673198482932995,6477,4810,0.6936787291468729,0.5145718133007327,-4.863174438151098,-8.579606388674339,5139,6148,0.699083660193413,0.5454755355971509,-4.722191952165418,-7.898943738660835,-148.66571390082277,,9,0,-148.66571390082277,-347.30816690731655,-309.59675385171846,-206.70800424384188,-300.79320183315053,-734.6158628968037,-374.8970999212132,-443.62523933057093,-309.01183764532846,0.0,0.0,False,True,False,False,False,False
ETHUSDT,M15,trend,1,"{'ema_trend': 200, 'ema_fast': 50, 'ema_pull': 20, 'swing': 10, 'k_atr': 0.5, 'R': 1.5, 'H': 48}",0.4860464650272021,0.9395372378886481,28490,8995,PASS,4622,4373,1.027002190498673,0.6298430076357938,-5.778956800958242,-0.04687803646267834,0.26229278842362813,0.9999999999579132,0.014447465394115344,0.2716929204888943,-0.257245455094779,129.95495122006753,-2313.922868577537,14.822857142857174,104.08976078189069,0.4038910505836576,0.42412451361867703,3082,4655,1258,3164,0,4.2872236454305546e-11,2.8429203539823007,5104,3891,0.7005839262389761,0.5473664353376707,-4.478366961123133,-7.563519668791144,4055,4940,0.6985076531433014,0.5787069247253543,-4.461711220083393,-6.916279983020106,-123.96112481156051,,9,0,-123.96112481156051,-270.16879099274723,-199.93883922772062,-210.39635196665577,-203.07023507100044,-493.9394708089689,-263.7185229871191,-338.76391744263384,-209.96561526913052,5.761909775676578e-292,0.0,False,True,False,False,False,False
ETHUSDT,M15,trend,2,"{'ema_trend': 100, 'ema_fast': 30, 'ema_pull': 10, 'swing': 5, 'k_atr': 1.0, 'R': 3.0, 'H': 48}",0.4860464650272021,0.9395372378886481,42896,8738,PASS,4513,4225,1.0544308691032134,0.721808143142124,-3.5523373493688113,0.205720249540753,0.5176199278338447,0.9999999968261958,0.031758881068117674,0.23966245394476565,-0.20790357287664796,277.50910277321225,-1816.6614197961499,16.44535714285712,116.1022714068977,0.3301670862897688,0.3587777523460746,1273,4879,2586,3164,0,4.278366588281597e-09,2.761694058154235,4978,3760,0.7937066593302944,0.6393024472131157,-2.5327524643521695,-4.872782136851304,3949,4789,0.8103377057073876,0.6584536310502297,-2.2928784501386366,-4.5763829401060585,-42.54713940959706,,9,0,-42.54713940959706,-215.1464692940642,-117.43877600784067,-141.49317731744068,-203.22040686305,-524.7961485670008,-212.04127844431179,-216.41028044113264,-143.56774345171192,9.463873516084066e-180,0.0,False,True,False,False,False,False
ETHUSDT,M15,breakout,0,"{'N': 20, 'k_atr': 1.0, 'R': 2.0, 'H': 24}",0.4860464650272021,0.9395372378886481,18557,13582,PASS,6997,6585,1.0011528880212215,0.542313409040971,-8.78604989092653,-0.4064130478270205,1.8659457857619124,1.0,0.000691259633844664,0.39510189439995064,-0.39441063476610594,9.388688346878226,-5356.885241393251,10.451785714285506,72.18247357940498,0.3400824620821676,0.36342217640995433,3715,7909,1958,3165,0,7.313177467024634e-25,4.2913112164297,7712,5870,0.6112124954120582,0.4650793983939754,-7.6285199572717035,-10.368263982768562,6169,7413,0.6109235220050692,0.4923611333244247,-7.75110644032111,-9.68944282184151,-338.88892158207796,,9,0,-338.88892158207796,-581.2753523859559,-570.9838634295118,-427.46523800969504,-486.39421606957137,-1215.6052558331178,-691.2326260963962,-501.07618350293274,-543.9635844839925,0.0,0.0,False,True,False,False,False,False
ETHUSDT,M15,breakout,1,"{'N': 50, 'k_atr': 1.0, 'R': 2.0, 'H': 48}",0.4860464650272021,0.9395372378886481,10109,7301,PASS,3841,3460,1.0345458415543631,0.63070699227276,-5.142969443680673,0.09557234193145092,1.191643832952911,0.9999999999421846,0.021421865941092733,0.33169377411278056,-0.3102719081716879,156.40104323591805,-2265.2952015614937,12.98214285714289,84.41663676247654,0.34954115874537733,0.36022462676345707,2222,4462,617,3165,0,6.116725730219921e-11,2.3067930489731436,4138,3163,0.7170957315258146,0.534184136132899,-3.929038759878055,-6.884198252912695,3305,3996,0.7158625246495163,0.5684619246220743,-3.9424220600006326,-6.273821641730451,-108.06217622713493,,9,0,-108.06217622713493,-222.19844306369708,-202.36722621565454,-203.38929690565837,-179.74386394956673,-452.06965476200713,-364.0585894864063,-303.067567788768,-230.33838316260042,2.750911581807679e-245,0.0,False,True,False,False,False,False
ETHUSDT,M15,breakout,2,"{'N': 20, 'k_atr': 1.5, 'R': 1.5, 'H': 24}",0.4860464650272021,0.9395372378886481,18557,12951,PASS,6655,6296,1.0067343705879312,0.5859146558964935,-7.533129330969895,-0.37409075473261943,1.4693625111666124,1.0,0.0034651710232462235,0.28887300500313223,-0.285407833979886,44.87742992206184,-3696.3168578735035,14.101071428571458,97.5694621788651,0.38993127943788125,0.42267006408771524,4057,6257,2637,3165,0,2.6505340226584628e-17,4.091943127962085,7345,5606,0.6493100916681459,0.5129596438325749,-6.421787928907714,-8.997649684277807,5867,7084,0.6531187666250823,0.536116774464761,-6.36449101601538,-8.503202928439809,-229.10163793703367,,9,0,-229.10163793703367,-395.92376285721895,-398.7457301814716,-294.1145777712356,-357.0616674239562,-842.622493788562,-469.43904324603494,-331.62997411328513,-377.6779705547051,0.0,0.0,False,True,False,False,False,False
ETHUSDT,M15,meanrev,0,"{'N': 20, 'k_ext': 2.0, 'swing': 3, 'k_atr': 0.5, 'R': 1.5, 'H': 24}",0.4860464650272021,0.9395372378886481,5408,4552,PASS,2090,2462,0.8788740258707908,0.49607783363504554,-5.525343824132611,-1.3195776360844007,5.921987195960802,0.999999974198245,-0.06676336364035386,0.30493935190024746,-0.3717027155406013,-303.90683129089075,-1691.990761140817,13.505357142857179,89.93145751804782,0.3780755711775044,0.4108084358523726,1278,2452,822,3165,0,2.9229924449146602e-08,1.4382306477093207,2602,1950,0.5260116433970807,0.45900277578601933,-6.219946186690402,-7.145427659501526,2034,2518,0.5210174224547071,0.4771581836824685,-6.281387766294607,-6.896174547154815,-121.83482622824859,,9,0,-144.39450827818348,-121.83482622824859,-233.22598682042883,-194.29987463918,-186.7902127139255,-258.43176168842973,-185.68231268085637,-219.55447947755988,-147.77679861400472,0.0,0.0,False,False,False,False,False,False
ETHUSDT,M15,meanrev,1,"{'N': 20, 'k_ext': 2.5, 'swing': 3, 'k_atr': 0.5, 'R': 1.0, 'H': 12}",0.4860464650272021,0.9395372378886481,2237,2051,PASS,889,1162,0.8117262794177253,0.39044773789926585,-4.425811302646304,-3.8601753913571693,49.314175620138016,0.9996504444049699,-0.08659823506534392,0.2919010701375075,-0.37849930520285147,-177.6129801190204,-776.3020749710483,13.482500000000073,94.38845941468652,0.41540711847879086,0.4690394929302779,657,893,501,3162,0,0.00037118408343102206,0.6486401012017711,1152,899,0.40199923087159833,0.375351185202852,-7.659206344143283,-6.556121414486293,888,1163,0.40421028042064666,0.37977666572028207,-7.606726877471278,-6.795004041868801,-64.28599736992753,,9,0,-74.22511918921181,-64.28599736992753,-94.16785642400515,-98.70625197787956,-100.06824443066641,-114.07796603456833,-67.08849144917448,-95.64369201629063,-68.03845607932445,2.4771298209537765e-255,0.0,False,False,False,False,False,False
ETHUSDT,M15,meanrev,2,"{'N': 50, 'k_ext': 2.0, 'swing': 5, 'k_atr': 1.0, 'R': 1.5, 'H': 24}",0.4860464650272021,0.9395372378886481,22940,9711,PASS,4552,5159,0.9498677408485239,0.5762971897568056,-6.23532648437003,-0.7097735362569721,0.8995160989180802,0.9999999999980372,-0.02458635810144447,0.24377594084419316,-0.2683622989456376,-238.75812352312724,-2606.066285061087,17.0428571428572,112.70182923026915,0.4103593862630007,0.45072598084646276,2324,4557,2830,3165,0,2.112716854706428e-12,3.06824644549763,5544,4167,0.6391920689366832,0.5021191392114882,-5.314591956390804,-7.830512799342904,4373,5338,0.6597121869991716,0.5159172118080265,-4.883147633023737,-7.6678245630266675,-167.63700228140695,,9,0,-167.63700228140695,-223.14554151082677,-282.6650682935742,-205.41248930379388,-322.0870847655195,-443.2670689969794,-340.4286600116258,-355.169279804567,-266.25409009279355,0.0,0.0,False,False,False,False,False,False
ETHUSDT,M15,momentum,0,"{'N': 24, 'k_atr': 2.0, 'R': 2.0, 'H': 48}",0.4860464650272021,0.9395372378886481,31006,8825,PASS,4396,4429,0.9905876468869085,0.6242962867444166,-5.637202190609464,-0.47170219990071105,1.5020839202294836,0.999999999999179,-0.005773912561009921,0.297787924898068,-0.3035618374590779,-50.95477835091255,-2678.9332155763623,12.984285714285761,91.40889770063342,0.3453824362606232,0.36305949008498584,2440,5325,1060,3164,0,8.228132619767382e-13,2.7891908975979773,4958,3867,0.6967577440910954,0.5432159187856548,-4.5136942091316286,-7.084859374407853,3933,4892,0.7082969640197833,0.5645000642995189,-4.350249279020909,-6.679172975225975,-138.92558867323194,,9,0,-138.92558867323194,-294.6520182381341,-265.2797843411335,-166.07383169969768,-276.88216310557885,-624.3871988156138,-317.29599824936247,-280.8851103775102,-314.55152207609945,0.0,0.0,False,False,False,False,False,False
ETHUSDT,M15,momentum,1,"{'N': 48, 'k_atr': 2.0, 'R': 2.0, 'H': 96}",0.4860464650272021,0.9395372378886481,21400,6171,PASS,3076,3095,1.0304131606251923,0.6645163516750716,-4.083635137896656,-0.7120722798842658,2.397328995372142,0.9999999879745772,0.019590861506134507,0.3018453887840452,-0.28225452727791067,120.89520635435605,-1741.7926878319868,12.775714285714344,90.21277126154568,0.34402852049910876,0.34743153459731,2002,3957,212,3165,0,1.2387837239586236e-08,1.9497630331753555,3484,2687,0.716265076232705,0.6043607527528222,-3.555659895199303,-5.042552634534682,2740,3431,0.7280988294152071,0.6186973759826693,-3.378376668647632,-4.87216640520322,-67.96463644918043,,9,0,-138.8403939783423,-220.06115577831406,-164.3665427944238,-67.96463644918043,-200.66133846763188,-407.04889117089454,-197.27157847041065,-146.05734772974668,-199.52080299304268,1.8851265368239217e-245,0.0,False,True,False,False,False,False
ETHUSDT,M15,momentum,2,"{'N': 12, 'k_atr': 1.5, 'R': 1.5, 'H': 24}",0.4860464650272021,0.9395372378886481,44299,16488,PASS,8276,8212,1.0340119881943908,0.5301457527732192,-8.882746926612619,-1.458900266170995,7.233851939119858,1.0,0.01849227595690159,0.3815714849907174,-0.3630792090338158,304.9006459773934,-5986.449998549555,10.490357142857192,71.75415737580641,0.39841096555070354,0.42661329451722463,5765,8761,1962,3164,0,7.9966708676682985e-28,5.211125158027813,9251,7237,0.6344741481600794,0.4209742820188824,-7.336864466460149,-11.022925623642859,7290,9198,0.6548668736525851,0.4485102163877468,-6.894503927993063,-10.576099559105742,-335.03142339321585,,9,0,-335.03142339321585,-499.0505110963296,-482.12897284554685,-423.40597762247046,-641.8023349745791,-1354.155396064074,-847.543317637984,-717.4206482147663,-685.9114167005893,0.0,0.0,False,True,False,False,False,False
ETHUSDT,M15,macross,0,"{'fast': 10, 'slow': 30, 'ema_trend': 200, 'k_atr': 2.0, 'R': 2.0, 'H': 48}",0.4860464650272021,0.9395372378886481,6082,4831,PASS,2465,2366,1.0592105991826777,0.6503128998077882,-3.6768400093160514,-1.1272370660685604,7.600116781286219,0.9999995788072364,0.03626218422083305,0.32404649847150513,-0.287784314250672,175.18261197084445,-1390.2860221449967,11.674285714285816,86.10966247437858,0.3504450424342786,0.36659076795694473,1473,2913,445,3164,0,4.957389744038222e-07,1.526864728192162,2742,2089,0.7476708274872187,0.5431006309096105,-2.8226220029018,-5.4075403577643355,2157,2674,0.7565945238064307,0.5767758541635691,-2.6912017980494713,-4.984613194510243,-49.6329281595024,,9,0,-50.71656261587493,-158.19232066104695,-137.21307639991673,-49.6329281595024,-130.01309123390016,-401.9496063634851,-138.62234018623036,-157.14562040208233,-166.80047612295775,2.949826405876159e-229,0.0,False,True,False,False,False,False
ETHUSDT,M15,macross,1,"{'fast': 20, 'slow': 50, 'ema_trend': 200, 'k_atr': 2.0, 'R': 2.0, 'H': 96}",0.4860464650272021,0.9395372378886481,3756,3290,PASS,1652,1638,1.0364663820873075,0.6592165880847288,-3.0414238851260205,-1.2418662500615323,5.945121972213292,0.9999595673560473,0.023519784901614736,0.31425680383487614,-0.29073701893326137,77.38009232631248,-956.5247922904299,12.122142857142876,88.98173412810924,0.3437689969604863,0.3474164133738602,1080,2113,97,3165,0,4.625109323065233e-05,1.0394944707740916,1836,1454,0.7545162878396525,0.5568457759790916,-2.636948988492607,-5.125037677509415,1477,1813,0.7647974086675803,0.5843478693935091,-2.5012350757329127,-4.763901267122613,-25.217932224613655,,9,0,-25.217932224613655,-104.40741624129717,-107.3193677680365,-36.96315308988418,-82.93311442296933,-271.9658535768452,-114.85291085036337,-112.34848637438895,-100.51655774203151,3.031542315985321e-204,0.0,False,True,False,False,False,False
ETHUSDT,M15,macross,2,"{'fast': 10, 'slow': 30, 'ema_trend': 100, 'k_atr': 1.5, 'R': 3.0, 'H': 48}",0.4860464650272021,0.9395372378886481,7259,6098,PASS,3050,3048,1.0332684531981613,0.6002546808664644,-4.483049748614548,-1.7455915793174646,13.356665831531561,0.9999999999972173,0.023494091643355957,0.4324782676962123,-0.40898417605285625,143.26697084118462,-2493.9855055703174,8.94857142857154,64.78847460678773,0.27205641193834046,0.28304362085929813,1368,4283,447,3164,0,3.630691342798217e-12,1.927307206068268,3465,2633,0.6893220240751927,0.5048091106828189,-3.8221641451184283,-5.9999344336487885,2748,3350,0.6912273864043839,0.5370583227957947,-3.8135044954898647,-5.576274659770956,-120.75028179645095,,9,0,-138.71442094032827,-260.8998339779046,-269.3027164060162,-120.75028179645095,-212.98426482485087,-675.9094008373739,-306.96664558534235,-214.9498642181463,-293.5080769839041,1.4336541559575177e-292,0.0,False,True,False,False,False,False
ETHUSDT,H1,trend,0,"{'ema_trend': 200, 'ema_fast': 50, 'ema_pull': 20, 'swing': 5, 'k_atr': 0.5, 'R': 2.0, 'H': 24}",0.4860464650272021,0.9395372378886481,6808,2726,PASS,1378,1348,1.0210505176253137,0.7831764420707505,-1.6133325901287554,0.416016042218764,0.15919139093161316,0.9799469019623759,0.010879369522405617,0.14253104183083384,-0.13165167230842822,29.657161318077712,-358.88245871277536,27.93732142857141,195.5015772227149,0.38664710198092445,0.40498899486427,563,1309,854,3163,0,0.02264551802191859,0.8618400252924439,1543,1183,0.8963839657522612,0.6565034013224466,-0.856957150523483,-3.3050154958852387,1227,1499,0.9515622302812101,0.6688598831217206,-0.38791877299820826,-3.1665284634626016,10.176437458576642,,9,1,-17.717908185491893,-9.728620408861316,-15.149656669633561,10.176437458576642,-58.14555948010632,-112.27060653654765,-48.428753878260565,-69.07021241696805,-38.547578595482655,5.599083506084587e-110,0.0,False,True,False,False,False,False
ETHUSDT,H1,trend,1,"{'ema_trend': 200, 'ema_fast': 50, 'ema_pull': 20, 'swing': 10, 'k_atr': 0.5, 'R': 1.5, 'H': 48}",0.4860464650272021,0.9395372378886481,6808,2152,PASS,1088,1064,0.9880873998046831,0.793600006860888,-1.4545884939012792,0.2057394908038528,0.02242773340550297,0.9485057916038355,-0.006447404043316317,0.12031357870204781,-0.12676098274536413,-13.874813501216714,-272.7896348680236,34.10446428571436,228.95339500804573,0.40985130111524165,0.41682156133828996,711,1128,313,3163,0,0.056743661406551994,0.6803667404362946,1215,937,0.8789862484651919,0.6954123726770051,-1.0559023241884806,-3.0150936298805906,957,1195,0.9215703889393176,0.7046435515981014,-0.6687726184194585,-2.8984273213566563,4.17493933363701,,9,2,-22.428490953269662,2.1088916699319444,-26.362533505985635,4.17493933363701,-43.03863357479108,-78.89282325914444,-34.62305347138798,-49.30316779680824,-24.42476331020553,3.331396631281698e-107,0.0,False,False,False,False,False,False
ETHUSDT,H1,trend,2,"{'ema_trend': 100, 'ema_fast': 30, 'ema_pull': 10, 'swing': 5, 'k_atr': 1.0, 'R': 3.0, 'H': 48}",0.4860464650272021,0.9395372378886481,10617,2175,PASS,1132,1043,1.0881807297854191,0.9139541698766124,-0.5051387175608252,1.1252571877909905,1.8133494212553671,0.8483615588240505,0.05114128273253301,0.10713779916447122,-0.05599651643193821,111.2322899432593,-121.7924232394656,36.51357142857137,246.37238051166764,0.3535632183908046,0.3664367816091954,319,1207,649,3163,0,0.23508324770119887,0.6876383180524818,1233,942,1.0499196764174656,0.7572032810245592,0.3529468881529471,-2.070297393805344,989,1186,1.0539277180668345,0.8101902632910497,0.37906829993181795,-1.5621582939909993,23.762134430777106,,9,3,23.762134430777106,-1.9128323730816172,-1.3085558937386859,11.955001126462562,5.3419909075890715,-69.31973030294391,-38.78265603428704,-38.78492541269243,-12.742849687550676,8.101482015402999e-77,0.0,False,True,False,False,False,False
ETHUSDT,H1,breakout,0,"{'N': 20, 'k_atr': 1.0, 'R': 2.0, 'H': 24}",0.4860464650272021,0.9395372378886481,4659,3271,PASS,1686,1585,1.0275112460205666,0.7850584192450892,-1.8314658633673173,0.5454472200535325,0.8819178323212902,0.9958043303057943,0.016202023317232663,0.16590210697016397,-0.1497000836529313,52.996818270668044,-489.6689736287383,24.45785714285705,161.6078651499887,0.36533170284316724,0.3735860593090798,881,1866,524,3164,0,0.005601896860120344,1.033817951959545,1864,1407,0.8820992946625344,0.6718114717842784,-1.074649495872748,-3.5192325794694383,1467,1804,0.9118718901998332,0.6941175091279255,-0.7731776408378722,-3.268648340513023,3.4666829493862057,,9,1,3.4666829493862057,-40.09620073967438,-19.495016724902065,-27.722749352384195,-60.800216046859695,-129.96106957160782,-97.62362315624281,-75.0672054896984,-42.36957549675516,8.451069107287888e-115,0.0,False,True,False,False,False,False
ETHUSDT,H1,breakout,1,"{'N': 50, 'k_atr': 1.0, 'R': 2.0, 'H': 48}",0.4860464650272021,0.9395372378886481,2737,1864,PASS,987,877,1.158768163629681,0.9237439258948887,-0.47670513402823733,0.8786155369823054,2.3569329672139387,0.7692640061060209,0.09489902390491523,0.14755510872207858,-0.05265608481716337,176.89178055876198,-98.15094209919252,26.278214285714398,171.55163289505455,0.3825107296137339,0.3857296137339056,612,1103,149,3161,0,0.3167262818367068,0.5896868079721607,1082,782,1.0078871276067385,0.8179141095870791,0.06720559330565068,-1.7567897439914777,850,1014,1.0452709872239623,0.8316457841277886,0.3765658397170377,-1.6124741824468103,25.28035165484097,,9,2,25.28035165484097,-13.427593641619515,-2.305187294495121,15.573513189039069,-19.46579212289565,-43.53192066099415,-7.5257747679637905,-25.450492704348992,-27.298045750755335,1.1892690529106893e-76,0.0,False,True,False,False,False,False
ETHUSDT,H1,breakout,2,"{'N': 20, 'k_atr': 1.5, 'R': 1.5, 'H': 24}",0.4860464650272021,0.9395372378886481,4659,3140,PASS,1629,1511,1.02299032336996,0.809223249564983,-1.5539074299997184,0.27234133849147524,0.4408646524227193,0.9812286485457865,0.0116855377799658,0.12233864660506683,-0.11065310882510102,36.69258862909261,-347.4507617108172,32.63964285714292,214.56449376965537,0.4178343949044586,0.42738853503184715,968,1498,674,3164,0,0.025336031089658106,0.9924146649810367,1795,1345,0.9163274241175422,0.6846292750216122,-0.7448427507095042,-3.187585493046243,1415,1725,0.9439251459261356,0.7126080993645516,-0.4871352800538132,-2.880958048037047,9.275457476262451,,9,1,9.275457476262451,-28.835443891493057,-21.412866987327646,-1.6825023021064025,-39.29020584968478,-119.19703911316836,-69.37295156070539,-53.66096186613445,-23.274247616459597,1.3318451900000001e-109,0.0,False,True,False,False,False,False
ETHUSDT,H1,meanrev,0,"{'N': 20, 'k_ext': 2.0, 'swing': 3, 'k_atr': 0.5, 'R': 1.5, 'H': 24}",0.4860464650272021,0.9395372378886481,1638,1381,PASS,608,773,0.6882312628211088,0.5282483962779244,-2.9360415195662375,-1.3671298415279012,6.264551825890703,0.992845219631174,-0.19764073356059392,0.14709881498707264,-0.34473954854766653,-272.9418530471802,-476.0853165443275,25.131428571428387,165.0563607085337,0.3425054308472122,0.35047067342505434,357,869,155,3163,0,0.007671244919158859,0.4366108125197597,837,544,0.4610645842151425,0.6424597029628483,-6.434141920159611,-3.5441184215681516,648,733,0.465728824577518,0.5865828014889437,-6.3463546815876315,-4.311063090972999,-8.995359569083131,,9,0,-71.92649145717989,-50.73886603004052,-65.23951784206997,-72.34886143299249,-82.19189434717215,-8.995359569083131,-61.814906726168864,-43.27130307736713,-19.558116062253337,7.327828836325902e-203,0.0,False,False,False,False,False,False
ETHUSDT,H1,meanrev,1,"{'N': 20, 'k_ext': 2.5, 'swing': 3, 'k_atr': 0.5, 'R': 1.0, 'H': 12}",0.4860464650272021,0.9395372378886481,686,630,PASS,271,359,0.5780513936791194,0.41142252942838536,-2.7075665409794967,-2.7729883173946788,14.58877554179977,0.9119536150292608,-0.23093672796386772,0.14344926756283935,-0.37438599552670704,-145.49013861723665,-235.86317718182545,24.791071428571627,169.5254078628805,0.36984126984126986,0.3968253968253968,181,332,117,3150,0,0.09161525690610446,0.2,364,266,0.3515986182138835,0.5063251438692746,-8.583017686520792,-5.435808935216222,279,351,0.2991734690435446,0.5179577590917998,-9.718371654749872,-5.371676060450009,-2.854344091098076,,9,0,-37.622858417803805,-37.88474231783644,-37.948538122484806,-23.29915813014574,-22.61737170742221,-26.83581861185609,-27.55393543415972,-19.24641034901854,-2.854344091098076,7.740407891544915e-240,0.0,False,False,False,False,False,False
ETHUSDT,H1,meanrev,2,"{'N': 50, 'k_ext': 2.0, 'swing': 5, 'k_atr': 1.0, 'R': 1.5, 'H': 24}",0.4860464650272021,0.9395372378886481,6411,2628,PASS,1217,1411,0.8951798905142455,0.7176109639362913,-2.107551064618113,-0.7459617139727434,1.6973700220211247,0.9902535634216656,-0.05499391785926916,0.11172715391100504,-0.16672107177027418,-144.52401613415935,-438.14297661228056,34.540714285714216,224.20855203004965,0.4193302891933029,0.4356925418569254,660,1343,625,3163,0,0.010483028351820634,0.830856781536516,1550,1078,0.7007782098603417,0.7426879594726951,-2.9052038079696985,-2.3353387420975475,1214,1414,0.6875039689345345,0.7443543751140849,-3.036119824739105,-2.3564099409968784,-19.956332468190254,,9,0,-75.43349001050116,-48.28958981729491,-59.243051729480314,-45.11836117615074,-49.70874959186654,-31.114464869146044,-74.62883959740898,-34.65009735224166,-19.956332468190254,5.928294474197126e-145,0.0,False,False,False,False,False,False
ETHUSDT,H1,momentum,0,"{'N': 24, 'k_atr': 2.0, 'R': 2.0, 'H': 48}",0.4860464650272021,0.9395372378886481,7353,2123,PASS,1060,1063,1.0110358734589255,0.8175234336890072,-1.2084450102138011,0.10346238399797786,0.5608467690057526,0.9594714128200027,0.00669219551754997,0.13307192572454724,-0.12637973020699728,14.207531083758585,-268.30416722945523,29.942857142857065,196.90970278693342,0.35892604804521905,0.3674046161092793,585,1261,277,3163,0,0.056094760637951685,0.6711982295289283,1147,976,0.9076565867242355,0.7234097798902585,-0.7843645035912474,-2.668053662411248,895,1228,0.9169682504623435,0.7526914728377982,-0.7025161701962834,-2.330502962618314,10.480099212702585,,9,2,8.446103824172722,-9.353388109131096,-12.932803544042631,-34.341098440956735,-21.173994140840843,-91.75279746116689,-48.29367984029899,-69.38260872989332,10.480099212702585,3.155624949542536e-100,0.0,False,True,False,False,False,False
ETHUSDT,H1,momentum,1,"{'N': 48, 'k_atr': 2.0, 'R': 2.0, 'H': 96}",0.4860464650272021,0.9395372378886481,5091,1448,PASS,694,754,1.068095881295561,0.8806941125830826,-0.6536778749456411,0.32024693059749587,1.1215297997189388,0.7525515346274428,0.04348850993980525,0.1294721765864969,-0.08598366664669166,62.971362392838,-124.50434930440952,30.57428571428568,193.10704606318154,0.35428176795580113,0.35566298342541436,484,920,44,3159,0,0.24912845250996044,0.45837290281734727,812,636,0.9523082187203703,0.7957767677850034,-0.4030864709829968,-1.8931051931595624,632,816,0.9478853946563203,0.8317741935026783,-0.43875077557782804,-1.531814156851829,5.06417663887324,,9,1,-13.078125770199769,-8.635843422370156,-6.263827786053818,5.06417663887324,-4.086206961852916,-8.68595474362037,-56.65991364236479,-32.14831807856064,-0.010335538260279914,1.1348993495781578e-82,0.0,False,True,False,False,False,False
ETHUSDT,H1,momentum,2,"{'N': 12, 'k_atr': 1.5, 'R': 1.5, 'H': 24}",0.4860464650272021,0.9395372378886481,10571,4095,PASS,2041,2054,1.0796630762699233,0.7999589726402523,-1.893487788868732,-0.3987660316827352,0.46175151271801784,0.9961253939385682,0.04267999829036542,0.16933369383090624,-0.12665369554054082,174.7745929990464,-518.6468832385146,22.83107142857125,151.3747982741152,0.42246642246642246,0.4341880341880342,1487,2142,466,3165,0,0.00412169391580692,1.2938388625592416,2276,1819,0.8635705340178776,0.7278099629853034,-1.3711850392208231,-2.9017640442298736,1790,2305,0.8538747075974626,0.7611032997639484,-1.4540506622769223,-2.530933906029647,-16.80172364174095,,9,0,-51.5367807255482,-45.14362015746464,-45.19648138640733,-16.80172364174095,-29.30396870816744,-99.5483307225277,-85.03555706219868,-71.5616266084069,-74.51879422605278,3.1651021404336265e-130,0.0,False,True,False,False,False,False
ETHUSDT,H1,macross,0,"{'fast': 10, 'slow': 30, 'ema_trend': 200, 'k_atr': 2.0, 'R': 2.0, 'H': 48}",0.4860464650272021,0.9395372378886481,1431,1141,PASS,559,582,1.0965056622862461,0.8773868502821609,-0.5815623658184939,0.4652811295919757,1.9842432144188247,0.7948903574012427,0.05743749855112498,0.14161285521948455,-0.08417535666835957,65.5361858468336,-96.04408195859827,29.08428571428567,184.94558983970634,0.37248028045574055,0.38299737072743206,350,669,122,3158,0,0.34329105819651,0.36130462317922735,597,544,1.0426489742291687,0.7253957439590166,0.3190682106063427,-2.541237048418214,470,671,1.1011663382336792,0.7473050598575551,0.7332987202224462,-2.2964843902755887,17.655631615589407,,9,4,15.721115274361706,17.655631615589407,-13.448487581433065,9.202583874626136,-13.125894925553691,-50.15832637186525,-29.487387619712038,-40.220218626341236,7.816902401729757,3.062149452011737e-80,0.0,False,True,False,False,False,False
ETHUSDT,H1,macross,1,"{'fast': 20, 'slow': 50, 'ema_trend': 200, 'k_atr': 2.0, 'R': 2.0, 'H': 96}",0.4860464650272021,0.9395372378886481,851,767,PASS,368,399,1.068916004245519,0.8692960430955217,-0.5101525838665415,-0.0031862937753442764,9.237128505616251,0.6335605196936276,0.04442876830753113,0.14081906002719596,-0.09639029171966483,34.07686529187638,-73.93135374898293,30.231428571428296,189.39086777631667,0.3494132985658409,0.3494132985658409,263,493,11,3152,0,0.43893818421262143,0.24333756345177665,408,359,1.0290470199150485,0.7136579476507244,0.22254918871001436,-2.5815281954581883,327,440,0.9811955198182138,0.7941271135847741,-0.14825612785558082,-1.7606379125250855,12.417502190293304,,9,4,-14.554241302197795,5.072171848643855,12.417502190293304,-7.209478568439757,12.381990413121583,-38.876603189179946,-7.301336510805585,-42.29592489640318,6.4345662659846,3.18712999407603e-79,0.0,False,True,False,False,False,False
ETHUSDT,H1,macross,2,"{'fast': 10, 'slow': 30, 'ema_trend': 100, 'k_atr': 1.5, 'R': 3.0, 'H': 48}",0.4860464650272021,0.9395372378886481,1694,1418,PASS,741,677,1.1743704553228975,0.9082586078206902,-0.43888068333091684,0.31318896984936107,5.898309110163412,0.8049675395680926,0.1172516528571008,0.1913135687441153,-0.07406191588701448,166.26284375136893,-105.01979672778653,21.385178571428582,138.97906429610856,0.31100141043723556,0.3159379407616361,343,947,128,3159,0,0.278476972943963,0.44887622665400445,764,654,1.0323912685304821,0.7812671886867117,0.23513772268535968,-1.8529837294383082,602,816,1.0506780241381046,0.8139094023653031,0.36525241711339257,-1.5369327054787691,16.01079524295206,,9,3,6.935471786289764,-5.310055811712808,5.481222556554092,16.01079524295206,-4.366632908873072,-59.43403046922306,-34.16824768539005,-20.225096721152404,-9.943222717231071,8.57739108804481e-77,0.0,False,True,False,False,False,False
ETHUSDT,H4,trend,0,"{'ema_trend': 200, 'ema_fast': 50, 'ema_pull': 20, 'swing': 5, 'k_atr': 0.5, 'R': 2.0, 'H': 24}",0.4860464650272021,0.9395372378886481,1597,653,PASS,326,327,1.1287756862356637,1.0036639848470124,0.011708930721249143,1.3789231079183235,6.165499214207658,0.38608412889178495,0.06490898668909828,0.06292076408194323,0.0019882226071550363,42.38556830798118,1.2983093624722386,61.27107142857153,417.1678898948523,0.41807044410413474,0.43032159264931086,145,310,198,3158,0,0.9648222018397891,0.20677644078530716,364,289,1.1839859756648163,0.8191554760473674,1.1834467043560901,-1.452822839300936,291,362,1.2824344304486435,0.8195169555413648,1.7527228989413082,-1.4341338220657018,13.383946877306037,10.30875018248374,9,4,7.792801109452159,11.280695496533756,7.353576108853815,13.383946877306037,-6.839838770412521,-12.145081588692225,-13.679704869240611,-1.6853724425204877,-4.162712558807684,3.208341261808424e-65,0.0,False,True,False,False,False,False
ETHUSDT,H4,trend,1,"{'ema_trend': 200, 'ema_fast': 50, 'ema_pull': 20, 'swing': 10, 'k_atr': 0.5, 'R': 1.5, 'H': 48}",0.4860464650272021,0.9395372378886481,1597,508,PASS,259,249,1.1423356804557532,1.0368552028112168,0.1091358351176691,0.7512254814567444,4.875961872455508,0.2711069343905198,0.07204702743106217,0.052310592892044976,0.019736434539017196,36.599889934979586,10.026108745820736,74.48803571428573,501.57515078729494,0.4507874015748031,0.4507874015748031,178,250,80,3159,0,1.0689580328083708,0.16081038303260525,287,221,1.182581980304828,0.877373318120033,1.2587695343041863,-0.9925298841000537,228,280,1.303281612831696,0.8643519998905084,1.987965325535359,-1.1047670149464783,13.21950713870027,1.3185082541829267,9,4,4.79472990357622,13.21950713870027,3.2041614759778017,11.206749510740039,-6.4710451017021535,-7.299568059985343,-4.880195538469362,-1.896529442777623,-1.8517011402391124,5.919225564220895e-63,0.0,False,True,False,False,False,False
ETHUSDT,H4,trend,2,"{'ema_trend': 100, 'ema_fast': 30, 'ema_pull': 10, 'swing': 5, 'k_atr': 1.0, 'R': 3.0, 'H': 48}",0.4860464650272021,0.9395372378886481,2657,522,PASS,255,267,1.2759817255020747,1.1795039818352986,0.44742265623093636,2.7707114634879537,12.83610378524094,0.2032754214240823,0.1513034306132398,0.047666131986948176,0.10363729862629159,78.98039078011118,54.09866988292421,75.81464285714276,535.1646650284878,0.39655172413793105,0.4003831417624521,83,272,167,3158,0,1.6213928480224964,0.16529449018366055,302,220,1.3124522596272368,1.01237509000455,1.803378460184479,0.08331939398230344,242,280,1.3171840484287294,1.0703978778795735,1.8098657498062354,0.4624533240553435,14.093882331798085,0.2605217903194086,9,7,10.949359034692275,14.093882331798085,4.938444657521487,12.28051072587755,10.184090476855085,8.132542692407142,-11.604552294047771,-0.8307406816376657,5.955132939458025,1.7813222824169265e-58,0.0,True,True,True,True,False,False
ETHUSDT,H4,breakout,0,"{'N': 20, 'k_atr': 1.0, 'R': 2.0, 'H': 24}",0.4860464650272021,0.9395372378886481,1282,871,PASS,481,390,1.1291479674429226,0.9994225417405751,-0.002274722748788059,1.2685267457198783,4.168699114355006,0.43641560655584316,0.07501819794814713,0.07538075539154526,-0.0003625574433981418,65.34085041283615,-0.3157875331997815,51.42785714285719,328.3488853316665,0.3880597014925373,0.39265212399540755,263,493,115,3150,0,0.9233191841336139,0.2765079365079365,503,368,1.1154876664691906,0.8562169299900472,0.8413599945396478,-1.1914239419913162,401,470,1.161047816165495,0.87487322946011,1.1459944844768613,-1.0303657077801927,31.853378177473544,,9,3,31.853378177473544,-4.233319311407689,13.863250531956329,-3.153249940566563,-3.4468428339343213,-14.67120139000386,6.264721204344428,-10.417310002072936,-16.375213968988717,2.3715323137406866e-65,0.0,False,True,False,False,False,False
ETHUSDT,H4,breakout,1,"{'N': 50, 'k_atr': 1.0, 'R': 2.0, 'H': 48}",0.4860464650272021,0.9395372378886481,755,494,PASS,278,216,1.3453686821067556,1.2085797614815899,0.5624459056346297,1.9657375546519722,8.856884898881429,0.16108488556705464,0.19748351200001335,0.0697638165590103,0.12771969544100306,97.5568549280066,63.09352954785551,56.078214285714296,351.1195619778406,0.4068825910931174,0.4109311740890688,186,279,29,3147,0,1.7876272179142572,0.15697489672704162,292,202,1.251116519766717,1.1487397745734282,1.6912622894956548,1.084567196127219,229,265,1.3607224544502703,1.0881583896981417,2.3185136439516634,0.657924551944121,24.003917804586187,0.3804497541444336,9,7,24.003917804586187,7.735312762561246,7.108033114785952,9.360924207596295,-3.8086845338511934,-1.5866014821184629,12.670224956690536,2.1142381099811325,5.496164607623817,7.48302560009276e-55,0.0,True,True,True,True,True,False
ETHUSDT,H4,breakout,2,"{'N': 20, 'k_atr': 1.5, 'R': 1.5, 'H': 24}",0.4860464650272021,0.9395372378886481,1282,840,PASS,459,381,1.0730243773222106,0.9664642785791291,-0.13275047476935983,0.8134547961269677,3.382028844843672,0.4371458806558417,0.03726105421369164,0.05542835404160087,-0.018167299827909225,31.29928553950098,-15.260531855443748,69.11821428571432,439.06778074875643,0.43333333333333335,0.4380952380952381,280,406,154,3153,0,0.8144460908660446,0.2664129400570885,489,351,1.0492937020146342,0.8595046589330524,0.37112120639613555,-1.1623453610239722,387,453,1.0879899555244503,0.8703804651081786,0.6532841869882774,-1.063214070867837,27.67082957518719,,9,3,27.67082957518719,-8.239383060234495,8.40426339904047,-10.156310231028153,-5.0377961549068875,-14.685511035607151,8.172718547527591,-11.795703267979134,-9.59363962744319,1.935987074932559e-68,0.0,False,True,False,False,False,False
ETHUSDT,H4,meanrev,0,"{'N': 20, 'k_ext': 2.0, 'swing': 3, 'k_atr': 0.5, 'R': 1.5, 'H': 24}",0.4860464650272021,0.9395372378886481,450,397,PASS,164,233,0.7621261800084961,0.6658613256249689,-1.0965763359877485,-0.1641406879377271,8.326349806941453,0.6151259338149063,-0.14957724689904783,0.07740599774820714,-0.22698324464725497,-59.38216701892199,-90.11234812496022,41.95964285714308,302.35992976630797,0.34760705289672544,0.3526448362720403,121,247,29,3150,0,0.39523064257112817,0.12603174603174602,231,166,0.6167097450277319,0.740603998942457,-3.8995946338142384,-2.3408004460318694,182,215,0.5917688096387939,0.7334825272753825,-4.186948650190444,-2.457371369842404,-0.08275848246388007,,9,0,-21.564931203599,-3.9817381135999925,-15.156722939330855,-11.829914345026197,-9.826218811037066,-0.08275848246388007,-13.238973889199636,-8.17769050373438,-6.253399836969217,3.1391848564905604e-97,0.0,False,False,False,False,False,False
ETHUSDT,H4,meanrev,1,"{'N': 20, 'k_ext': 2.5, 'swing': 3, 'k_atr': 0.5, 'R': 1.0, 'H': 12}",0.4860464650272021,0.9395372378886481,202,193,PASS,83,110,0.6275315211645742,0.5307296288169681,-1.1875181337456804,-2.2536324699611243,20.567535366227794,0.43313189933951735,-0.21002782547921828,0.07466080762690151,-0.28468863310611975,-40.535370317489125,-54.94490618948112,41.14107142857142,312.7190717050104,0.38860103626943004,0.40414507772020725,65,106,22,3149,0,0.5722989902023758,0.06128929818990156,106,87,0.42302782145780693,0.6997856617369779,-7.11551550071734,-2.855054998504759,86,107,0.41128386260940053,0.6510438788036023,-7.355735635092513,-3.444247306880392,3.4057817269061292,,9,1,-18.434334432455913,-5.057006368780891,-9.785264214814504,-1.3133941049663478,-6.675767192404918,3.4057817269061292,-8.79101288090029,-3.931377761767947,-4.362530960296432,8.507241436919081e-116,0.0,False,False,False,False,False,False
ETHUSDT,H4,meanrev,2,"{'N': 50, 'k_ext': 2.0, 'swing': 5, 'k_atr': 1.0, 'R': 1.5, 'H': 24}",0.4860464650272021,0.9395372378886481,1729,743,PASS,320,423,0.8371227051576322,0.7519117821517648,-1.002029402595067,0.02653807283395909,3.783336815899398,0.6810407667360486,-0.09003108751600483,0.055738061051763946,-0.14576914856776876,-66.89309802439159,-108.30647738585219,63.930000000000064,435.17119520262463,0.38492597577388965,0.39030955585464333,197,393,153,3163,0,0.3230956624845705,0.2349035725576984,448,295,0.6968749534500275,0.8416622036737179,-2.7001136947224538,-1.3054318833166068,354,389,0.6569678981896373,0.8455948943162588,-3.1136279018322197,-1.2763169348773975,1.3773074321819923,,9,2,-27.738138026061915,-8.944627472970296,-29.737101164237615,-7.957451824275003,-7.653357600269926,0.5758638389273234,-18.19726042183526,1.3773074321819923,-10.031712147311506,5.288727627953304e-94,0.0,False,False,False,False,False,False
ETHUSDT,H4,momentum,0,"{'N': 24, 'k_atr': 2.0, 'R': 2.0, 'H': 48}",0.4860464650272021,0.9395372378886481,1697,521,PASS,250,271,0.9881810285266356,0.8986927279207318,-0.32203415658907397,1.2844471413643839,6.487604931258588,0.4030466736249834,-0.007326275769328941,0.059315711201179275,-0.0666419869705082,-3.8169896758203783,-34.72047521163477,65.35714285714289,400.90638063914224,0.36084452975047987,0.3666026871401152,145,320,56,3150,0,0.674686674092905,0.1653968253968254,289,232,0.9180140110324055,0.8753595272837075,-0.6417514312329827,-0.9987580156449206,226,295,0.9530254100942049,0.8587312969904564,-0.3611788706140642,-1.1421819496398768,6.829879409587013,,9,4,6.829879409587013,-6.322019815756732,6.455058555938535,-13.785747165123349,-8.547894288425399,0.9518810798875874,2.3075400777533206,-7.527241229614774,-15.081931835880978,3.798654442908957e-72,0.0,False,False,False,False,False,False
ETHUSDT,H4,momentum,1,"{'N': 48, 'k_atr': 2.0, 'R': 2.0, 'H': 96}",0.4860464650272021,0.9395372378886481,1141,365,PASS,177,188,1.165249141953938,1.0680034234693092,0.16665417748405306,1.7182783818660277,10.347701636103151,0.21476262290237114,0.10235921088764979,0.05782996854006057,0.04452924234758924,37.36111197399217,16.253173456870073,65.61999999999989,402.70568939931286,0.37534246575342467,0.3780821917808219,129,226,10,3149,0,1.1328017111197497,0.11590981263893299,190,175,1.2215605819739481,0.9198602131421082,1.4930254330868715,-0.6323230950384943,147,218,1.3364672499531762,0.9147824196519302,2.1570997520224178,-0.6743454251551294,12.476626206509946,0.7676424693071981,9,5,12.476626206509946,9.828853133534961,-1.3329947318220845,8.24753596151669,-3.2180776018520505,2.5266663914495338,7.284921619458747,-3.7500776197217105,-15.810279902203968,4.763657814914941e-62,0.0,False,True,False,False,False,False
ETHUSDT,H4,momentum,2,"{'N': 12, 'k_atr': 1.5, 'R': 1.5, 'H': 24}",0.4860464650272021,0.9395372378886481,2635,976,PASS,498,478,1.0745693853544795,0.9375359039670421,-0.2701655619239809,0.16502443316613472,2.2766129125395165,0.36160175031349434,0.03961789374923324,0.07549539193777234,-0.03587749818853911,38.66706429925164,-35.01643823201417,51.5608928571429,319.3073086775607,0.4293032786885246,0.4344262295081967,346,506,124,3153,0,0.6588436873292127,0.309546463685379,541,435,0.9913065683271939,0.8754176773455287,-0.06788440887851246,-1.0480122779712906,415,561,0.9137172874235845,0.9548756638856918,-0.6988844228379586,-0.36369691852866026,17.765242983488697,,9,2,-3.5610273586028613,-3.219387141752347,-2.5617896346179805,-11.03526033015342,17.765242983488697,-16.279195173421932,-11.54921870017261,5.495095766126288,-10.070898642908002,1.953702276801547e-72,0.0,False,True,False,False,False,False
ETHUSDT,H4,macross,0,"{'fast': 10, 'slow': 30, 'ema_trend': 200, 'k_atr': 2.0, 'R': 2.0, 'H': 48}",0.4860464650272021,0.9395372378886481,333,276,PASS,132,144,1.2326656866354069,1.1227599799772576,0.2553699927117063,2.0746157548795052,13.357150987859,0.20503153659068854,0.1358991890857357,0.05996219250903745,0.07593699657669824,37.508176187663054,20.958611055168713,72.36928571428575,413.1705310859654,0.39855072463768115,0.40217391304347827,92,159,25,3133,0,1.2003990698500322,0.08809447813597192,159,117,1.2963160407249559,0.9163794907776576,1.9263869462914964,-0.6537811674122038,126,150,1.3628053204890875,0.9467729700323422,2.2985658082425204,-0.4087428104280712,8.786717367498603,0.4192413965013997,9,7,4.539832751824029,6.41763596068033,8.786717367498603,6.45771765558599,1.2782029364888425,5.550603797960519,-13.691102334424743,-4.459621871444106,6.078624790999248,2.320793988359999e-60,0.0,False,True,True,False,False,False
ETHUSDT,H4,macross,1,"{'fast': 20, 'slow': 50, 'ema_trend': 200, 'k_atr': 2.0, 'R': 2.0, 'H': 96}",0.4860464650272021,0.9395372378886481,203,183,PASS,80,103,1.4084390348779698,1.285110666717043,0.45897230609959255,2.8309278621717007,20.2321198546051,0.1375722444179216,0.2365821732080043,0.06139369959974857,0.1751884736082557,43.29453769706478,32.059490670310794,62.891428571428605,402.47297566432627,0.4207650273224044,0.4207650273224044,74,106,3,3125,0,1.3512701136612288,0.05856,98,85,1.6787478744134094,0.9271267872755358,3.9949393303658765,-0.5685375837047959,76,107,2.018595283247709,0.9139440710157786,5.478647937694259,-0.6773525698388699,12.700040800941133,0.3961398180508903,9,6,5.999494689990058,8.53890709648574,12.700040800941133,11.246294472408104,-2.1337548992206203,2.825116105096916,-10.261964040339903,9.94339623372644,-6.798039788777076,1.02455833848428e-57,0.0,False,True,True,False,False,False
ETHUSDT,H4,macross,2,"{'fast': 10, 'slow': 30, 'ema_trend': 100, 'k_atr': 1.5, 'R': 3.0, 'H': 48}",0.4860464650272021,0.9395372378886481,389,349,PASS,166,183,1.243265242379732,1.1125029707588048,0.24643904346308967,2.912125766614692,15.587197761695517,0.22018680115834063,0.16489855169962073,0.08233253756114943,0.08256601413847132,57.549594543167636,28.81553893432649,50.82749999999987,296.6378606723726,0.3151862464183381,0.3151862464183381,92,236,21,3132,0,1.2633686877896637,0.11143039591315454,186,163,1.3186709557497744,0.9073026684755027,1.9258514176805355,-0.6848315085943663,148,201,1.3567172162127414,0.9542937241352156,2.1232950352999582,-0.3287058021400471,24.18526464696644,0.8393132851718336,9,5,-4.55011752415689,5.607701191867037,24.18526464696644,10.677071889764225,4.794891115633378,1.2092360520543508,-6.497145407877833,-2.537580937284699,-4.07378209263952,2.7316041123444347e-61,0.0,False,True,False,False,False,False
